session,seed,kind,episode,type,variant,can_id,start_s,end_s,planned_frames,acknowledged_frames,skipped_frames,rx_frames_per_episode,observed_start_s,observed_end_s,quality_mask_overlap,primary_type,primary_onset,any_onset,new_onsets,event_types,delayed_methods,core_methods,quality_free_run,period_us,std_us,parameters,dlc_active,range_active,last_good_dlc_s,last_good_range_s,silence_tx_verified,hit_dbc,core_dbc,latency_dbc_s,hit_timeout,core_timeout,latency_timeout_s,hit_period,core_period,latency_period_s,hit_frequency,core_frequency,latency_frequency_s,hit_three_sigma,core_three_sigma,latency_three_sigma_s,hit_burst,core_burst,latency_burst_s,hit_controller,core_controller,latency_controller_s,any_onset_tol_0,any_onset_tol_0.02,any_onset_tol_0.1,injected_gap_min_ms,injected_gap_max_ms,injected_gap_median_ms,predicted_dbc_onsets_from_tx,no_new_onset_expected_due_to_latch
anomalies_smoke_03,42,smoke,E01,frequency_increase,mild,13,15,23,120,120,0,120,14.998369616235893,23.10574019335246,False,frequency_increase,False,True,41,"{""period_violation"": 40, ""statistical_deviation"": 1}",{},"{""period"": 38}",True,99994.36525612485,5335.312179171525,"{""frequency_factor"": 1.5, ""variant"": ""mild"", ""reference_period_s"": 0.1, ""anomalous_period_s"": 0.06666666666666667}",False,False,14.999732577798916,14.999732577798916,,False,False,,False,False,,True,True,0.0,False,False,,True,False,0.0,False,False,,False,False,,True,True,True,,,,,
anomalies_smoke_03,42,smoke,E02,frequency_increase,strong,13,27,35,320,320,0,320,26.99969312335032,35.10704370035989,False,frequency_increase,True,True,5,"{""period_violation"": 1, ""statistical_deviation"": 1, ""frequency_increase"": 1, ""burst"": 2}",{},"{""frequency"": 1, ""burst"": 2}",True,99994.36525612485,5335.312179171525,"{""frequency_factor"": 4.0, ""variant"": ""strong"", ""reference_period_s"": 0.1, ""anomalous_period_s"": 0.025}",False,False,26.99973257779892,26.99973257779892,,False,False,,False,False,,True,False,0.0,True,True,0.5881971615596733,True,False,0.0,True,True,3.0499683935795083,False,False,,True,True,True,,,,,
anomalies_smoke_03,42,smoke,E03,frequency_decrease,half_rate,13,39,47,40,40,0,40,39.001970635591704,47.10303217879688,False,frequency_decrease,True,True,3,"{""period_violation"": 1, ""statistical_deviation"": 1, ""frequency_decrease"": 1}",{},"{""frequency"": 1}",True,99994.36525612485,5335.312179171525,"{""frequency_factor"": 0.5, ""variant"": ""half_rate"", ""reference_period_s"": 0.1, ""anomalous_period_s"": 0.2}",False,False,38.99973257779892,38.99973257779892,,False,False,,False,False,,True,False,0.0,True,True,1.585989524693872,True,False,0.0,False,False,,False,False,,True,True,True,,,,,
anomalies_smoke_03,42,smoke,E04,disappearance,temporary_silence,13,51,59,0,0,0,0,51,59.10431068566875,False,missing_frame,True,True,2,"{""missing_frame"": 1, ""frequency_decrease"": 1}","{""period"": 1, ""three_sigma"": 1}","{""timeout"": 1, ""frequency"": 1}",True,99994.36525612485,5335.312179171525,"{""variant"": ""temporary_silence""}",,,,,True,False,False,,True,True,0.31340280953954647,False,False,,True,True,0.588019285603373,False,False,,False,False,,False,False,,True,True,True,,,,,
anomalies_smoke_03,42,smoke,E05,burst,short,26,63,65,8,8,0,8,62.99725361023788,65,False,burst,True,True,4,"{""period_violation"": 1, ""statistical_deviation"": 1, ""burst"": 1, ""frequency_increase"": 1}",{},"{""frequency"": 1}",True,100009.16425389746,6859.905965583714,"{""count"": 8, ""interval_s"": 0.01, ""variant"": ""short""}",False,False,62.98611029096667,62.98611029096667,,False,False,,False,False,,True,False,0.0,True,True,0.5908301757121848,True,False,0.0,True,False,0.0174390937344171,False,False,,True,True,True,4.0,19.44,11.438,,
anomalies_smoke_03,42,smoke,E06,burst,dense,26,71,73,30,30,0,30,70.99815661509163,73,False,burst,True,True,4,"{""period_violation"": 1, ""statistical_deviation"": 1, ""burst"": 1, ""frequency_increase"": 1}",{},"{""frequency"": 1}",True,100009.16425389746,6859.905965583714,"{""count"": 30, ""interval_s"": 0.01, ""variant"": ""dense""}",False,False,70.98611029096668,70.98611029096668,,False,False,,False,False,,True,False,0.0,True,True,0.5899701710895613,True,False,0.0,True,False,0.016999091369598318,False,False,,True,True,True,2.446,22.005,9.575,,
anomalies_smoke_03,42,smoke,E07,unknown_dbc_id,repeated,2045,79,83,8,8,0,8,79.00099763036162,83,False,unknown_id,True,True,1,"{""unknown_id"": 1}",{},{},True,,,"{""count"": 8, ""interval_s"": 0.05, ""data_hex"": ""DEADBEEF"", ""variant"": ""repeated""}",False,False,,,,True,False,0.0,False,False,,False,False,,False,False,,False,False,,False,False,,False,False,,True,True,True,,,,,
anomalies_smoke_03,42,smoke,E08,dlc_mismatch,shorter,13,87,91,8,8,0,8,86.99639760563628,91,False,dlc_mismatch,True,True,7,"{""dlc_mismatch"": 4, ""period_violation"": 1, ""statistical_deviation"": 1, ""frequency_increase"": 1}",{},"{""dbc"": 2, ""frequency"": 1}",True,99994.36525612485,5335.312179171525,"{""count"": 8, ""interval_s"": 0.05, ""variant"": ""shorter"", ""dbc_dlc"": 8, ""injected_dlc"": 7}",False,False,86.99973257779892,86.99973257779892,,True,True,0.0,False,False,,True,False,0.0,True,True,0.5918151810071635,True,False,0.0,False,False,,False,False,,True,True,True,,,,4,False
anomalies_smoke_03,42,smoke,E09,out_of_range_signal,above_or_below_limit,6,95,99,8,8,0,8,95.00319564217605,99,False,signal_out_of_range,True,True,1,"{""signal_out_of_range"": 1}",{},{},True,,2508.935989821318,"{""count"": 8, ""interval_s"": 0.2, ""variant"": ""above_or_below_limit"", ""signal"": ""AccuFunSpeedIncrease"", ""raw_value"": 101, ""physical_value"": 101.0, ""minimum"": -100, ""maximum"": 100}",False,False,91.14551742983687,91.14551742983687,,True,False,0.0,False,False,,False,False,,False,False,,False,False,,False,False,,False,False,,True,True,True,,,,1,False
anomaly_seed159346_matrix_01,159346,matrix,E01,frequency_increase,mild,127,15,21,75,75,0,75,14.990793476983841,21.033700584251093,False,frequency_increase,False,True,32,"{""period_violation"": 5, ""statistical_deviation"": 27}",{},"{""three_sigma"": 24, ""period"": 3}",False,99998.14118954969,6303.639114486157,"{""frequency_factor"": 1.25, ""variant"": ""mild"", ""reference_period_s"": 0.1, ""anomalous_period_s"": 0.08}",False,False,14.944874705631634,,,False,False,,False,False,,True,True,0.0,False,False,,True,True,0.0,False,False,,False,False,,True,True,True,,,,,
anomaly_seed159346_matrix_01,159346,matrix,E02,frequency_increase,medium,127,25,31,120,120,0,120,24.995058487645668,31.03454758636857,False,frequency_increase,True,True,3,"{""period_violation"": 1, ""statistical_deviation"": 1, ""frequency_increase"": 1}",{},"{""frequency"": 1}",False,99998.14118954969,6303.639114486157,"{""frequency_factor"": 2.0, ""variant"": ""medium"", ""reference_period_s"": 0.1, ""anomalous_period_s"": 0.05}",False,False,24.944874705631637,,,False,False,,False,False,,True,False,0.0,True,True,0.5499823749560555,True,False,0.0,False,False,,False,False,,True,True,True,,,,,
anomaly_seed159346_matrix_01,159346,matrix,E03,frequency_increase,strong,127,35,41,240,240,0,240,35.00006650016642,41.041394603486395,False,frequency_increase,True,True,11,"{""period_violation"": 1, ""statistical_deviation"": 1, ""frequency_increase"": 1, ""burst"": 8}",{},"{""frequency"": 1, ""burst"": 7}",False,99998.14118954969,6303.639114486157,"{""frequency_factor"": 4.0, ""variant"": ""strong"", ""reference_period_s"": 0.1, ""anomalous_period_s"": 0.025}",False,False,34.944874705631634,,,False,False,,False,False,,True,False,0.0,True,True,0.5449993624978049,True,False,0.0,True,True,0.7394088485212436,False,False,,True,True,True,,,,,
anomaly_seed159346_matrix_01,159346,matrix,E04,frequency_decrease,mild,127,45,51,48,48,0,48,44.998752496881046,51.04724061810118,False,frequency_decrease,False,True,21,"{""period_violation"": 10, ""statistical_deviation"": 11}","{""period"": 1}","{""three_sigma"": 9, ""period"": 9}",False,99998.14118954969,6303.639114486157,"{""frequency_factor"": 0.8, ""variant"": ""mild"", ""reference_period_s"": 0.1, ""anomalous_period_s"": 0.125}",False,False,44.94487470563164,,,False,False,,False,False,,True,True,0.0,False,False,,True,True,0.0,False,False,,False,False,,True,True,True,,,,,
anomaly_seed159346_matrix_01,159346,matrix,E05,frequency_decrease,medium,127,55,61,30,30,0,30,54.98918047295077,61.034087585218444,False,frequency_decrease,True,True,3,"{""period_violation"": 1, ""statistical_deviation"": 1, ""frequency_decrease"": 1}",{},"{""frequency"": 1}",False,99998.14118954969,6303.639114486157,"{""frequency_factor"": 0.5, ""variant"": ""medium"", ""reference_period_s"": 0.1, ""anomalous_period_s"": 0.2}",False,False,54.94487470563164,,,False,False,,False,False,,True,False,0.0,True,True,1.5559378898447065,True,False,0.0,False,False,,False,False,,True,True,True,,,,,
anomaly_seed159346_matrix_01,159346,matrix,E06,frequency_decrease,strong,127,65,71,15,15,0,15,64.99960549901346,71.04493561233905,False,frequency_decrease,True,True,18,"{""period_violation"": 1, ""statistical_deviation"": 1, ""missing_frame"": 15, ""frequency_decrease"": 1}",{},"{""timeout"": 14, ""frequency"": 1}",False,99998.14118954969,6303.639114486157,"{""frequency_factor"": 0.25, ""variant"": ""strong"", ""reference_period_s"": 0.1, ""anomalous_period_s"": 0.4}",False,False,64.94487470563163,,,False,False,,True,True,0.3328338320849724,True,False,0.0,True,True,1.5455378638445296,True,False,0.0,False,False,,False,False,,True,True,True,,,,,
anomaly_seed159346_matrix_01,159346,matrix,E07,disappearance,short,127,75,76,0,0,0,0,75,76.03330908327243,False,missing_frame,True,True,2,"{""missing_frame"": 1, ""frequency_decrease"": 1}","{""period"": 1, ""three_sigma"": 1}","{""timeout"": 1, ""frequency"": 1}",False,99998.14118954969,6303.639114486157,"{""variant"": ""short""}",,,,,True,False,False,,True,True,0.24906212265520367,False,False,,True,True,0.5451658629142315,False,False,,False,False,,False,False,,True,True,True,,,,,
anomaly_seed159346_matrix_01,159346,matrix,E08,disappearance,long,127,80,85,0,0,0,0,80,85.03316558291388,False,missing_frame,True,True,2,"{""missing_frame"": 1, ""frequency_decrease"": 1}","{""period"": 1, ""three_sigma"": 1}","{""timeout"": 1, ""frequency"": 1}",False,99998.14118954969,6303.639114486157,"{""variant"": ""long""}",,,,,True,False,False,,True,True,0.2490746226864502,False,False,,True,True,0.5451783629454781,False,False,,False,False,,False,False,,True,True,True,,,,,
anomaly_seed159346_matrix_01,159346,matrix,E09,burst,threshold,385,90,92,4,4,0,4,89.99963199907934,92,False,burst,True,True,3,"{""period_violation"": 1, ""statistical_deviation"": 1, ""burst"": 1}",{},{},False,100000.4463590885,6438.542116865184,"{""count"": 4, ""interval_s"": 0.02, ""variant"": ""threshold""}",False,False,89.99470467470235,89.99470467470235,,False,False,,False,False,,True,False,0.0,False,False,,True,False,0.0,True,False,0.03344808362034257,False,False,,True,True,True,12.008,21.44,19.992,,
anomaly_seed159346_matrix_01,159346,matrix,E10,burst,dense,385,95,97,20,16,4,16,94.98797446993565,97,False,burst,True,True,4,"{""period_violation"": 1, ""statistical_deviation"": 1, ""burst"": 1, ""frequency_increase"": 1}",{},"{""frequency"": 1}",False,100000.4463590885,6438.542116865184,"{""count"": 20, ""interval_s"": 0.01, ""variant"": ""dense""}",False,False,94.99470467470235,94.99470467470235,,False,False,,False,False,,True,False,0.0,True,True,0.5572413931035811,True,False,0.0,True,False,0.03199807999558857,False,False,,True,True,True,2.003,22.418,12.839,,
anomaly_seed159346_matrix_01,159346,matrix,E11,unknown_dbc_id,single,2045,103,104,1,1,0,1,102.99837249593067,104,False,unknown_id,True,True,1,"{""unknown_id"": 1}",{},{},False,,,"{""count"": 1, ""interval_s"": 0.05, ""data_hex"": ""DEADBEEF"", ""variant"": ""single""}",False,False,,,,True,False,0.0,False,False,,False,False,,False,False,,False,False,,False,False,,False,False,,False,True,True,,,,,
anomaly_seed159346_matrix_01,159346,matrix,E12,unknown_dbc_id,repeated,2045,108,110,8,8,0,8,107.9982959957393,110,False,unknown_id,True,True,1,"{""unknown_id"": 1}",{},{},False,,,"{""count"": 8, ""interval_s"": 0.05, ""data_hex"": ""DEADBEEF"", ""variant"": ""repeated""}",False,False,,,,True,False,0.0,False,False,,False,False,,False,False,,False,False,,False,False,,False,False,,False,True,True,,,,,
anomaly_seed159346_matrix_01,159346,matrix,E13,dlc_mismatch,shorter,6,116,118,5,5,0,5,115.99812399530978,118,False,dlc_mismatch,True,True,1,"{""dlc_mismatch"": 1}",{},{},False,,5556.885263075939,"{""count"": 5, ""interval_s"": 0.05, ""variant"": ""shorter"", ""dbc_dlc"": 2, ""injected_dlc"": 1}",False,False,109.74573628087182,109.74573628087182,,True,False,0.0,False,False,,False,False,,False,False,,False,False,,False,False,,False,False,,False,True,True,,,,1,False
anomaly_seed159346_matrix_01,159346,matrix,E14,dlc_mismatch,longer,6,124,126,5,5,0,5,123.99461598653959,126,False,dlc_mismatch,True,True,1,"{""dlc_mismatch"": 1}",{},{},False,,5556.885263075939,"{""count"": 5, ""interval_s"": 0.05, ""variant"": ""longer"", ""dbc_dlc"": 2, ""injected_dlc"": 3}",False,False,119.74573628087182,119.74573628087182,,True,False,0.0,False,False,,False,False,,False,False,,False,False,,False,False,,False,False,,False,True,True,,,,1,False
anomaly_seed159346_matrix_01,159346,matrix,E15,out_of_range_signal,just_above,6,132,134,5,5,0,5,131.99789499473718,134,False,signal_out_of_range,True,True,1,"{""signal_out_of_range"": 1}",{},{},False,,5556.885263075939,"{""count"": 5, ""interval_s"": 0.2, ""direction"": ""above"", ""raw_steps"": 1, ""variant"": ""just_above"", ""signal"": ""AccuFunSpeedIncrease"", ""raw_value"": 101, ""physical_value"": 101.0, ""minimum"": -100, ""maximum"": 100}",False,False,129.74573628087182,129.74573628087182,,True,False,0.0,False,False,,False,False,,False,False,,False,False,,False,False,,False,False,,False,True,True,,,,1,False
anomaly_seed159346_matrix_01,159346,matrix,E16,out_of_range_signal,just_below,6,140,142,5,5,0,5,139.99835299588221,142,False,signal_out_of_range,True,True,1,"{""signal_out_of_range"": 1}",{},{},False,,5556.885263075939,"{""count"": 5, ""interval_s"": 0.2, ""direction"": ""below"", ""raw_steps"": 1, ""variant"": ""just_below"", ""signal"": ""AccuFunSpeedIncrease"", ""raw_value"": -101, ""physical_value"": -101.0, ""minimum"": -100, ""maximum"": 100}",False,False,139.74573628087182,139.74573628087182,,True,False,0.0,False,False,,False,False,,False,False,,False,False,,False,False,,False,False,,False,True,True,,,,1,False
anomaly_seed159346_matrix_01,159346,matrix,E17,out_of_range_signal,far_above,6,148,150,5,5,0,5,147.99765099412744,150,False,signal_out_of_range,False,False,0,{},{},{},False,,5556.885263075939,"{""count"": 5, ""interval_s"": 0.2, ""direction"": ""above"", ""raw_steps"": 10, ""variant"": ""far_above"", ""signal"": ""AccuFunSpeedIncrease"", ""raw_value"": 110, ""physical_value"": 110.0, ""minimum"": -100, ""maximum"": 100}",False,True,140.8,140.8,,False,False,,False,False,,False,False,,False,False,,False,False,,False,False,,False,False,,False,False,False,,,,0,True
anomaly_seed159346_matrix_02,159346,matrix,E01,frequency_increase,mild,127,15,21,75,75,0,75,14.994465673475366,21.034298023583947,False,frequency_increase,False,True,29,"{""period_violation"": 4, ""statistical_deviation"": 25}",{},"{""three_sigma"": 23, ""period"": 3}",True,99998.14118954969,6303.639114486157,"{""frequency_factor"": 1.25, ""variant"": ""mild"", ""reference_period_s"": 0.1, ""anomalous_period_s"": 0.08}",False,False,14.944874705631634,,,False,False,,False,False,,True,True,0.0,False,False,,True,True,0.0,False,False,,False,False,,True,True,True,,,,,
anomaly_seed159346_matrix_02,159346,matrix,E02,frequency_increase,medium,127,25,31,120,120,0,120,24.998878933857743,31.04570869681318,False,frequency_increase,True,True,3,"{""period_violation"": 1, ""statistical_deviation"": 1, ""frequency_increase"": 1}",{},"{""frequency"": 1}",True,99998.14118954969,6303.639114486157,"{""frequency_factor"": 2.0, ""variant"": ""medium"", ""reference_period_s"": 0.1, ""anomalous_period_s"": 0.05}",False,False,24.944874705631637,,,False,False,,False,False,,True,False,0.0,True,True,1.4739679641097716,True,False,0.0,False,False,,False,False,,True,True,True,,,,,
anomaly_seed159346_matrix_02,159346,matrix,E03,frequency_increase,strong,127,35,41,240,240,0,240,34.99887093338518,41.03611913102892,False,frequency_increase,True,True,5,"{""period_violation"": 1, ""statistical_deviation"": 1, ""burst"": 2, ""frequency_increase"": 1}",{},"{""burst"": 2, ""frequency"": 1}",True,99998.14118954969,6303.639114486157,"{""frequency_factor"": 4.0, ""variant"": ""strong"", ""reference_period_s"": 0.1, ""anomalous_period_s"": 0.025}",False,False,34.944874705631634,,,False,False,,False,False,,True,False,0.0,True,True,0.47450699591318823,True,False,0.0,True,True,0.21800886252319884,False,False,,True,True,True,,,,,
anomaly_seed159346_matrix_02,159346,matrix,E04,frequency_decrease,mild,127,45,51,48,48,0,48,45.000284016757405,51.03553209639378,False,frequency_decrease,False,True,25,"{""period_violation"": 12, ""statistical_deviation"": 13}","{""period"": 1}","{""period"": 11, ""three_sigma"": 12}",True,99998.14118954969,6303.639114486157,"{""frequency_factor"": 0.8, ""variant"": ""mild"", ""reference_period_s"": 0.1, ""anomalous_period_s"": 0.125}",False,False,44.94487470563164,,,False,False,,False,False,,True,True,0.0,False,False,,True,True,0.0,False,False,,False,False,,True,True,True,,,,,
anomaly_seed159346_matrix_02,159346,matrix,E05,frequency_decrease,medium,127,55,61,30,30,0,30,54.998694923000805,61.035389087956425,False,frequency_decrease,True,True,3,"{""period_violation"": 1, ""statistical_deviation"": 1, ""frequency_decrease"": 1}",{},"{""frequency"": 1}",True,99998.14118954969,6303.639114486157,"{""frequency_factor"": 0.5, ""variant"": ""medium"", ""reference_period_s"": 0.1, ""anomalous_period_s"": 0.2}",False,False,54.94487470563164,,,False,False,,False,False,,True,False,0.0,True,True,1.4759220794028707,True,False,0.0,False,False,,False,False,,True,True,True,,,,,
anomaly_seed159346_matrix_02,159346,matrix,E06,frequency_decrease,strong,127,65,71,15,15,0,15,64.99768886364323,71.04877987801346,False,frequency_decrease,True,True,18,"{""period_violation"": 1, ""statistical_deviation"": 1, ""missing_frame"": 15, ""frequency_decrease"": 1}",{},"{""timeout"": 14, ""frequency"": 1}",True,99998.14118954969,6303.639114486157,"{""frequency_factor"": 0.25, ""variant"": ""strong"", ""reference_period_s"": 0.1, ""anomalous_period_s"": 0.4}",False,False,64.94487470563163,,,False,False,,True,True,0.3114493755132486,True,False,0.0,True,True,1.4775181735725056,True,False,0.0,False,False,,False,False,,True,True,True,,,,,
anomaly_seed159346_matrix_02,159346,matrix,E07,disappearance,short,127,75,76,0,0,0,0,75,76.04856486532786,False,missing_frame,True,True,2,"{""missing_frame"": 1, ""frequency_decrease"": 1}","{""period"": 1, ""three_sigma"": 1}","{""timeout"": 1, ""frequency"": 1}",True,99998.14118954969,6303.639114486157,"{""variant"": ""short""}",,,,,True,False,False,,True,True,0.2415292502263071,False,False,,True,True,0.4757380685465762,False,False,,False,False,,False,False,,True,True,True,,,,,
anomaly_seed159346_matrix_02,159346,matrix,E08,disappearance,long,127,80,85,0,0,0,0,80,85.05093400510634,False,missing_frame,True,True,2,"{""missing_frame"": 1, ""frequency_decrease"": 1}","{""period"": 1, ""three_sigma"": 1}","{""timeout"": 1, ""frequency"": 1}",True,99998.14118954969,6303.639114486157,"{""variant"": ""long""}",,,,,True,False,False,,True,True,0.2587262648501252,False,False,,True,True,0.47603308595260785,False,False,,False,False,,False,False,,True,True,True,,,,,
anomaly_seed159346_matrix_02,159346,matrix,E09,burst,threshold,385,90,92,4,4,0,4,90.00112506637915,92,False,burst,True,True,3,"{""period_violation"": 1, ""statistical_deviation"": 1, ""burst"": 1}",{},{},True,100000.4463590885,6438.542116865184,"{""count"": 4, ""interval_s"": 0.02, ""variant"": ""threshold""}",False,False,89.99470467470235,89.99470467470235,,False,False,,False,False,,True,False,0.0,False,False,,True,False,0.0,True,False,0.033439972958788644,False,False,,True,True,True,11.997,30.016,21.441,,
anomaly_seed159346_matrix_02,159346,matrix,E10,burst,dense,385,95,97,20,19,1,19,94.99775186736102,97,False,burst,True,True,4,"{""period_violation"": 1, ""statistical_deviation"": 1, ""burst"": 1, ""frequency_increase"": 1}",{},"{""frequency"": 1}",True,100000.4463590885,6438.542116865184,"{""count"": 20, ""interval_s"": 0.01, ""variant"": ""dense""}",False,False,94.99470467470235,94.99470467470235,,False,False,,False,False,,True,False,0.0,True,True,0.4791662708096709,True,False,0.0,True,False,0.017022004297913895,False,False,,True,True,True,1.862,24.001,8.2875,,
anomaly_seed159346_matrix_02,159346,matrix,E11,unknown_dbc_id,single,2045,103,104,1,1,0,1,102.99159950437105,104,False,unknown_id,True,True,1,"{""unknown_id"": 1}",{},{},True,,,"{""count"": 1, ""interval_s"": 0.05, ""data_hex"": ""DEADBEEF"", ""variant"": ""single""}",False,False,,,,True,False,0.0,False,False,,False,False,,False,False,,False,False,,False,False,,False,False,,False,True,True,,,,,
anomaly_seed159346_matrix_02,159346,matrix,E12,unknown_dbc_id,repeated,2045,108,110,8,8,0,8,108.00180610656068,110,False,unknown_id,True,True,1,"{""unknown_id"": 1}",{},{},True,,,"{""count"": 8, ""interval_s"": 0.05, ""data_hex"": ""DEADBEEF"", ""variant"": ""repeated""}",False,False,,,,True,False,0.0,False,False,,False,False,,False,False,,False,False,,False,False,,False,False,,True,True,True,,,,,
anomaly_seed159346_matrix_02,159346,matrix,E13,dlc_mismatch,shorter,6,116,118,5,5,0,5,116.00166509824103,118,False,dlc_mismatch,True,True,1,"{""dlc_mismatch"": 1}",{},{},True,,5556.885263075939,"{""count"": 5, ""interval_s"": 0.05, ""variant"": ""shorter"", ""dbc_dlc"": 2, ""injected_dlc"": 1}",False,False,109.74573628087182,109.74573628087182,,True,False,0.0,False,False,,False,False,,False,False,,False,False,,False,False,,False,False,,True,True,True,,,,1,False
anomaly_seed159346_matrix_02,159346,matrix,E14,dlc_mismatch,longer,6,124,126,5,5,0,5,124.0028731695172,126,False,dlc_mismatch,True,True,1,"{""dlc_mismatch"": 1}",{},{},True,,5556.885263075939,"{""count"": 5, ""interval_s"": 0.05, ""variant"": ""longer"", ""dbc_dlc"": 2, ""injected_dlc"": 3}",False,False,119.74573628087182,119.74573628087182,,True,False,0.0,False,False,,False,False,,False,False,,False,False,,False,False,,False,False,,True,True,True,,,,1,False
anomaly_seed159346_matrix_02,159346,matrix,E15,out_of_range_signal,just_above,6,132,134,5,5,0,5,131.9951817157219,134,False,signal_out_of_range,True,True,1,"{""signal_out_of_range"": 1}",{},{},True,,5556.885263075939,"{""count"": 5, ""interval_s"": 0.2, ""direction"": ""above"", ""raw_steps"": 1, ""variant"": ""just_above"", ""signal"": ""AccuFunSpeedIncrease"", ""raw_value"": 101, ""physical_value"": 101.0, ""minimum"": -100, ""maximum"": 100}",False,False,129.74573628087182,129.74573628087182,,True,False,0.0,False,False,,False,False,,False,False,,False,False,,False,False,,False,False,,False,True,True,,,,1,False
anomaly_seed159346_matrix_02,159346,matrix,E16,out_of_range_signal,just_below,6,140,142,5,5,0,5,140.0046722756647,142,False,signal_out_of_range,True,True,1,"{""signal_out_of_range"": 1}",{},{},True,,5556.885263075939,"{""count"": 5, ""interval_s"": 0.2, ""direction"": ""below"", ""raw_steps"": 1, ""variant"": ""just_below"", ""signal"": ""AccuFunSpeedIncrease"", ""raw_value"": -101, ""physical_value"": -101.0, ""minimum"": -100, ""maximum"": 100}",False,False,139.74573628087182,139.74573628087182,,True,False,0.0,False,False,,False,False,,False,False,,False,False,,False,False,,False,False,,True,True,True,,,,1,False
anomaly_seed159346_matrix_02,159346,matrix,E17,out_of_range_signal,far_above,6,148,150,5,5,0,5,148.0044232609725,150,False,signal_out_of_range,False,False,0,{},{},{},True,,5556.885263075939,"{""count"": 5, ""interval_s"": 0.2, ""direction"": ""above"", ""raw_steps"": 10, ""variant"": ""far_above"", ""signal"": ""AccuFunSpeedIncrease"", ""raw_value"": 110, ""physical_value"": 110.0, ""minimum"": -100, ""maximum"": 100}",False,True,140.8,140.8,,False,False,,False,False,,False,False,,False,False,,False,False,,False,False,,False,False,,False,False,False,,,,0,True
anomaly_seed159346_matrix_03,159346,matrix,E01,frequency_increase,mild,127,15,21,75,75,0,75,15.004927759269709,21.043867229200938,False,frequency_increase,False,True,33,"{""period_violation"": 8, ""statistical_deviation"": 25}","{""three_sigma"": 1}","{""three_sigma"": 24, ""period"": 7}",True,99998.14118954969,6303.639114486157,"{""frequency_factor"": 1.25, ""variant"": ""mild"", ""reference_period_s"": 0.1, ""anomalous_period_s"": 0.08}",False,False,14.944874705631634,,,False,False,,False,False,,True,True,0.0,False,False,,True,True,0.0,False,False,,False,False,,True,True,True,,,,,
anomaly_seed159346_matrix_03,159346,matrix,E02,frequency_increase,medium,127,25,31,120,120,0,120,25.0055893104283,31.056938567609507,False,frequency_increase,True,True,3,"{""period_violation"": 1, ""statistical_deviation"": 1, ""frequency_increase"": 1}",{},"{""frequency"": 1}",True,99998.14118954969,6303.639114486157,"{""frequency_factor"": 2.0, ""variant"": ""medium"", ""reference_period_s"": 0.1, ""anomalous_period_s"": 0.05}",False,False,24.944874705631637,,,False,False,,False,False,,True,False,0.0,True,True,1.3648746009308717,True,False,0.0,False,False,,False,False,,True,True,True,,,,,
anomaly_seed159346_matrix_03,159346,matrix,E03,frequency_increase,strong,127,35,41,240,240,0,240,35.00479888647876,41.05059023894346,False,frequency_increase,True,True,10,"{""period_violation"": 1, ""statistical_deviation"": 1, ""frequency_increase"": 1, ""burst"": 7}",{},"{""frequency"": 1, ""burst"": 6}",True,99998.14118954969,6303.639114486157,"{""frequency_factor"": 4.0, ""variant"": ""strong"", ""reference_period_s"": 0.1, ""anomalous_period_s"": 0.025}",False,False,34.944874705631634,,,False,False,,False,False,,True,False,0.0,True,True,0.3655107337755368,True,False,0.0,True,True,0.7435692524346891,False,False,,True,True,True,,,,,
anomaly_seed159346_matrix_03,159346,matrix,E04,frequency_decrease,mild,127,45,51,48,48,0,48,45.00489044740896,51.04383391727206,False,frequency_decrease,False,True,13,"{""period_violation"": 7, ""statistical_deviation"": 6}","{""period"": 1}","{""period"": 6, ""three_sigma"": 5}",True,99998.14118954969,6303.639114486157,"{""frequency_factor"": 0.8, ""variant"": ""mild"", ""reference_period_s"": 0.1, ""anomalous_period_s"": 0.125}",False,False,44.94487470563164,,,False,False,,False,False,,True,True,0.0,False,False,,True,True,0.0,False,False,,False,False,,True,True,True,,,,,
anomaly_seed159346_matrix_03,159346,matrix,E05,frequency_decrease,medium,127,55,61,30,30,0,30,55.004102023425816,61.05589027308051,False,frequency_decrease,True,True,3,"{""period_violation"": 1, ""statistical_deviation"": 1, ""frequency_decrease"": 1}",{},"{""frequency"": 1}",True,99998.14118954969,6303.639114486157,"{""frequency_factor"": 0.5, ""variant"": ""medium"", ""reference_period_s"": 0.1, ""anomalous_period_s"": 0.2}",False,False,54.94487470563164,,,False,False,,False,False,,True,False,0.0,True,True,1.3658475842504458,True,False,0.0,False,False,,False,False,,True,True,True,,,,,
anomaly_seed159346_matrix_03,159346,matrix,E06,frequency_decrease,strong,127,65,71,15,15,0,15,65.0047515747897,71.04354104729259,False,frequency_decrease,True,True,18,"{""period_violation"": 1, ""statistical_deviation"": 1, ""missing_frame"": 15, ""frequency_decrease"": 1}",{},"{""timeout"": 14, ""frequency"": 1}",True,99998.14118954969,6303.639114486157,"{""frequency_factor"": 0.25, ""variant"": ""strong"", ""reference_period_s"": 0.1, ""anomalous_period_s"": 0.4}",False,False,64.94487470563163,,,False,False,,True,True,0.32798637708400236,True,False,0.0,True,True,1.3650265983255991,True,False,0.0,False,False,,False,False,,True,True,True,,,,,
anomaly_seed159346_matrix_03,159346,matrix,E07,disappearance,short,127,75,76,0,0,0,0,75,76.04594828727343,False,missing_frame,True,True,1,"{""missing_frame"": 1}","{""period"": 1, ""three_sigma"": 1, ""frequency"": 1}","{""timeout"": 1}",True,99998.14118954969,6303.639114486157,"{""variant"": ""short""}",,,,,True,False,False,,True,True,0.26091574567510634,False,False,,False,False,,False,False,,False,False,,False,False,,True,True,True,,,,,
anomaly_seed159346_matrix_03,159346,matrix,E08,disappearance,long,127,80,85,0,0,0,0,80,85.04305404314172,False,missing_frame,True,True,2,"{""missing_frame"": 1, ""frequency_decrease"": 1}","{""period"": 1, ""three_sigma"": 1}","{""timeout"": 1, ""frequency"": 1}",True,99998.14118954969,6303.639114486157,"{""variant"": ""long""}",,,,,True,False,False,,True,True,0.2602180388865918,False,False,,True,True,1.3695210212738402,False,False,,False,False,,False,False,,True,True,True,,,,,
anomaly_seed159346_matrix_03,159346,matrix,E09,burst,threshold,385,90,92,4,4,0,4,90.00744593484868,92,False,burst,True,True,3,"{""period_violation"": 1, ""statistical_deviation"": 1, ""burst"": 1}",{},{},True,100000.4463590885,6438.542116865184,"{""count"": 4, ""interval_s"": 0.02, ""variant"": ""threshold""}",False,False,89.99470467470235,89.99470467470235,,False,False,,False,False,,True,False,0.0,False,False,,True,False,0.0,True,False,0.03341842708225329,False,False,,True,True,True,11.999,21.42,17.001,,
anomaly_seed159346_matrix_03,159346,matrix,E10,burst,dense,385,95,97,20,20,0,20,95.0036922804501,97,False,burst,True,True,4,"{""period_violation"": 1, ""statistical_deviation"": 1, ""burst"": 1, ""frequency_increase"": 1}",{},"{""frequency"": 1}",True,100000.4463590885,6438.542116865184,"{""count"": 20, ""interval_s"": 0.01, ""variant"": ""dense""}",False,False,94.99470467470235,94.99470467470235,,False,False,,False,False,,True,False,0.0,True,True,0.36558873243838264,True,False,0.0,True,False,0.016418718522089648,False,False,,True,True,True,2.003,19.425,8.999,,
anomaly_seed159346_matrix_03,159346,matrix,E11,unknown_dbc_id,single,2045,103,104,1,1,0,1,103.0043501191722,104,False,unknown_id,True,True,1,"{""unknown_id"": 1}",{},{},True,,,"{""count"": 1, ""interval_s"": 0.05, ""data_hex"": ""DEADBEEF"", ""variant"": ""single""}",False,False,,,,True,False,0.0,False,False,,False,False,,False,False,,False,False,,False,False,,False,False,,True,True,True,,,,,
anomaly_seed159346_matrix_03,159346,matrix,E12,unknown_dbc_id,repeated,2045,108,110,8,8,0,8,108.0035934133952,110,False,unknown_id,True,True,1,"{""unknown_id"": 1}",{},{},True,,,"{""count"": 8, ""interval_s"": 0.05, ""data_hex"": ""DEADBEEF"", ""variant"": ""repeated""}",False,False,,,,True,False,0.0,False,False,,False,False,,False,False,,False,False,,False,False,,False,False,,True,True,True,,,,,
anomaly_seed159346_matrix_03,159346,matrix,E13,dlc_mismatch,shorter,6,116,118,5,5,0,5,116.00184629334713,118,False,dlc_mismatch,True,True,1,"{""dlc_mismatch"": 1}",{},{},True,,5556.885263075939,"{""count"": 5, ""interval_s"": 0.05, ""variant"": ""shorter"", ""dbc_dlc"": 2, ""injected_dlc"": 1}",False,False,109.74573628087182,109.74573628087182,,True,False,0.0,False,False,,False,False,,False,False,,False,False,,False,False,,False,False,,True,True,True,,,,1,False
anomaly_seed159346_matrix_03,159346,matrix,E14,dlc_mismatch,longer,6,124,126,5,5,0,5,123.99960418178576,126,False,dlc_mismatch,True,True,1,"{""dlc_mismatch"": 1}",{},{},True,,5556.885263075939,"{""count"": 5, ""interval_s"": 0.05, ""variant"": ""longer"", ""dbc_dlc"": 2, ""injected_dlc"": 3}",False,False,119.74573628087182,119.74573628087182,,True,False,0.0,False,False,,False,False,,False,False,,False,False,,False,False,,False,False,,False,True,True,,,,1,False
anomaly_seed159346_matrix_03,159346,matrix,E15,out_of_range_signal,just_above,6,132,134,5,5,0,5,132.00188499268413,134,False,signal_out_of_range,True,True,1,"{""signal_out_of_range"": 1}",{},{},True,,5556.885263075939,"{""count"": 5, ""interval_s"": 0.2, ""direction"": ""above"", ""raw_steps"": 1, ""variant"": ""just_above"", ""signal"": ""AccuFunSpeedIncrease"", ""raw_value"": 101, ""physical_value"": 101.0, ""minimum"": -100, ""maximum"": 100}",False,False,129.74573628087182,129.74573628087182,,True,False,0.0,False,False,,False,False,,False,False,,False,False,,False,False,,False,False,,True,True,True,,,,1,False
anomaly_seed159346_matrix_03,159346,matrix,E16,out_of_range_signal,just_below,6,140,142,5,5,0,5,140.00160384750347,142,False,signal_out_of_range,True,True,1,"{""signal_out_of_range"": 1}",{},{},True,,5556.885263075939,"{""count"": 5, ""interval_s"": 0.2, ""direction"": ""below"", ""raw_steps"": 1, ""variant"": ""just_below"", ""signal"": ""AccuFunSpeedIncrease"", ""raw_value"": -101, ""physical_value"": -101.0, ""minimum"": -100, ""maximum"": 100}",False,False,139.74573628087182,139.74573628087182,,True,False,0.0,False,False,,False,False,,False,False,,False,False,,False,False,,False,False,,True,True,True,,,,1,False
anomaly_seed159346_matrix_03,159346,matrix,E17,out_of_range_signal,far_above,6,148,150,5,5,0,5,148.0007457122157,150,False,signal_out_of_range,False,False,0,{},{},{},True,,5556.885263075939,"{""count"": 5, ""interval_s"": 0.2, ""direction"": ""above"", ""raw_steps"": 10, ""variant"": ""far_above"", ""signal"": ""AccuFunSpeedIncrease"", ""raw_value"": 110, ""physical_value"": 110.0, ""minimum"": -100, ""maximum"": 100}",False,True,140.8,140.8,,False,False,,False,False,,False,False,,False,False,,False,False,,False,False,,False,False,,False,False,False,,,,0,True
anomaly_seed42_matrix_01,42,matrix,E01,frequency_increase,mild,13,15,21,75,75,0,75,15.003043126202806,21.109231904558502,False,frequency_increase,False,True,25,"{""period_violation"": 5, ""statistical_deviation"": 20}","{""period"": 1, ""three_sigma"": 1}","{""three_sigma"": 19, ""period"": 4}",False,99994.36525612485,5335.312179171525,"{""frequency_factor"": 1.25, ""variant"": ""mild"", ""reference_period_s"": 0.1, ""anomalous_period_s"": 0.08}",False,False,14.999732577798916,14.999732577798916,,False,False,,False,False,,True,True,0.0,False,False,,True,True,0.0,False,False,,False,False,,True,True,True,,,,,
anomaly_seed42_matrix_01,42,matrix,E02,frequency_increase,medium,13,25,31,120,120,0,120,25.01409105983141,31.107089570807958,False,frequency_increase,True,True,3,"{""period_violation"": 1, ""statistical_deviation"": 1, ""frequency_increase"": 1}",{},"{""frequency"": 1}",False,99994.36525612485,5335.312179171525,"{""frequency_factor"": 2.0, ""variant"": ""medium"", ""reference_period_s"": 0.1, ""anomalous_period_s"": 0.05}",False,False,24.99973257779892,24.99973257779892,,False,False,,False,False,,True,False,0.0,True,True,1.3878171323966626,True,False,0.0,False,False,,False,False,,True,True,True,,,,,
anomaly_seed42_matrix_01,42,matrix,E03,frequency_increase,strong,13,35,41,240,240,0,240,35.00411756733671,41.11169637387089,False,frequency_increase,True,True,6,"{""period_violation"": 1, ""statistical_deviation"": 1, ""frequency_increase"": 1, ""burst"": 3}",{},"{""frequency"": 1, ""burst"": 3}",False,99994.36525612485,5335.312179171525,"{""frequency_factor"": 4.0, ""variant"": ""strong"", ""reference_period_s"": 0.1, ""anomalous_period_s"": 0.025}",False,False,34.999732577798916,34.999732577798916,,False,False,,False,False,,True,False,0.0,True,True,0.3979730672993256,True,False,0.0,True,True,1.6745669450937726,False,False,,True,True,True,,,,,
anomaly_seed42_matrix_01,42,matrix,E04,frequency_decrease,mild,13,45,51,48,48,0,48,44.999704187550485,51.109724043565826,False,frequency_decrease,False,True,13,"{""period_violation"": 8, ""statistical_deviation"": 5}","{""period"": 1}","{""period"": 7, ""three_sigma"": 4}",False,99994.36525612485,5335.312179171525,"{""frequency_factor"": 0.8, ""variant"": ""mild"", ""reference_period_s"": 0.1, ""anomalous_period_s"": 0.125}",False,False,44.99973257779892,44.99973257779892,,False,False,,False,False,,True,True,0.0,False,False,,True,True,0.0,False,False,,False,False,,True,True,True,,,,,
anomaly_seed42_matrix_01,42,matrix,E05,frequency_decrease,medium,13,55,61,30,30,0,30,54.99973489785041,61.110754774137334,True,frequency_decrease,True,True,7,"{""period_violation"": 2, ""statistical_deviation"": 2, ""frequency_decrease"": 2, ""missing_frame"": 1}",{},"{""frequency"": 2, ""period"": 1, ""three_sigma"": 1}",False,99994.36525612485,5335.312179171525,"{""frequency_factor"": 0.5, ""variant"": ""medium"", ""reference_period_s"": 0.1, ""anomalous_period_s"": 0.2}",False,False,54.99973257779892,54.99973257779892,,False,False,,True,False,6.103436722570358,True,True,0.0,True,True,1.4027814357375377,True,True,0.0,False,False,,False,False,,True,True,True,,,,,
anomaly_seed42_matrix_01,42,matrix,E06,frequency_decrease,strong,13,65,71,15,15,0,15,65.01476391218104,71.11578358575395,False,frequency_decrease,True,True,18,"{""period_violation"": 1, ""statistical_deviation"": 1, ""missing_frame"": 15, ""frequency_decrease"": 1}",{},"{""timeout"": 14, ""frequency"": 1}",False,99994.36525612485,5335.312179171525,"{""frequency_factor"": 0.25, ""variant"": ""strong"", ""reference_period_s"": 0.1, ""anomalous_period_s"": 0.4}",False,False,64.99973257779892,64.99973257779892,,False,False,,True,True,0.31994848566550615,True,False,0.0,True,True,0.7202436000352463,True,False,0.0,False,False,,False,False,,True,True,True,,,,,
anomaly_seed42_matrix_01,42,matrix,E07,disappearance,short,13,75,76,0,0,0,0,75,76.11321488852283,False,missing_frame,True,True,2,"{""missing_frame"": 1, ""frequency_decrease"": 1}","{""period"": 1, ""three_sigma"": 1}","{""timeout"": 1, ""frequency"": 1}",False,99994.36525612485,5335.312179171525,"{""variant"": ""short""}",,,,,True,False,False,,True,True,0.3127846630281823,False,False,,True,True,0.7352102260029199,False,False,,False,False,,False,False,,True,True,True,,,,,
anomaly_seed42_matrix_01,42,matrix,E08,disappearance,long,13,80,85,0,0,0,0,80,85.1128203192335,False,missing_frame,True,True,2,"{""missing_frame"": 1, ""frequency_decrease"": 1}","{""period"": 1, ""three_sigma"": 1}","{""timeout"": 1, ""frequency"": 1}",False,99994.36525612485,5335.312179171525,"{""variant"": ""long""}",,,,,True,False,False,,True,True,0.3188071399482766,False,False,,True,True,0.7353115828962302,False,False,,False,False,,False,False,,True,True,True,,,,,
anomaly_seed42_matrix_01,42,matrix,E09,burst,threshold,26,90,92,4,4,0,4,90.004267473602,92,False,burst,False,True,2,"{""period_violation"": 1, ""statistical_deviation"": 1}",{},{},False,100009.16425389746,6859.905965583714,"{""count"": 4, ""interval_s"": 0.02, ""variant"": ""threshold""}",False,False,89.98611029096668,89.98611029096668,,False,False,,False,False,,True,False,0.0,False,False,,True,False,0.0,False,False,,False,False,,True,True,True,20.559,27.998,20.597,,
anomaly_seed42_matrix_01,42,matrix,E10,burst,dense,26,95,97,20,19,1,19,95.00428182873135,97,False,burst,True,True,4,"{""period_violation"": 1, ""statistical_deviation"": 1, ""burst"": 1, ""frequency_increase"": 1}",{},"{""frequency"": 1}",False,100009.16425389746,6859.905965583714,"{""count"": 20, ""interval_s"": 0.01, ""variant"": ""dense""}",False,False,94.98611029096668,94.98611029096668,,False,False,,False,False,,True,False,0.0,True,True,0.7313338248448105,True,False,0.0,True,False,0.017153347715648692,False,False,,True,True,True,1.858,20.14,10.5805,,
anomaly_seed42_matrix_01,42,matrix,E11,unknown_dbc_id,single,2045,103,104,1,1,0,1,103.0157982299221,104,False,unknown_id,True,True,1,"{""unknown_id"": 1}",{},{},False,,,"{""count"": 1, ""interval_s"": 0.05, ""data_hex"": ""DEADBEEF"", ""variant"": ""single""}",False,False,,,,True,False,0.0,False,False,,False,False,,False,False,,False,False,,False,False,,False,False,,True,True,True,,,,,
anomaly_seed42_matrix_01,42,matrix,E12,unknown_dbc_id,repeated,2045,108,110,8,8,0,8,108.00425735081653,110,False,unknown_id,True,True,1,"{""unknown_id"": 1}",{},{},False,,,"{""count"": 8, ""interval_s"": 0.05, ""data_hex"": ""DEADBEEF"", ""variant"": ""repeated""}",False,False,,,,True,False,0.0,False,False,,False,False,,False,False,,False,False,,False,False,,False,False,,True,True,True,,,,,
anomaly_seed42_matrix_01,42,matrix,E13,dlc_mismatch,shorter,13,116,118,5,5,0,5,116.0124716850702,118,False,dlc_mismatch,True,True,5,"{""dlc_mismatch"": 3, ""period_violation"": 1, ""statistical_deviation"": 1}",{},"{""dbc"": 1}",False,99994.36525612485,5335.312179171525,"{""count"": 5, ""interval_s"": 0.05, ""variant"": ""shorter"", ""dbc_dlc"": 8, ""injected_dlc"": 7}",False,False,115.99973257779892,115.99973257779892,,True,True,0.0,False,False,,True,False,0.0,False,False,,True,False,0.0,False,False,,False,False,,True,True,True,,,,3,False
anomaly_seed42_matrix_01,42,matrix,E14,dlc_mismatch,longer,1034,124,126,5,5,0,5,124.00682973844405,126,False,dlc_mismatch,True,True,1,"{""dlc_mismatch"": 1}",{},{},False,,2816.914603365115,"{""count"": 5, ""interval_s"": 0.05, ""variant"": ""longer"", ""dbc_dlc"": 1, ""injected_dlc"": 2}",False,False,121.5284131934826,121.5284131934826,,True,False,0.0,False,False,,False,False,,False,False,,False,False,,False,False,,False,False,,True,True,True,,,,1,False
anomaly_seed42_matrix_01,42,matrix,E15,out_of_range_signal,just_above,6,132,134,5,5,0,5,132.0064298980816,134,False,signal_out_of_range,True,True,1,"{""signal_out_of_range"": 1}",{},{},False,,2508.935989821318,"{""count"": 5, ""interval_s"": 0.2, ""direction"": ""above"", ""raw_steps"": 1, ""variant"": ""just_above"", ""signal"": ""AccuFunSpeedIncrease"", ""raw_value"": 101, ""physical_value"": 101.0, ""minimum"": -100, ""maximum"": 100}",False,False,131.14551742983687,131.14551742983687,,True,False,0.0,False,False,,False,False,,False,False,,False,False,,False,False,,False,False,,True,True,True,,,,1,False
anomaly_seed42_matrix_01,42,matrix,E16,out_of_range_signal,just_below,6,140,142,5,5,0,5,140.01445322846425,142,False,signal_out_of_range,False,False,0,{},{},{},False,,2508.935989821318,"{""count"": 5, ""interval_s"": 0.2, ""direction"": ""below"", ""raw_steps"": 1, ""variant"": ""just_below"", ""signal"": ""AccuFunSpeedIncrease"", ""raw_value"": -101, ""physical_value"": -101.0, ""minimum"": -100, ""maximum"": 100}",False,True,132.8,132.8,,False,False,,False,False,,False,False,,False,False,,False,False,,False,False,,False,False,,False,False,False,,,,0,True
anomaly_seed42_matrix_01,42,matrix,E17,out_of_range_signal,far_above,6,148,150,5,5,0,5,148.0064902347883,150,False,signal_out_of_range,True,True,1,"{""signal_out_of_range"": 1}",{},{},False,,2508.935989821318,"{""count"": 5, ""interval_s"": 0.2, ""direction"": ""above"", ""raw_steps"": 10, ""variant"": ""far_above"", ""signal"": ""AccuFunSpeedIncrease"", ""raw_value"": 110, ""physical_value"": 110.0, ""minimum"": -100, ""maximum"": 100}",False,False,141.14551742983687,141.14551742983687,,True,False,0.0,False,False,,False,False,,False,False,,False,False,,False,False,,False,False,,True,True,True,,,,1,False
anomaly_seed42_matrix_02,42,matrix,E01,frequency_increase,mild,13,15,21,75,75,0,75,15.00070381094312,21.100165315885434,False,frequency_increase,False,True,27,"{""period_violation"": 6, ""statistical_deviation"": 21}","{""period"": 1}","{""period"": 5, ""three_sigma"": 20}",False,99994.36525612485,5335.312179171525,"{""frequency_factor"": 1.25, ""variant"": ""mild"", ""reference_period_s"": 0.1, ""anomalous_period_s"": 0.08}",False,False,14.999732577798916,14.999732577798916,,False,False,,False,False,,True,True,0.0,False,False,,True,True,0.0,False,False,,False,False,,True,True,True,,,,,
anomaly_seed42_matrix_02,42,matrix,E02,frequency_increase,medium,13,25,31,120,120,0,120,24.99966668823793,31.10596817804497,False,frequency_increase,True,True,3,"{""period_violation"": 1, ""statistical_deviation"": 1, ""frequency_increase"": 1}",{},"{""frequency"": 1}",False,99994.36525612485,5335.312179171525,"{""frequency_factor"": 2.0, ""variant"": ""medium"", ""reference_period_s"": 0.1, ""anomalous_period_s"": 0.05}",False,False,24.99973257779892,24.99973257779892,,False,False,,False,False,,True,False,0.0,True,True,1.091258585589955,True,False,0.0,False,False,,False,False,,True,True,True,,,,,
anomaly_seed42_matrix_02,42,matrix,E03,frequency_increase,strong,13,35,41,240,240,0,240,34.9993295639845,41.10230006116147,False,frequency_increase,True,True,6,"{""period_violation"": 1, ""statistical_deviation"": 1, ""frequency_increase"": 1, ""burst"": 3}",{},"{""frequency"": 1, ""burst"": 3}",False,99994.36525612485,5335.312179171525,"{""frequency_factor"": 4.0, ""variant"": ""strong"", ""reference_period_s"": 0.1, ""anomalous_period_s"": 0.025}",False,False,34.999732577798916,34.999732577798916,,False,False,,False,False,,True,False,0.0,True,True,1.0915735848923376,True,False,0.0,True,True,1.7935230318301052,False,False,,True,True,True,,,,,
anomaly_seed42_matrix_02,42,matrix,E04,frequency_decrease,mild,13,45,51,48,48,0,48,45.00269343154044,51.10315293427421,False,frequency_decrease,False,True,26,"{""period_violation"": 13, ""statistical_deviation"": 13}",{},"{""three_sigma"": 11, ""period"": 11}",False,99994.36525612485,5335.312179171525,"{""frequency_factor"": 0.8, ""variant"": ""mild"", ""reference_period_s"": 0.1, ""anomalous_period_s"": 0.125}",False,False,44.99973257779892,44.99973257779892,,False,False,,False,False,,True,True,0.0,False,False,,True,True,0.0,False,False,,False,False,,True,True,True,,,,,
anomaly_seed42_matrix_02,42,matrix,E05,frequency_decrease,medium,13,55,61,30,30,0,30,55.003074305697766,61.099376817629484,True,frequency_decrease,True,True,7,"{""period_violation"": 2, ""statistical_deviation"": 2, ""frequency_decrease"": 2, ""missing_frame"": 1}",{},"{""frequency"": 2, ""period"": 1, ""three_sigma"": 1}",False,99994.36525612485,5335.312179171525,"{""frequency_factor"": 0.5, ""variant"": ""medium"", ""reference_period_s"": 0.1, ""anomalous_period_s"": 0.2}",False,False,54.99973257779892,54.99973257779892,,False,False,,True,False,6.0897365264589425,True,True,0.0,True,True,1.0877845932769787,True,True,0.0,False,False,,False,False,,True,True,True,,,,,
anomaly_seed42_matrix_02,42,matrix,E06,frequency_decrease,strong,13,65,71,15,15,0,15,65.00029818684075,71.09764869645203,False,frequency_decrease,True,True,18,"{""period_violation"": 1, ""statistical_deviation"": 1, ""missing_frame"": 15, ""frequency_decrease"": 1}",{},"{""timeout"": 14, ""frequency"": 1}",False,99994.36525612485,5335.312179171525,"{""frequency_factor"": 0.25, ""variant"": ""strong"", ""reference_period_s"": 0.1, ""anomalous_period_s"": 0.4}",False,False,64.99973257779892,64.99973257779892,,False,False,,True,True,0.31399430528801986,True,False,0.0,True,True,0.9401299199622741,True,False,0.0,False,False,,False,False,,True,True,True,,,,,
anomaly_seed42_matrix_02,42,matrix,E07,disappearance,short,13,75,76,0,0,0,0,75,76.09967262947542,False,missing_frame,True,True,2,"{""missing_frame"": 1, ""frequency_decrease"": 1}","{""period"": 1, ""three_sigma"": 1}","{""timeout"": 1}",False,99994.36525612485,5335.312179171525,"{""variant"": ""short""}",,,,,True,False,False,,True,True,0.31309536977617825,False,False,,True,False,0.940405981851967,False,False,,False,False,,False,False,,True,True,True,,,,,
anomaly_seed42_matrix_02,42,matrix,E08,disappearance,long,13,80,85,0,0,0,0,80,85.1059007031955,False,missing_frame,True,True,2,"{""missing_frame"": 1, ""frequency_decrease"": 1}","{""period"": 1, ""three_sigma"": 1}","{""timeout"": 1, ""frequency"": 1}",False,99994.36525612485,5335.312179171525,"{""variant"": ""long""}",,,,,True,False,False,,True,True,0.2999883362767122,False,False,,True,True,0.9403949193764447,False,False,,False,False,,False,False,,True,True,True,,,,,
anomaly_seed42_matrix_02,42,matrix,E09,burst,threshold,26,90,92,4,4,0,4,90.00179787102343,92,False,burst,True,True,3,"{""period_violation"": 1, ""statistical_deviation"": 1, ""burst"": 1}",{},{},False,100009.16425389746,6859.905965583714,"{""count"": 4, ""interval_s"": 0.02, ""variant"": ""threshold""}",False,False,89.98611029096668,89.98611029096668,,False,False,,False,False,,True,False,0.0,False,False,,True,False,0.0,True,False,0.03341792606191518,False,False,,True,True,True,12.42,21.581,20.998,,
anomaly_seed42_matrix_02,42,matrix,E10,burst,dense,26,95,97,20,19,1,19,95.00069981095234,97,False,burst,True,True,4,"{""period_violation"": 1, ""statistical_deviation"": 1, ""burst"": 1, ""frequency_increase"": 1}",{},"{""frequency"": 1}",False,100009.16425389746,6859.905965583714,"{""count"": 20, ""interval_s"": 0.01, ""variant"": ""dense""}",False,False,94.98611029096668,94.98611029096668,,False,False,,False,False,,True,False,0.0,True,True,0.939661920997537,True,False,0.0,True,False,0.017998960176981882,False,False,,True,True,True,2.419,18.435,10.565999999999999,,
anomaly_seed42_matrix_02,42,matrix,E11,unknown_dbc_id,single,2045,103,104,1,1,0,1,102.99205813007201,104,False,unknown_id,True,True,1,"{""unknown_id"": 1}",{},{},False,,,"{""count"": 1, ""interval_s"": 0.05, ""data_hex"": ""DEADBEEF"", ""variant"": ""single""}",False,False,,,,True,False,0.0,False,False,,False,False,,False,False,,False,False,,False,False,,False,False,,False,True,True,,,,,
anomaly_seed42_matrix_02,42,matrix,E12,unknown_dbc_id,repeated,2045,108,110,8,8,0,8,108.00097404784448,110,False,unknown_id,True,True,1,"{""unknown_id"": 1}",{},{},False,,,"{""count"": 8, ""interval_s"": 0.05, ""data_hex"": ""DEADBEEF"", ""variant"": ""repeated""}",False,False,,,,True,False,0.0,False,False,,False,False,,False,False,,False,False,,False,False,,False,False,,True,True,True,,,,,
anomaly_seed42_matrix_02,42,matrix,E13,dlc_mismatch,shorter,13,116,118,5,5,0,5,116.00127634717666,118,False,dlc_mismatch,True,True,5,"{""dlc_mismatch"": 3, ""period_violation"": 1, ""statistical_deviation"": 1}",{},"{""dbc"": 1}",False,99994.36525612485,5335.312179171525,"{""count"": 5, ""interval_s"": 0.05, ""variant"": ""shorter"", ""dbc_dlc"": 8, ""injected_dlc"": 7}",False,False,115.99973257779892,115.99973257779892,,True,True,0.0,False,False,,True,False,0.0,False,False,,True,False,0.0,False,False,,False,False,,True,True,True,,,,3,False
anomaly_seed42_matrix_02,42,matrix,E14,dlc_mismatch,longer,1034,124,126,5,5,0,5,124.00045564899165,126,False,dlc_mismatch,True,True,1,"{""dlc_mismatch"": 1}",{},{},False,,2816.914603365115,"{""count"": 5, ""interval_s"": 0.05, ""variant"": ""longer"", ""dbc_dlc"": 1, ""injected_dlc"": 2}",False,False,121.5284131934826,121.5284131934826,,True,False,0.0,False,False,,False,False,,False,False,,False,False,,False,False,,False,False,,True,True,True,,,,1,False
anomaly_seed42_matrix_02,42,matrix,E15,out_of_range_signal,just_above,6,132,134,5,5,0,5,131.99987595027497,134,False,signal_out_of_range,True,True,1,"{""signal_out_of_range"": 1}",{},{},False,,2508.935989821318,"{""count"": 5, ""interval_s"": 0.2, ""direction"": ""above"", ""raw_steps"": 1, ""variant"": ""just_above"", ""signal"": ""AccuFunSpeedIncrease"", ""raw_value"": 101, ""physical_value"": 101.0, ""minimum"": -100, ""maximum"": 100}",False,False,131.14551742983687,131.14551742983687,,True,False,0.0,False,False,,False,False,,False,False,,False,False,,False,False,,False,False,,False,True,True,,,,1,False
anomaly_seed42_matrix_02,42,matrix,E16,out_of_range_signal,just_below,6,140,142,5,5,0,5,140.00071624841522,142,True,signal_out_of_range,True,True,1,"{""signal_out_of_range"": 1}",{},{},False,,2508.935989821318,"{""count"": 5, ""interval_s"": 0.2, ""direction"": ""below"", ""raw_steps"": 1, ""variant"": ""just_below"", ""signal"": ""AccuFunSpeedIncrease"", ""raw_value"": -101, ""physical_value"": -101.0, ""minimum"": -100, ""maximum"": 100}",False,True,132.8,132.8,,True,False,0.0,False,False,,False,False,,False,False,,False,False,,False,False,,False,False,,True,True,True,,,,0,True
anomaly_seed42_matrix_02,42,matrix,E17,out_of_range_signal,far_above,6,148,150,5,5,0,5,147.99855955318674,150,False,signal_out_of_range,True,True,1,"{""signal_out_of_range"": 1}",{},{},False,,2508.935989821318,"{""count"": 5, ""interval_s"": 0.2, ""direction"": ""above"", ""raw_steps"": 10, ""variant"": ""far_above"", ""signal"": ""AccuFunSpeedIncrease"", ""raw_value"": 110, ""physical_value"": 110.0, ""minimum"": -100, ""maximum"": 100}",False,False,141.14551742983687,141.14551742983687,,True,False,0.0,False,False,,False,False,,False,False,,False,False,,False,False,,False,False,,False,True,True,,,,1,False
anomaly_seed42_matrix_03,42,matrix,E01,frequency_increase,mild,13,15,21,75,75,0,75,15.00180640292051,21.100481172634804,False,frequency_increase,False,True,23,"{""period_violation"": 4, ""statistical_deviation"": 19}","{""period"": 1}","{""period"": 3, ""three_sigma"": 18}",False,99994.36525612485,5335.312179171525,"{""frequency_factor"": 1.25, ""variant"": ""mild"", ""reference_period_s"": 0.1, ""anomalous_period_s"": 0.08}",False,False,14.999732577798916,14.999732577798916,,False,False,,False,False,,True,True,0.0,False,False,,True,True,0.0,False,False,,False,False,,True,True,True,,,,,
anomaly_seed42_matrix_03,42,matrix,E02,frequency_increase,medium,13,25,31,120,120,0,120,24.992401657355874,31.09505555741254,False,frequency_increase,True,True,3,"{""period_violation"": 1, ""statistical_deviation"": 1, ""frequency_increase"": 1}",{},"{""frequency"": 1}",False,99994.36525612485,5335.312179171525,"{""frequency_factor"": 2.0, ""variant"": ""medium"", ""reference_period_s"": 0.1, ""anomalous_period_s"": 0.05}",False,False,24.99973257779892,24.99973257779892,,False,False,,False,False,,True,False,0.0,True,True,0.839733506521334,True,False,0.0,False,False,,False,False,,True,True,True,,,,,
anomaly_seed42_matrix_03,42,matrix,E03,frequency_increase,strong,13,35,41,240,240,0,240,35.002112537948435,41.10078630763145,False,frequency_increase,True,True,8,"{""period_violation"": 1, ""statistical_deviation"": 1, ""frequency_increase"": 1, ""burst"": 5}",{},"{""frequency"": 1, ""burst"": 5}",False,99994.36525612485,5335.312179171525,"{""frequency_factor"": 4.0, ""variant"": ""strong"", ""reference_period_s"": 0.1, ""anomalous_period_s"": 0.025}",False,False,34.999732577798916,34.999732577798916,,False,False,,False,False,,True,False,0.0,True,True,0.8303501991588433,True,False,0.0,True,True,1.6650295401235553,False,False,,True,True,True,,,,,
anomaly_seed42_matrix_03,42,matrix,E04,frequency_decrease,mild,13,45,51,48,48,0,48,44.994845862418785,51.09735975788932,False,frequency_decrease,False,True,17,"{""period_violation"": 13, ""statistical_deviation"": 4}","{""period"": 1}","{""period"": 12, ""three_sigma"": 2}",False,99994.36525612485,5335.312179171525,"{""frequency_factor"": 0.8, ""variant"": ""mild"", ""reference_period_s"": 0.1, ""anomalous_period_s"": 0.125}",False,False,44.99973257779892,44.99973257779892,,False,False,,False,False,,True,True,0.0,False,False,,True,True,0.0,False,False,,False,False,,True,True,True,,,,,
anomaly_seed42_matrix_03,42,matrix,E05,frequency_decrease,medium,13,55,61,30,30,0,30,55.00341870573388,61.1005134236915,False,frequency_decrease,True,True,4,"{""period_violation"": 1, ""statistical_deviation"": 1, ""frequency_decrease"": 1, ""missing_frame"": 1}",{},"{""frequency"": 1}",False,99994.36525612485,5335.312179171525,"{""frequency_factor"": 0.5, ""variant"": ""medium"", ""reference_period_s"": 0.1, ""anomalous_period_s"": 0.2}",False,False,54.99973257779892,54.99973257779892,,False,False,,True,False,6.096089685036439,True,False,0.0,True,True,1.829731935156552,True,False,0.0,False,False,,False,False,,True,True,True,,,,,
anomaly_seed42_matrix_03,42,matrix,E06,frequency_decrease,strong,13,65,71,15,15,0,15,65.00157220774842,71.10209603803305,False,frequency_decrease,True,True,18,"{""period_violation"": 1, ""statistical_deviation"": 1, ""missing_frame"": 15, ""frequency_decrease"": 1}",{},"{""timeout"": 14, ""frequency"": 1}",False,99994.36525612485,5335.312179171525,"{""frequency_factor"": 0.25, ""variant"": ""strong"", ""reference_period_s"": 0.1, ""anomalous_period_s"": 0.4}",False,False,64.99973257779892,64.99973257779892,,False,False,,True,True,0.31400428560297655,True,False,0.0,True,True,0.8318732490490675,True,False,0.0,False,False,,False,False,,True,True,True,,,,,
anomaly_seed42_matrix_03,42,matrix,E07,disappearance,short,13,75,76,0,0,0,0,75,76.10016175592239,False,missing_frame,True,True,2,"{""missing_frame"": 1, ""frequency_decrease"": 1}","{""period"": 1, ""three_sigma"": 1}","{""timeout"": 1, ""frequency"": 1}",False,99994.36525612485,5335.312179171525,"{""variant"": ""short""}",,,,,True,False,False,,True,True,0.29613941916697684,False,False,,True,True,0.8337730300275581,False,False,,False,False,,False,False,,True,True,True,,,,,
anomaly_seed42_matrix_03,42,matrix,E08,disappearance,long,13,80,85,0,0,0,0,80,85.10029956668615,False,missing_frame,True,True,2,"{""missing_frame"": 1, ""frequency_decrease"": 1}","{""period"": 1, ""three_sigma"": 1}","{""timeout"": 1, ""frequency"": 1}",False,99994.36525612485,5335.312179171525,"{""variant"": ""long""}",,,,,True,False,False,,True,True,0.3086856113821739,False,False,,True,True,0.8339368166426055,False,False,,False,False,,False,False,,True,True,True,,,,,
anomaly_seed42_matrix_03,42,matrix,E09,burst,threshold,26,90,92,4,4,0,4,89.99594592970358,92,False,burst,False,True,2,"{""period_violation"": 1, ""statistical_deviation"": 1}",{},{},False,100009.16425389746,6859.905965583714,"{""count"": 4, ""interval_s"": 0.02, ""variant"": ""threshold""}",False,False,89.98611029096668,89.98611029096668,,False,False,,False,False,,True,False,0.0,False,False,,True,False,0.0,False,False,,False,False,,False,True,True,20.997,28.001,21.422,,
anomaly_seed42_matrix_03,42,matrix,E10,burst,dense,26,95,97,20,19,1,19,94.99360063413057,97,False,burst,True,True,4,"{""period_violation"": 1, ""statistical_deviation"": 1, ""burst"": 1, ""frequency_increase"": 1}",{},"{""frequency"": 1}",False,100009.16425389746,6859.905965583714,"{""count"": 20, ""interval_s"": 0.01, ""variant"": ""dense""}",False,False,94.98611029096668,94.98611029096668,,False,False,,False,False,,True,False,0.0,True,True,0.8408275423571325,True,False,0.0,True,False,0.017419570599599865,False,False,,True,True,True,1.857,20.996,10.9175,,
anomaly_seed42_matrix_03,42,matrix,E11,unknown_dbc_id,single,2045,103,104,1,1,0,1,102.99308066709743,104,False,unknown_id,True,True,1,"{""unknown_id"": 1}",{},{},False,,,"{""count"": 1, ""interval_s"": 0.05, ""data_hex"": ""DEADBEEF"", ""variant"": ""single""}",False,False,,,,True,False,0.0,False,False,,False,False,,False,False,,False,False,,False,False,,False,False,,False,True,True,,,,,
anomaly_seed42_matrix_03,42,matrix,E12,unknown_dbc_id,repeated,2045,108,110,8,8,0,8,107.99474950301241,110,False,unknown_id,True,True,1,"{""unknown_id"": 1}",{},{},False,,,"{""count"": 8, ""interval_s"": 0.05, ""data_hex"": ""DEADBEEF"", ""variant"": ""repeated""}",False,False,,,,True,False,0.0,False,False,,False,False,,False,False,,False,False,,False,False,,False,False,,False,True,True,,,,,
anomaly_seed42_matrix_03,42,matrix,E13,dlc_mismatch,shorter,13,116,118,5,5,0,5,115.99492655881242,118,False,dlc_mismatch,True,True,5,"{""dlc_mismatch"": 3, ""period_violation"": 1, ""statistical_deviation"": 1}",{},"{""dbc"": 1}",False,99994.36525612485,5335.312179171525,"{""count"": 5, ""interval_s"": 0.05, ""variant"": ""shorter"", ""dbc_dlc"": 8, ""injected_dlc"": 7}",False,False,115.99973257779892,115.99973257779892,,True,True,0.0,False,False,,True,False,0.0,False,False,,True,False,0.0,False,False,,False,False,,True,True,True,,,,3,False
anomaly_seed42_matrix_03,42,matrix,E14,dlc_mismatch,longer,1034,124,126,5,5,0,5,123.99436959056746,126,False,dlc_mismatch,True,True,1,"{""dlc_mismatch"": 1}",{},{},False,,2816.914603365115,"{""count"": 5, ""interval_s"": 0.05, ""variant"": ""longer"", ""dbc_dlc"": 1, ""injected_dlc"": 2}",False,False,121.5284131934826,121.5284131934826,,True,False,0.0,False,False,,False,False,,False,False,,False,False,,False,False,,False,False,,False,True,True,,,,1,False
anomaly_seed42_matrix_03,42,matrix,E15,out_of_range_signal,just_above,6,132,134,5,5,0,5,132.00090985480273,134,False,signal_out_of_range,True,True,1,"{""signal_out_of_range"": 1}",{},{},False,,2508.935989821318,"{""count"": 5, ""interval_s"": 0.2, ""direction"": ""above"", ""raw_steps"": 1, ""variant"": ""just_above"", ""signal"": ""AccuFunSpeedIncrease"", ""raw_value"": 101, ""physical_value"": 101.0, ""minimum"": -100, ""maximum"": 100}",False,False,131.14551742983687,131.14551742983687,,True,False,0.0,False,False,,False,False,,False,False,,False,False,,False,False,,False,False,,True,True,True,,,,1,False
anomaly_seed42_matrix_03,42,matrix,E16,out_of_range_signal,just_below,6,140,142,5,5,0,5,139.9956087311572,142,False,signal_out_of_range,False,False,0,{},{},{},False,,2508.935989821318,"{""count"": 5, ""interval_s"": 0.2, ""direction"": ""below"", ""raw_steps"": 1, ""variant"": ""just_below"", ""signal"": ""AccuFunSpeedIncrease"", ""raw_value"": -101, ""physical_value"": -101.0, ""minimum"": -100, ""maximum"": 100}",False,True,132.8,132.8,,False,False,,False,False,,False,False,,False,False,,False,False,,False,False,,False,False,,False,False,False,,,,0,True
anomaly_seed42_matrix_03,42,matrix,E17,out_of_range_signal,far_above,6,148,150,5,5,0,5,147.99431073864105,150,True,signal_out_of_range,True,True,2,"{""signal_out_of_range"": 2}",{},"{""dbc"": 1}",False,,2508.935989821318,"{""count"": 5, ""interval_s"": 0.2, ""direction"": ""above"", ""raw_steps"": 10, ""variant"": ""far_above"", ""signal"": ""AccuFunSpeedIncrease"", ""raw_value"": 110, ""physical_value"": 110.0, ""minimum"": -100, ""maximum"": 100}",False,False,141.14551742983687,141.14551742983687,,True,True,0.0,False,False,,False,False,,False,False,,False,False,,False,False,,False,False,,True,True,True,,,,1,False
anomaly_seed42_matrix_04,42,matrix,E01,frequency_increase,mild,13,15,21,75,75,0,75,15.002008246463038,21.106183537321847,False,frequency_increase,False,True,28,"{""period_violation"": 5, ""statistical_deviation"": 23}","{""period"": 1}","{""three_sigma"": 21, ""period"": 4}",False,99994.36525612485,5335.312179171525,"{""frequency_factor"": 1.25, ""variant"": ""mild"", ""reference_period_s"": 0.1, ""anomalous_period_s"": 0.08}",False,False,14.999732577798916,14.999732577798916,,False,False,,False,False,,True,True,0.0,False,False,,True,True,0.0,False,False,,False,False,,True,True,True,,,,,
anomaly_seed42_matrix_04,42,matrix,E02,frequency_increase,medium,13,25,31,120,120,0,120,25.003922716219822,31.10452318025601,False,frequency_increase,True,True,3,"{""period_violation"": 1, ""statistical_deviation"": 1, ""frequency_increase"": 1}",{},"{""frequency"": 1}",False,99994.36525612485,5335.312179171525,"{""frequency_factor"": 2.0, ""variant"": ""medium"", ""reference_period_s"": 0.1, ""anomalous_period_s"": 0.05}",False,False,24.99973257779892,24.99973257779892,,False,False,,False,False,,True,False,0.0,True,True,1.0302380914033868,True,False,0.0,False,False,,False,False,,True,True,True,,,,,
anomaly_seed42_matrix_04,42,matrix,E03,frequency_increase,strong,13,35,41,240,240,0,240,35.00584618553822,41.109314510645866,False,frequency_increase,True,True,6,"{""period_violation"": 1, ""statistical_deviation"": 1, ""frequency_increase"": 1, ""burst"": 3}",{},"{""frequency"": 1, ""burst"": 3}",False,99994.36525612485,5335.312179171525,"{""frequency_factor"": 4.0, ""variant"": ""strong"", ""reference_period_s"": 0.1, ""anomalous_period_s"": 0.025}",False,False,34.999732577798916,34.999732577798916,,False,False,,False,False,,True,False,0.0,True,True,1.0278302080518245,True,False,0.0,True,True,1.8218797413134808,False,False,,True,True,True,,,,,
anomaly_seed42_matrix_04,42,matrix,E04,frequency_decrease,mild,13,45,51,48,48,0,48,45.006606711196795,51.11162396126741,False,frequency_decrease,False,True,13,"{""period_violation"": 8, ""statistical_deviation"": 5}",{},"{""period"": 6, ""three_sigma"": 4}",False,99994.36525612485,5335.312179171525,"{""frequency_factor"": 0.8, ""variant"": ""mild"", ""reference_period_s"": 0.1, ""anomalous_period_s"": 0.125}",False,False,44.99973257779892,44.99973257779892,,False,False,,False,False,,True,True,0.0,False,False,,True,True,0.0,False,False,,False,False,,True,True,True,,,,,
anomaly_seed42_matrix_04,42,matrix,E05,frequency_decrease,medium,13,55,61,30,30,0,30,55.001946499454554,61.10896565254475,False,frequency_decrease,True,True,3,"{""period_violation"": 1, ""statistical_deviation"": 1, ""frequency_decrease"": 1}",{},"{""frequency"": 1}",False,99994.36525612485,5335.312179171525,"{""frequency_factor"": 0.5, ""variant"": ""medium"", ""reference_period_s"": 0.1, ""anomalous_period_s"": 0.2}",False,False,54.99973257779892,54.99973257779892,,False,False,,False,False,,True,False,0.0,True,True,1.0307610660691466,True,False,0.0,False,False,,False,False,,True,True,True,,,,,
anomaly_seed42_matrix_04,42,matrix,E06,frequency_decrease,strong,13,65,71,15,15,0,15,65.0052869001328,71.10488541270821,False,frequency_decrease,True,True,18,"{""period_violation"": 1, ""statistical_deviation"": 1, ""missing_frame"": 15, ""frequency_decrease"": 1}",{},"{""timeout"": 14, ""frequency"": 1}",False,99994.36525612485,5335.312179171525,"{""frequency_factor"": 0.25, ""variant"": ""strong"", ""reference_period_s"": 0.1, ""anomalous_period_s"": 0.4}",False,False,64.99973257779892,64.99973257779892,,False,False,,True,True,0.3119798865243979,True,False,0.0,True,True,1.026936251357725,True,False,0.0,False,False,,False,False,,True,True,True,,,,,
anomaly_seed42_matrix_04,42,matrix,E07,disappearance,short,13,75,76,0,0,0,0,75,76.1019743349804,False,missing_frame,True,True,2,"{""missing_frame"": 1, ""frequency_decrease"": 1}","{""period"": 1, ""three_sigma"": 1}","{""timeout"": 1}",False,99994.36525612485,5335.312179171525,"{""variant"": ""short""}",,,,,True,False,False,,True,True,0.3160264092462768,False,False,,True,False,1.03173873745736,False,False,,False,False,,False,False,,True,True,True,,,,,
anomaly_seed42_matrix_04,42,matrix,E08,disappearance,long,13,80,85,0,0,0,0,80,85.10641212624735,False,missing_frame,True,True,2,"{""missing_frame"": 1, ""frequency_decrease"": 1}","{""period"": 1, ""three_sigma"": 1}","{""timeout"": 1, ""frequency"": 1}",False,99994.36525612485,5335.312179171525,"{""variant"": ""long""}",,,,,True,False,False,,True,True,0.315697206443744,False,False,,True,True,1.0314965304407764,False,False,,False,False,,False,False,,True,True,True,,,,,
anomaly_seed42_matrix_04,42,matrix,E09,burst,threshold,26,90,92,4,4,0,4,89.99922510003944,92,False,burst,False,True,2,"{""period_violation"": 1, ""statistical_deviation"": 1}",{},{},False,100009.16425389746,6859.905965583714,"{""count"": 4, ""interval_s"": 0.02, ""variant"": ""threshold""}",False,False,89.98611029096668,89.98611029096668,,False,False,,False,False,,True,False,0.0,False,False,,True,False,0.0,False,False,,False,False,,False,True,True,19.442,25.582,19.822,,
anomaly_seed42_matrix_04,42,matrix,E10,burst,dense,26,95,97,20,20,0,20,95.0013007807346,97,False,burst,True,True,4,"{""period_violation"": 1, ""statistical_deviation"": 1, ""burst"": 1, ""frequency_increase"": 1}",{},"{""frequency"": 1}",False,100009.16425389746,6859.905965583714,"{""count"": 20, ""interval_s"": 0.01, ""variant"": ""dense""}",False,False,94.98611029096668,94.98611029096668,,False,False,,False,False,,True,False,0.0,True,True,1.0294691286564301,True,False,0.0,True,False,0.017417156248910715,False,False,,True,True,True,0.577,19.441,9.418,,
anomaly_seed42_matrix_04,42,matrix,E11,unknown_dbc_id,single,2045,103,104,1,1,0,1,102.9987083563225,104,False,unknown_id,True,True,1,"{""unknown_id"": 1}",{},{},False,,,"{""count"": 1, ""interval_s"": 0.05, ""data_hex"": ""DEADBEEF"", ""variant"": ""single""}",False,False,,,,True,False,0.0,False,False,,False,False,,False,False,,False,False,,False,False,,False,False,,False,True,True,,,,,
anomaly_seed42_matrix_04,42,matrix,E12,unknown_dbc_id,repeated,2045,108,110,8,8,0,8,108.00295693175525,110,False,unknown_id,True,True,1,"{""unknown_id"": 1}",{},{},False,,,"{""count"": 8, ""interval_s"": 0.05, ""data_hex"": ""DEADBEEF"", ""variant"": ""repeated""}",False,False,,,,True,False,0.0,False,False,,False,False,,False,False,,False,False,,False,False,,False,False,,True,True,True,,,,,
anomaly_seed42_matrix_04,42,matrix,E13,dlc_mismatch,shorter,13,116,118,5,5,0,5,116.00690519048676,118,False,dlc_mismatch,True,True,5,"{""dlc_mismatch"": 3, ""period_violation"": 1, ""statistical_deviation"": 1}",{},"{""dbc"": 1}",False,99994.36525612485,5335.312179171525,"{""count"": 5, ""interval_s"": 0.05, ""variant"": ""shorter"", ""dbc_dlc"": 8, ""injected_dlc"": 7}",False,False,115.99973257779892,115.99973257779892,,True,True,0.0,False,False,,True,False,0.0,False,False,,True,False,0.0,False,False,,False,False,,True,True,True,,,,3,False
anomaly_seed42_matrix_04,42,matrix,E14,dlc_mismatch,longer,1034,124,126,5,5,0,5,124.00187288427146,126,False,dlc_mismatch,True,True,1,"{""dlc_mismatch"": 1}",{},{},False,,2816.914603365115,"{""count"": 5, ""interval_s"": 0.05, ""variant"": ""longer"", ""dbc_dlc"": 1, ""injected_dlc"": 2}",False,False,121.5284131934826,121.5284131934826,,True,False,0.0,False,False,,False,False,,False,False,,False,False,,False,False,,False,False,,True,True,True,,,,1,False
anomaly_seed42_matrix_04,42,matrix,E15,out_of_range_signal,just_above,6,132,134,5,5,0,5,132.00276429108663,134,False,signal_out_of_range,True,True,1,"{""signal_out_of_range"": 1}",{},{},False,,2508.935989821318,"{""count"": 5, ""interval_s"": 0.2, ""direction"": ""above"", ""raw_steps"": 1, ""variant"": ""just_above"", ""signal"": ""AccuFunSpeedIncrease"", ""raw_value"": 101, ""physical_value"": 101.0, ""minimum"": -100, ""maximum"": 100}",False,False,131.14551742983687,131.14551742983687,,True,False,0.0,False,False,,False,False,,False,False,,False,False,,False,False,,False,False,,True,True,True,,,,1,False
anomaly_seed42_matrix_04,42,matrix,E16,out_of_range_signal,just_below,6,140,142,5,5,0,5,140.0006748423078,142,False,signal_out_of_range,False,False,0,{},{},{},False,,2508.935989821318,"{""count"": 5, ""interval_s"": 0.2, ""direction"": ""below"", ""raw_steps"": 1, ""variant"": ""just_below"", ""signal"": ""AccuFunSpeedIncrease"", ""raw_value"": -101, ""physical_value"": -101.0, ""minimum"": -100, ""maximum"": 100}",False,True,132.8,132.8,,False,False,,False,False,,False,False,,False,False,,False,False,,False,False,,False,False,,False,False,False,,,,0,True
anomaly_seed42_matrix_04,42,matrix,E17,out_of_range_signal,far_above,6,148,150,5,5,0,5,147.99970833912926,150,False,signal_out_of_range,True,True,1,"{""signal_out_of_range"": 1}",{},{},False,,2508.935989821318,"{""count"": 5, ""interval_s"": 0.2, ""direction"": ""above"", ""raw_steps"": 10, ""variant"": ""far_above"", ""signal"": ""AccuFunSpeedIncrease"", ""raw_value"": 110, ""physical_value"": 110.0, ""minimum"": -100, ""maximum"": 100}",False,False,141.14551742983687,141.14551742983687,,True,False,0.0,False,False,,False,False,,False,False,,False,False,,False,False,,False,False,,False,True,True,,,,1,False
anomaly_seed550994_matrix_01,550994,matrix,E01,frequency_increase,mild,17,15,21,75,75,0,75,14.995270329913767,21.077006221808464,False,frequency_increase,False,True,23,"{""period_violation"": 3, ""statistical_deviation"": 20}","{""period"": 1, ""three_sigma"": 1}","{""period"": 2, ""three_sigma"": 19}",True,100002.93051695387,5926.439876609726,"{""frequency_factor"": 1.25, ""variant"": ""mild"", ""reference_period_s"": 0.1, ""anomalous_period_s"": 0.08}",False,False,14.977419429031281,14.977419429031281,,False,False,,False,False,,True,True,0.0,False,False,,True,True,0.0,False,False,,False,False,,True,True,True,,,,,
anomaly_seed550994_matrix_01,550994,matrix,E02,frequency_increase,medium,17,25,31,120,120,0,120,24.99310192510744,31.067254494189722,False,frequency_increase,True,True,3,"{""period_violation"": 1, ""statistical_deviation"": 1, ""frequency_increase"": 1}",{},"{""frequency"": 1}",True,100002.93051695387,5926.439876609726,"{""frequency_factor"": 2.0, ""variant"": ""medium"", ""reference_period_s"": 0.1, ""anomalous_period_s"": 0.05}",False,False,24.977419429031283,24.977419429031283,,False,False,,False,False,,True,False,0.0,True,True,0.46559881995992924,True,False,0.0,False,False,,False,False,,True,True,True,,,,,
anomaly_seed550994_matrix_01,550994,matrix,E03,frequency_increase,strong,17,35,41,240,240,0,240,34.99293360544242,41.07694359414251,False,frequency_increase,True,True,13,"{""period_violation"": 1, ""statistical_deviation"": 1, ""burst"": 10, ""frequency_increase"": 1}",{},"{""burst"": 10, ""frequency"": 1}",True,100002.93051695387,5926.439876609726,"{""frequency_factor"": 4.0, ""variant"": ""strong"", ""reference_period_s"": 0.1, ""anomalous_period_s"": 0.025}",False,False,34.97741942903128,34.97741942903128,,False,False,,False,False,,True,False,0.0,True,True,0.46619284524670945,True,False,0.0,True,True,0.39942700310822943,False,False,,True,True,True,,,,,
anomaly_seed550994_matrix_01,550994,matrix,E04,frequency_decrease,mild,17,45,51,48,48,0,48,44.994022339288485,51.07875535876721,False,frequency_decrease,False,True,18,"{""period_violation"": 12, ""statistical_deviation"": 6}","{""period"": 1}","{""period"": 11, ""three_sigma"": 4}",True,100002.93051695387,5926.439876609726,"{""frequency_factor"": 0.8, ""variant"": ""mild"", ""reference_period_s"": 0.1, ""anomalous_period_s"": 0.125}",False,False,44.977419429031286,44.977419429031286,,False,False,,False,False,,True,True,0.0,False,False,,True,True,0.0,False,False,,False,False,,True,True,True,,,,,
anomaly_seed550994_matrix_01,550994,matrix,E05,frequency_decrease,medium,17,55,61,30,30,0,30,54.993853019580555,61.07642394702172,False,frequency_decrease,False,True,2,"{""period_violation"": 1, ""statistical_deviation"": 1}",{},{},True,100002.93051695387,5926.439876609726,"{""frequency_factor"": 0.5, ""variant"": ""medium"", ""reference_period_s"": 0.1, ""anomalous_period_s"": 0.2}",False,False,54.977419429031286,54.977419429031286,,False,False,,False,False,,True,False,0.0,False,False,,True,False,0.0,False,False,,False,False,,False,True,True,,,,,
anomaly_seed550994_matrix_01,550994,matrix,E06,frequency_decrease,strong,17,65,71,15,15,0,15,64.98910350489965,71.07970677426775,False,frequency_decrease,True,True,18,"{""period_violation"": 1, ""statistical_deviation"": 1, ""missing_frame"": 15, ""frequency_decrease"": 1}",{},"{""timeout"": 14, ""frequency"": 1}",True,100002.93051695387,5926.439876609726,"{""frequency_factor"": 0.25, ""variant"": ""strong"", ""reference_period_s"": 0.1, ""anomalous_period_s"": 0.4}",False,False,64.97741942903129,64.97741942903129,,False,False,,True,True,0.3471107760720429,True,False,0.0,True,True,1.4713426332169206,True,False,0.0,False,False,,False,False,,True,True,True,,,,,
anomaly_seed550994_matrix_01,550994,matrix,E07,disappearance,short,17,75,76,0,0,0,0,75,76.07783053814866,False,missing_frame,True,True,1,"{""missing_frame"": 1}","{""period"": 1, ""three_sigma"": 1, ""frequency"": 1}","{""timeout"": 1}",True,100002.93051695387,5926.439876609726,"{""variant"": ""short""}",,,,,True,False,False,,True,True,0.2778904857005813,False,False,,False,False,,False,False,,False,False,,False,False,,True,True,True,,,,,
anomaly_seed550994_matrix_01,550994,matrix,E08,disappearance,long,17,80,85,0,0,0,0,80,85.08005275149551,False,missing_frame,True,True,2,"{""missing_frame"": 1, ""frequency_decrease"": 1}","{""period"": 1, ""three_sigma"": 1}","{""timeout"": 1, ""frequency"": 1}",True,100002.93051695387,5926.439876609726,"{""variant"": ""long""}",,,,,True,False,False,,True,True,0.27957840130306977,False,False,,True,True,1.4610846965492073,False,False,,False,False,,False,False,,True,True,True,,,,,
anomaly_seed550994_matrix_01,550994,matrix,E09,burst,threshold,27,90,92,4,4,0,4,89.99626002829397,92,False,burst,True,True,3,"{""period_violation"": 1, ""statistical_deviation"": 1, ""burst"": 1}",{},{},True,99999.34685936634,5752.574263184422,"{""count"": 4, ""interval_s"": 0.02, ""variant"": ""threshold""}",False,False,89.98675112301571,89.98675112301571,,False,False,,False,False,,True,False,0.0,False,False,,True,False,0.0,True,False,0.04413887893700519,False,False,,True,True,True,20.565,23.572,21.862,,
anomaly_seed550994_matrix_01,550994,matrix,E10,burst,dense,27,95,97,20,20,0,20,94.9969449011981,97,False,burst,True,True,4,"{""period_violation"": 1, ""statistical_deviation"": 1, ""burst"": 1, ""frequency_increase"": 1}",{},"{""frequency"": 1}",True,99999.34685936634,5752.574263184422,"{""count"": 20, ""interval_s"": 0.01, ""variant"": ""dense""}",False,False,94.98675112301571,94.98675112301571,,False,False,,False,False,,True,False,0.0,True,True,0.4647357832215562,True,False,0.0,True,False,0.016004681299349954,False,False,,True,True,True,4.001,20.997,8.998,,
anomaly_seed550994_matrix_01,550994,matrix,E11,unknown_dbc_id,single,2045,103,104,1,1,0,1,102.99066218375069,104,False,unknown_id,True,True,1,"{""unknown_id"": 1}",{},{},True,,,"{""count"": 1, ""interval_s"": 0.05, ""data_hex"": ""DEADBEEF"", ""variant"": ""single""}",False,False,,,,True,False,0.0,False,False,,False,False,,False,False,,False,False,,False,False,,False,False,,False,True,True,,,,,
anomaly_seed550994_matrix_01,550994,matrix,E12,unknown_dbc_id,repeated,2045,108,110,8,8,0,8,107.99562823889961,110,False,unknown_id,True,True,1,"{""unknown_id"": 1}",{},{},True,,,"{""count"": 8, ""interval_s"": 0.05, ""data_hex"": ""DEADBEEF"", ""variant"": ""repeated""}",False,False,,,,True,False,0.0,False,False,,False,False,,False,False,,False,False,,False,False,,False,False,,False,True,True,,,,,
anomaly_seed550994_matrix_01,550994,matrix,E13,dlc_mismatch,shorter,10,116,118,5,5,0,5,115.99435973490084,118,False,dlc_mismatch,True,True,5,"{""dlc_mismatch"": 1, ""period_violation"": 1, ""statistical_deviation"": 1, ""burst"": 1, ""frequency_increase"": 1}",{},"{""frequency"": 1}",True,999992.5530726257,7111.511378011396,"{""count"": 5, ""interval_s"": 0.05, ""variant"": ""shorter"", ""dbc_dlc"": 2, ""injected_dlc"": 1}",False,False,115.86325515381984,115.86325515381984,,True,False,0.0,False,False,,True,False,0.0,True,True,0.46821493132451053,True,False,0.0,True,False,0.09600408677397354,False,False,,True,True,True,,,,1,False
anomaly_seed550994_matrix_01,550994,matrix,E14,dlc_mismatch,longer,10,124,126,5,5,0,5,123.99601435533606,126,False,dlc_mismatch,True,True,5,"{""dlc_mismatch"": 1, ""period_violation"": 1, ""statistical_deviation"": 1, ""burst"": 1, ""frequency_increase"": 1}",{},"{""frequency"": 1}",True,999992.5530726257,7111.511378011396,"{""count"": 5, ""interval_s"": 0.05, ""variant"": ""longer"", ""dbc_dlc"": 2, ""injected_dlc"": 3}",False,False,123.86325515381984,123.86325515381984,,True,False,0.0,False,False,,True,False,0.0,True,True,0.466900875386699,True,False,0.0,True,False,0.09516205092940311,False,False,,True,True,True,,,,1,False
anomaly_seed550994_matrix_01,550994,matrix,E15,out_of_range_signal,just_above,6,132,134,5,5,0,5,131.99619791314993,134,False,signal_out_of_range,True,True,1,"{""signal_out_of_range"": 1}",{},{},True,,3018.4150679604563,"{""count"": 5, ""interval_s"": 0.2, ""direction"": ""above"", ""raw_steps"": 1, ""variant"": ""just_above"", ""signal"": ""AccuFunSpeedIncrease"", ""raw_value"": 101, ""physical_value"": 101.0, ""minimum"": -100, ""maximum"": 100}",False,False,127.60288397704335,127.60288397704335,,True,False,0.0,False,False,,False,False,,False,False,,False,False,,False,False,,False,False,,False,True,True,,,,1,False
anomaly_seed550994_matrix_01,550994,matrix,E16,out_of_range_signal,just_below,6,140,142,5,5,0,5,139.99456939382577,142,False,signal_out_of_range,True,True,1,"{""signal_out_of_range"": 1}",{},{},True,,3018.4150679604563,"{""count"": 5, ""interval_s"": 0.2, ""direction"": ""below"", ""raw_steps"": 1, ""variant"": ""just_below"", ""signal"": ""AccuFunSpeedIncrease"", ""raw_value"": -101, ""physical_value"": -101.0, ""minimum"": -100, ""maximum"": 100}",False,False,137.60288397704335,137.60288397704335,,True,False,0.0,False,False,,False,False,,False,False,,False,False,,False,False,,False,False,,False,True,True,,,,1,False
anomaly_seed550994_matrix_01,550994,matrix,E17,out_of_range_signal,far_above,6,148,150,5,5,0,5,147.99917814001446,150,False,signal_out_of_range,True,True,1,"{""signal_out_of_range"": 1}",{},{},True,,3018.4150679604563,"{""count"": 5, ""interval_s"": 0.2, ""direction"": ""above"", ""raw_steps"": 10, ""variant"": ""far_above"", ""signal"": ""AccuFunSpeedIncrease"", ""raw_value"": 110, ""physical_value"": 110.0, ""minimum"": -100, ""maximum"": 100}",False,False,147.60288397704335,147.60288397704335,,True,False,0.0,False,False,,False,False,,False,False,,False,False,,False,False,,False,False,,False,True,True,,,,1,False
anomaly_seed550994_matrix_02,550994,matrix,E01,frequency_increase,mild,17,15,21,75,75,0,75,15.00349505543057,21.069767826148375,False,frequency_increase,False,True,26,"{""period_violation"": 4, ""statistical_deviation"": 22}","{""period"": 1, ""three_sigma"": 1}","{""three_sigma"": 21, ""period"": 3}",True,100002.93051695387,5926.439876609726,"{""frequency_factor"": 1.25, ""variant"": ""mild"", ""reference_period_s"": 0.1, ""anomalous_period_s"": 0.08}",False,False,14.977419429031281,14.977419429031281,,False,False,,False,False,,True,True,0.0,False,False,,True,True,0.0,False,False,,False,False,,True,True,True,,,,,
anomaly_seed550994_matrix_02,550994,matrix,E02,frequency_increase,medium,17,25,31,120,120,0,120,25.000942276893838,31.06918797305963,False,frequency_increase,True,True,3,"{""period_violation"": 1, ""statistical_deviation"": 1, ""frequency_increase"": 1}",{},"{""frequency"": 1}",True,100002.93051695387,5926.439876609726,"{""frequency_factor"": 2.0, ""variant"": ""medium"", ""reference_period_s"": 0.1, ""anomalous_period_s"": 0.05}",False,False,24.977419429031283,24.977419429031283,,False,False,,False,False,,True,False,0.0,True,True,0.6877470117596722,True,False,0.0,False,False,,False,False,,True,True,True,,,,,
anomaly_seed550994_matrix_02,550994,matrix,E03,frequency_increase,strong,17,35,41,240,240,0,240,35.0033883094643,41.08305457407529,False,frequency_increase,True,True,5,"{""period_violation"": 1, ""statistical_deviation"": 1, ""burst"": 2, ""frequency_increase"": 1}",{},"{""burst"": 2, ""frequency"": 1}",True,100002.93051695387,5926.439876609726,"{""frequency_factor"": 4.0, ""variant"": ""strong"", ""reference_period_s"": 0.1, ""anomalous_period_s"": 0.025}",False,False,34.97741942903128,34.97741942903128,,False,False,,False,False,,True,False,0.0,True,True,0.6849231184676228,True,False,0.0,True,True,0.21398591400723177,False,False,,True,True,True,,,,,
anomaly_seed550994_matrix_02,550994,matrix,E04,frequency_decrease,mild,17,45,51,48,48,0,48,45.00125651501959,51.06950221118516,False,frequency_decrease,False,True,16,"{""period_violation"": 9, ""statistical_deviation"": 7}","{""period"": 1, ""three_sigma"": 1}","{""three_sigma"": 6, ""period"": 8}",True,100002.93051695387,5926.439876609726,"{""frequency_factor"": 0.8, ""variant"": ""mild"", ""reference_period_s"": 0.1, ""anomalous_period_s"": 0.125}",False,False,44.977419429031286,44.977419429031286,,False,False,,False,False,,True,True,0.0,False,False,,True,True,0.0,False,False,,False,False,,True,True,True,,,,,
anomaly_seed550994_matrix_02,550994,matrix,E05,frequency_decrease,medium,17,55,61,30,30,0,30,55.00128563891907,61.082367850025044,False,frequency_decrease,False,True,2,"{""period_violation"": 1, ""statistical_deviation"": 1}",{},{},True,100002.93051695387,5926.439876609726,"{""frequency_factor"": 0.5, ""variant"": ""medium"", ""reference_period_s"": 0.1, ""anomalous_period_s"": 0.2}",False,False,54.977419429031286,54.977419429031286,,False,False,,False,False,,True,False,0.0,False,False,,True,False,0.0,False,False,,False,False,,True,True,True,,,,,
anomaly_seed550994_matrix_02,550994,matrix,E06,frequency_decrease,strong,17,65,71,15,15,0,15,64.98917122169257,71.06839850289172,False,frequency_decrease,True,True,18,"{""period_violation"": 1, ""statistical_deviation"": 1, ""missing_frame"": 15, ""frequency_decrease"": 1}",{},"{""timeout"": 14, ""frequency"": 1}",True,100002.93051695387,5926.439876609726,"{""frequency_factor"": 0.25, ""variant"": ""strong"", ""reference_period_s"": 0.1, ""anomalous_period_s"": 0.4}",False,False,64.97741942903129,64.97741942903129,,False,False,,True,True,0.34408199800142825,True,False,0.0,True,True,1.6979688380024243,True,False,0.0,False,False,,False,False,,True,True,True,,,,,
anomaly_seed550994_matrix_02,550994,matrix,E07,disappearance,short,17,75,76,0,0,0,0,75,76.08070110050716,False,missing_frame,True,True,2,"{""missing_frame"": 1, ""frequency_decrease"": 1}","{""period"": 1, ""three_sigma"": 1}","{""timeout"": 1, ""frequency"": 1}",True,100002.93051695387,5926.439876609726,"{""variant"": ""short""}",,,,,True,False,False,,True,True,0.2792563850993588,False,False,,True,True,0.6867999850455675,False,False,,False,False,,False,False,,True,True,True,,,,,
anomaly_seed550994_matrix_02,550994,matrix,E08,disappearance,long,17,80,85,0,0,0,0,80,85.06762050729007,False,missing_frame,True,True,2,"{""missing_frame"": 1, ""frequency_decrease"": 1}","{""period"": 1, ""three_sigma"": 1}","{""timeout"": 1, ""frequency"": 1}",True,100002.93051695387,5926.439876609726,"{""variant"": ""long""}",,,,,True,False,False,,True,True,0.2836262824718432,False,False,,True,True,0.686611054684775,False,False,,False,False,,False,False,,True,True,True,,,,,
anomaly_seed550994_matrix_02,550994,matrix,E09,burst,threshold,27,90,92,4,4,0,4,90.00444395707406,92,False,burst,False,True,2,"{""period_violation"": 1, ""statistical_deviation"": 1}",{},{},True,99999.34685936634,5752.574263184422,"{""count"": 4, ""interval_s"": 0.02, ""variant"": ""threshold""}",False,False,89.98675112301571,89.98675112301571,,False,False,,False,False,,True,False,0.0,False,False,,True,False,0.0,False,False,,False,False,,True,True,True,6.005,25.429,23.568,,
anomaly_seed550994_matrix_02,550994,matrix,E10,burst,dense,27,95,97,20,19,1,19,95.00116814335883,97,False,burst,True,True,4,"{""period_violation"": 1, ""statistical_deviation"": 1, ""burst"": 1, ""frequency_increase"": 1}",{},"{""frequency"": 1}",True,99999.34685936634,5752.574263184422,"{""count"": 20, ""interval_s"": 0.01, ""variant"": ""dense""}",False,False,94.98675112301571,94.98675112301571,,False,False,,False,False,,True,False,0.0,True,True,0.6848761202435725,True,False,0.0,True,False,0.017420341728850985,False,False,,True,True,True,0.579,22.494,9.0015,,
anomaly_seed550994_matrix_02,550994,matrix,E11,unknown_dbc_id,single,2045,103,104,1,1,0,1,103.00066186248998,104,False,unknown_id,True,True,1,"{""unknown_id"": 1}",{},{},True,,,"{""count"": 1, ""interval_s"": 0.05, ""data_hex"": ""DEADBEEF"", ""variant"": ""single""}",False,False,,,,True,False,0.0,False,False,,False,False,,False,False,,False,False,,False,False,,False,False,,True,True,True,,,,,
anomaly_seed550994_matrix_02,550994,matrix,E12,unknown_dbc_id,repeated,2045,108,110,8,8,0,8,108.00038493545435,110,False,unknown_id,True,True,1,"{""unknown_id"": 1}",{},{},True,,,"{""count"": 8, ""interval_s"": 0.05, ""data_hex"": ""DEADBEEF"", ""variant"": ""repeated""}",False,False,,,,True,False,0.0,False,False,,False,False,,False,False,,False,False,,False,False,,False,False,,True,True,True,,,,,
anomaly_seed550994_matrix_02,550994,matrix,E13,dlc_mismatch,shorter,10,116,118,5,5,0,5,115.98633416639782,118,False,dlc_mismatch,True,True,5,"{""dlc_mismatch"": 1, ""period_violation"": 1, ""statistical_deviation"": 1, ""burst"": 1, ""frequency_increase"": 1}",{},"{""frequency"": 1}",True,999992.5530726257,7111.511378011396,"{""count"": 5, ""interval_s"": 0.05, ""variant"": ""shorter"", ""dbc_dlc"": 2, ""injected_dlc"": 1}",False,False,115.86325515381984,115.86325515381984,,True,False,0.0,False,False,,True,False,0.0,True,True,0.6989165896892331,True,False,0.0,True,False,0.114554671265239,False,False,,True,True,True,,,,1,False
anomaly_seed550994_matrix_02,550994,matrix,E14,dlc_mismatch,longer,10,124,126,5,5,0,5,123.98606687649807,126,False,dlc_mismatch,True,True,5,"{""dlc_mismatch"": 1, ""period_violation"": 1, ""statistical_deviation"": 1, ""burst"": 1, ""frequency_increase"": 1}",{},"{""frequency"": 1}",True,999992.5530726257,7111.511378011396,"{""count"": 5, ""interval_s"": 0.05, ""variant"": ""longer"", ""dbc_dlc"": 2, ""injected_dlc"": 3}",False,False,123.86325515381984,123.86325515381984,,True,False,0.0,False,False,,True,False,0.0,True,True,0.6988815910117268,True,False,0.0,True,False,0.11586462176558143,False,False,,True,True,True,,,,1,False
anomaly_seed550994_matrix_02,550994,matrix,E15,out_of_range_signal,just_above,6,132,134,5,5,0,5,132.00002804894018,134,False,signal_out_of_range,True,True,1,"{""signal_out_of_range"": 1}",{},{},True,,3018.4150679604563,"{""count"": 5, ""interval_s"": 0.2, ""direction"": ""above"", ""raw_steps"": 1, ""variant"": ""just_above"", ""signal"": ""AccuFunSpeedIncrease"", ""raw_value"": 101, ""physical_value"": 101.0, ""minimum"": -100, ""maximum"": 100}",False,False,127.60288397704335,127.60288397704335,,True,False,0.0,False,False,,False,False,,False,False,,False,False,,False,False,,False,False,,True,True,True,,,,1,False
anomaly_seed550994_matrix_02,550994,matrix,E16,out_of_range_signal,just_below,6,140,142,5,5,0,5,139.98516531056595,142,False,signal_out_of_range,True,True,1,"{""signal_out_of_range"": 1}",{},{},True,,3018.4150679604563,"{""count"": 5, ""interval_s"": 0.2, ""direction"": ""below"", ""raw_steps"": 1, ""variant"": ""just_below"", ""signal"": ""AccuFunSpeedIncrease"", ""raw_value"": -101, ""physical_value"": -101.0, ""minimum"": -100, ""maximum"": 100}",False,False,137.60288397704335,137.60288397704335,,True,False,0.0,False,False,,False,False,,False,False,,False,False,,False,False,,False,False,,False,True,True,,,,1,False
anomaly_seed550994_matrix_02,550994,matrix,E17,out_of_range_signal,far_above,6,148,150,5,5,0,5,147.98614297362246,150,False,signal_out_of_range,True,True,1,"{""signal_out_of_range"": 1}",{},{},True,,3018.4150679604563,"{""count"": 5, ""interval_s"": 0.2, ""direction"": ""above"", ""raw_steps"": 10, ""variant"": ""far_above"", ""signal"": ""AccuFunSpeedIncrease"", ""raw_value"": 110, ""physical_value"": 110.0, ""minimum"": -100, ""maximum"": 100}",False,False,147.60288397704335,147.60288397704335,,True,False,0.0,False,False,,False,False,,False,False,,False,False,,False,False,,False,False,,False,True,True,,,,1,False
anomaly_seed550994_matrix_03,550994,matrix,E01,frequency_increase,mild,17,15,21,75,75,0,75,15.011639403149724,21.0775436370282,False,frequency_increase,False,True,26,"{""period_violation"": 4, ""statistical_deviation"": 22}","{""period"": 1}","{""three_sigma"": 20, ""period"": 3}",True,100002.93051695387,5926.439876609726,"{""frequency_factor"": 1.25, ""variant"": ""mild"", ""reference_period_s"": 0.1, ""anomalous_period_s"": 0.08}",False,False,14.977419429031281,14.977419429031281,,False,False,,False,False,,True,True,0.0,False,False,,True,True,0.0,False,False,,False,False,,True,True,True,,,,,
anomaly_seed550994_matrix_03,550994,matrix,E02,frequency_increase,medium,17,25,31,120,120,0,120,25.008791720048,31.083275375780623,False,frequency_increase,True,True,3,"{""period_violation"": 1, ""statistical_deviation"": 1, ""frequency_increase"": 1}",{},"{""frequency"": 1}",True,100002.93051695387,5926.439876609726,"{""frequency_factor"": 2.0, ""variant"": ""medium"", ""reference_period_s"": 0.1, ""anomalous_period_s"": 0.05}",False,False,24.977419429031283,24.977419429031283,,False,False,,False,False,,True,False,0.0,True,True,0.43274383847458253,True,False,0.0,False,False,,False,False,,True,True,True,,,,,
anomaly_seed550994_matrix_03,550994,matrix,E03,frequency_increase,strong,17,35,41,240,240,0,240,35.007381940049584,41.08184459719719,False,frequency_increase,True,True,7,"{""period_violation"": 1, ""statistical_deviation"": 1, ""burst"": 4, ""frequency_increase"": 1}",{},"{""burst"": 4, ""frequency"": 1}",True,100002.93051695387,5926.439876609726,"{""frequency_factor"": 4.0, ""variant"": ""strong"", ""reference_period_s"": 0.1, ""anomalous_period_s"": 0.025}",False,False,34.97741942903128,34.97741942903128,,False,False,,False,False,,True,False,0.0,True,True,0.43347978888068894,True,False,0.0,True,True,0.2715347019553178,False,False,,True,True,True,,,,,
anomaly_seed550994_matrix_03,550994,matrix,E04,frequency_decrease,mild,17,45,51,48,48,0,48,45.006672112882924,51.08801430643591,False,frequency_decrease,False,True,24,"{""period_violation"": 14, ""statistical_deviation"": 10}","{""period"": 1}","{""period"": 13, ""three_sigma"": 9}",True,100002.93051695387,5926.439876609726,"{""frequency_factor"": 0.8, ""variant"": ""mild"", ""reference_period_s"": 0.1, ""anomalous_period_s"": 0.125}",False,False,44.977419429031286,44.977419429031286,,False,False,,False,False,,True,True,0.0,False,False,,True,True,0.0,False,False,,False,False,,True,True,True,,,,,
anomaly_seed550994_matrix_03,550994,matrix,E05,frequency_decrease,medium,17,55,61,30,30,0,30,55.00624326678197,61.07572825936178,False,frequency_decrease,False,True,2,"{""period_violation"": 1, ""statistical_deviation"": 1}",{},{},True,100002.93051695387,5926.439876609726,"{""frequency_factor"": 0.5, ""variant"": ""medium"", ""reference_period_s"": 0.1, ""anomalous_period_s"": 0.2}",False,False,54.977419429031286,54.977419429031286,,False,False,,False,False,,True,False,0.0,False,False,,True,False,0.0,False,False,,False,False,,True,True,True,,,,,
anomaly_seed550994_matrix_03,550994,matrix,E06,frequency_decrease,strong,17,65,71,15,15,0,15,65.00581342074805,71.08687763303352,False,frequency_decrease,True,True,18,"{""period_violation"": 1, ""statistical_deviation"": 1, ""missing_frame"": 15, ""frequency_decrease"": 1}",{},"{""timeout"": 14, ""frequency"": 1}",True,100002.93051695387,5926.439876609726,"{""frequency_factor"": 0.25, ""variant"": ""strong"", ""reference_period_s"": 0.1, ""anomalous_period_s"": 0.4}",False,False,64.97741942903129,64.97741942903129,,False,False,,True,True,0.3330945535908967,True,False,0.0,True,True,1.432959436446282,True,False,0.0,False,False,,False,False,,True,True,True,,,,,
anomaly_seed550994_matrix_03,550994,matrix,E07,disappearance,short,17,75,76,0,0,0,0,75,76.0854547914155,False,missing_frame,True,True,1,"{""missing_frame"": 1}","{""period"": 1, ""three_sigma"": 1, ""frequency"": 1}","{""timeout"": 1}",True,100002.93051695387,5926.439876609726,"{""variant"": ""short""}",,,,,True,False,False,,True,True,0.28561469064007383,False,False,,False,False,,False,False,,False,False,,False,False,,True,True,True,,,,,
anomaly_seed550994_matrix_03,550994,matrix,E08,disappearance,long,17,80,85,0,0,0,0,80,85.07268916415899,False,missing_frame,True,True,2,"{""missing_frame"": 1, ""frequency_decrease"": 1}","{""period"": 1, ""three_sigma"": 1}","{""timeout"": 1, ""frequency"": 1}",True,100002.93051695387,5926.439876609726,"{""variant"": ""long""}",,,,,True,False,False,,True,True,0.28618871445812033,False,False,,True,True,1.4377621128058706,False,False,,False,False,,False,False,,True,True,True,,,,,
anomaly_seed550994_matrix_03,550994,matrix,E09,burst,threshold,27,90,92,4,4,0,4,90.00589372783634,92,False,burst,True,True,3,"{""period_violation"": 1, ""statistical_deviation"": 1, ""burst"": 1}",{},{},True,99999.34685936634,5752.574263184422,"{""count"": 4, ""interval_s"": 0.02, ""variant"": ""threshold""}",False,False,89.98675112301571,89.98675112301571,,False,False,,False,False,,True,False,0.0,False,False,,True,False,0.0,True,False,0.039464340596808256,False,False,,True,True,True,17.993,23.004,21.474,,
anomaly_seed550994_matrix_03,550994,matrix,E10,burst,dense,27,95,97,20,19,1,19,95.00293798951628,97,False,burst,True,True,4,"{""period_violation"": 1, ""statistical_deviation"": 1, ""burst"": 1, ""frequency_increase"": 1}",{},"{""frequency"": 1}",True,99999.34685936634,5752.574263184422,"{""count"": 20, ""interval_s"": 0.01, ""variant"": ""dense""}",False,False,94.98675112301571,94.98675112301571,,False,False,,False,False,,True,False,0.0,True,True,0.43388076186035107,True,False,0.0,True,False,0.01642289330219171,False,False,,True,True,True,2.548,22.171,10.4865,,
anomaly_seed550994_matrix_03,550994,matrix,E11,unknown_dbc_id,single,2045,103,104,1,1,0,1,103.00219793938658,104,False,unknown_id,True,True,1,"{""unknown_id"": 1}",{},{},True,,,"{""count"": 1, ""interval_s"": 0.05, ""data_hex"": ""DEADBEEF"", ""variant"": ""single""}",False,False,,,,True,False,0.0,False,False,,False,False,,False,False,,False,False,,False,False,,False,False,,True,True,True,,,,,
anomaly_seed550994_matrix_03,550994,matrix,E12,unknown_dbc_id,repeated,2045,108,110,8,8,0,8,108.00219500208435,110,False,unknown_id,True,True,1,"{""unknown_id"": 1}",{},{},True,,,"{""count"": 8, ""interval_s"": 0.05, ""data_hex"": ""DEADBEEF"", ""variant"": ""repeated""}",False,False,,,,True,False,0.0,False,False,,False,False,,False,False,,False,False,,False,False,,False,False,,True,True,True,,,,,
anomaly_seed550994_matrix_03,550994,matrix,E13,dlc_mismatch,shorter,10,116,118,5,5,0,5,116.00204391226585,118,False,dlc_mismatch,True,True,5,"{""dlc_mismatch"": 1, ""period_violation"": 1, ""statistical_deviation"": 1, ""burst"": 1, ""frequency_increase"": 1}",{},"{""frequency"": 1}",True,999992.5530726257,7111.511378011396,"{""count"": 5, ""interval_s"": 0.05, ""variant"": ""shorter"", ""dbc_dlc"": 2, ""injected_dlc"": 1}",False,False,115.86325515381984,115.86325515381984,,True,False,0.0,False,False,,True,False,0.0,True,True,0.4333597969669398,True,False,0.0,True,False,0.1025720879233063,False,False,,True,True,True,,,,1,False
anomaly_seed550994_matrix_03,550994,matrix,E14,dlc_mismatch,longer,10,124,126,5,5,0,5,124.00339972090117,126,False,dlc_mismatch,True,True,5,"{""dlc_mismatch"": 1, ""period_violation"": 1, ""statistical_deviation"": 1, ""burst"": 1, ""frequency_increase"": 1}",{},"{""frequency"": 1}",True,999992.5530726257,7111.511378011396,"{""count"": 5, ""interval_s"": 0.05, ""variant"": ""longer"", ""dbc_dlc"": 2, ""injected_dlc"": 3}",False,False,123.86325515381984,123.86325515381984,,True,False,0.0,False,False,,True,False,0.0,True,True,0.4314649246577744,True,False,0.0,True,False,0.0904299061551086,False,False,,True,True,True,,,,1,False
anomaly_seed550994_matrix_03,550994,matrix,E15,out_of_range_signal,just_above,6,132,134,5,5,0,5,132.0031476378887,134,False,signal_out_of_range,True,True,1,"{""signal_out_of_range"": 1}",{},{},True,,3018.4150679604563,"{""count"": 5, ""interval_s"": 0.2, ""direction"": ""above"", ""raw_steps"": 1, ""variant"": ""just_above"", ""signal"": ""AccuFunSpeedIncrease"", ""raw_value"": 101, ""physical_value"": 101.0, ""minimum"": -100, ""maximum"": 100}",False,False,127.60288397704335,127.60288397704335,,True,False,0.0,False,False,,False,False,,False,False,,False,False,,False,False,,False,False,,True,True,True,,,,1,False
anomaly_seed550994_matrix_03,550994,matrix,E16,out_of_range_signal,just_below,6,140,142,5,5,0,5,140.00002474833212,142,False,signal_out_of_range,True,True,1,"{""signal_out_of_range"": 1}",{},{},True,,3018.4150679604563,"{""count"": 5, ""interval_s"": 0.2, ""direction"": ""below"", ""raw_steps"": 1, ""variant"": ""just_below"", ""signal"": ""AccuFunSpeedIncrease"", ""raw_value"": -101, ""physical_value"": -101.0, ""minimum"": -100, ""maximum"": 100}",False,False,137.60288397704335,137.60288397704335,,True,False,0.0,False,False,,False,False,,False,False,,False,False,,False,False,,False,False,,True,True,True,,,,1,False
anomaly_seed550994_matrix_03,550994,matrix,E17,out_of_range_signal,far_above,6,148,150,5,5,0,5,148.00034262691108,150,False,signal_out_of_range,True,True,1,"{""signal_out_of_range"": 1}",{},{},True,,3018.4150679604563,"{""count"": 5, ""interval_s"": 0.2, ""direction"": ""above"", ""raw_steps"": 10, ""variant"": ""far_above"", ""signal"": ""AccuFunSpeedIncrease"", ""raw_value"": 110, ""physical_value"": 110.0, ""minimum"": -100, ""maximum"": 100}",False,False,147.60288397704335,147.60288397704335,,True,False,0.0,False,False,,False,False,,False,False,,False,False,,False,False,,False,False,,True,True,True,,,,1,False
anomaly_seed805238_matrix_01,805238,matrix,E01,frequency_increase,mild,65,15,21,75,75,0,75,14.998207651511557,21.03011459836518,False,frequency_increase,False,True,26,"{""statistical_deviation"": 23, ""period_violation"": 3}",{},"{""three_sigma"": 22, ""period"": 3}",False,99999.02666666677,5960.796541510946,"{""frequency_factor"": 1.25, ""variant"": ""mild"", ""reference_period_s"": 0.1, ""anomalous_period_s"": 0.08}",False,False,14.924666495583134,14.924666495583134,,False,False,,False,False,,True,True,0.5614284842761954,False,False,,True,True,0.0,False,False,,False,False,,True,True,True,,,,,
anomaly_seed805238_matrix_01,805238,matrix,E02,frequency_increase,medium,65,25,31,120,120,0,120,25.001637098077865,31.029543034354482,False,frequency_increase,True,True,3,"{""statistical_deviation"": 1, ""period_violation"": 1, ""frequency_increase"": 1}",{},"{""frequency"": 1}",False,99999.02666666677,5960.796541510946,"{""frequency_factor"": 2.0, ""variant"": ""medium"", ""reference_period_s"": 0.1, ""anomalous_period_s"": 0.05}",False,False,24.924666495583136,24.924666495583136,,False,False,,False,False,,True,False,0.04385811594989519,True,True,1.119916960780344,True,False,0.0,False,False,,False,False,,True,True,True,,,,,
anomaly_seed805238_matrix_01,805238,matrix,E03,frequency_increase,strong,65,35,41,240,240,0,240,34.996904523066654,41.02739546617665,False,frequency_increase,True,True,4,"{""period_violation"": 1, ""statistical_deviation"": 1, ""frequency_increase"": 1, ""burst"": 1}",{},"{""frequency"": 1, ""burst"": 1}",False,99999.02666666677,5960.796541510946,"{""frequency_factor"": 4.0, ""variant"": ""strong"", ""reference_period_s"": 0.1, ""anomalous_period_s"": 0.025}",False,False,34.92466649558313,34.92466649558313,,False,False,,False,False,,True,False,0.0,True,True,1.1246759733614482,True,False,0.0,True,True,2.8779606086076086,False,False,,True,True,True,,,,,
anomaly_seed805238_matrix_01,805238,matrix,E04,frequency_decrease,mild,65,45,51,48,48,0,48,44.99775396281176,51.02808190549113,False,frequency_decrease,False,True,16,"{""statistical_deviation"": 8, ""period_violation"": 8}","{""period"": 1}","{""period"": 8, ""three_sigma"": 7}",False,99999.02666666677,5960.796541510946,"{""frequency_factor"": 0.8, ""variant"": ""mild"", ""reference_period_s"": 0.1, ""anomalous_period_s"": 0.125}",False,False,44.92466649558314,44.92466649558314,,False,False,,False,False,,True,True,0.6359936814087419,False,False,,True,True,0.0,False,False,,False,False,,True,True,True,,,,,
anomaly_seed805238_matrix_01,805238,matrix,E05,frequency_decrease,medium,65,55,61,30,30,0,30,54.99660439727283,61.03309135623558,True,frequency_decrease,True,True,3,"{""statistical_deviation"": 1, ""period_violation"": 1, ""frequency_decrease"": 1}",{},"{""period"": 1, ""frequency"": 1}",False,99999.02666666677,5960.796541510946,"{""frequency_factor"": 0.5, ""variant"": ""medium"", ""reference_period_s"": 0.1, ""anomalous_period_s"": 0.2}",False,False,54.92466649558314,54.92466649558314,,False,False,,False,False,,True,True,0.2034165377827648,True,True,1.0331977315164806,True,False,0.0,False,False,,False,False,,True,True,True,,,,,
anomaly_seed805238_matrix_01,805238,matrix,E06,frequency_decrease,strong,65,65,71,15,15,0,15,64.99845383966282,71.03036178651942,True,frequency_decrease,True,True,18,"{""period_violation"": 1, ""statistical_deviation"": 1, ""missing_frame"": 15, ""frequency_decrease"": 1}",{},"{""timeout"": 14, ""frequency"": 1}",False,99999.02666666677,5960.796541510946,"{""frequency_factor"": 0.25, ""variant"": ""strong"", ""reference_period_s"": 0.1, ""anomalous_period_s"": 0.4}",False,False,64.92466649558314,64.92466649558314,,False,False,,True,True,0.32546786045531917,True,False,0.0,True,True,1.0313747266963986,True,False,0.0,False,False,,False,False,,True,True,True,,,,,
anomaly_seed805238_matrix_01,805238,matrix,E07,disappearance,short,65,75,76,0,0,0,0,75,76.03228901036401,False,missing_frame,True,True,2,"{""missing_frame"": 1, ""frequency_decrease"": 1}","{""period"": 1, ""three_sigma"": 1}","{""timeout"": 1}",False,99999.02666666677,5960.796541510946,"{""variant"": ""short""}",,,,,True,False,False,,True,True,0.27376200500803805,False,False,,True,False,1.0303750053043643,False,False,,False,False,,False,False,,True,True,True,,,,,
anomaly_seed805238_matrix_01,805238,matrix,E08,disappearance,long,65,80,85,0,0,0,0,80,85.03156880221002,False,missing_frame,True,True,2,"{""missing_frame"": 1, ""frequency_decrease"": 1}","{""period"": 1, ""three_sigma"": 1}","{""timeout"": 1, ""frequency"": 1}",False,99999.02666666677,5960.796541510946,"{""variant"": ""long""}",,,,,True,False,False,,True,True,0.27221721967408996,False,False,,True,True,1.0303882240893074,False,False,,False,False,,False,False,,True,True,True,,,,,
anomaly_seed805238_matrix_01,805238,matrix,E09,burst,threshold,455,90,92,4,4,0,4,90.0020719429774,92,False,burst,True,True,3,"{""period_violation"": 1, ""statistical_deviation"": 1, ""burst"": 1}",{},{},False,99999.43690939383,6747.231844663525,"{""count"": 4, ""interval_s"": 0.02, ""variant"": ""threshold""}",False,False,89.9642009934046,89.9642009934046,,False,False,,False,False,,True,False,0.0,False,False,,True,False,0.0,True,False,0.05299614010888831,False,False,,True,True,True,13.576,20.998,18.422,,
anomaly_seed805238_matrix_01,805238,matrix,E10,burst,dense,455,95,97,20,17,3,17,94.99843315210792,97,False,burst,True,True,4,"{""period_violation"": 1, ""statistical_deviation"": 1, ""burst"": 1, ""frequency_increase"": 1}",{},"{""frequency"": 1}",False,99999.43690939383,6747.231844663525,"{""count"": 20, ""interval_s"": 0.01, ""variant"": ""dense""}",False,False,94.9642009934046,94.9642009934046,,False,False,,False,False,,True,False,0.0,True,True,1.0319947283362296,True,False,0.0,True,False,0.03356008872432881,False,False,,True,True,True,4.415,21.999,10.779499999999999,,
anomaly_seed805238_matrix_01,805238,matrix,E11,unknown_dbc_id,single,2045,103,104,1,1,0,1,102.99781230046658,104,False,unknown_id,True,True,1,"{""unknown_id"": 1}",{},{},False,,,"{""count"": 1, ""interval_s"": 0.05, ""data_hex"": ""DEADBEEF"", ""variant"": ""single""}",False,False,,,,True,False,0.0,False,False,,False,False,,False,False,,False,False,,False,False,,False,False,,False,True,True,,,,,
anomaly_seed805238_matrix_01,805238,matrix,E12,unknown_dbc_id,repeated,2045,108,110,8,8,0,8,107.99831652054938,110,False,unknown_id,True,True,1,"{""unknown_id"": 1}",{},{},False,,,"{""count"": 8, ""interval_s"": 0.05, ""data_hex"": ""DEADBEEF"", ""variant"": ""repeated""}",False,False,,,,True,False,0.0,False,False,,False,False,,False,False,,False,False,,False,False,,False,False,,False,True,True,,,,,
anomaly_seed805238_matrix_01,805238,matrix,E13,dlc_mismatch,shorter,6,116,118,5,5,0,5,115.99856667121094,118,False,dlc_mismatch,True,True,1,"{""dlc_mismatch"": 1}",{},{},False,,5887.02578927587,"{""count"": 5, ""interval_s"": 0.05, ""variant"": ""shorter"", ""dbc_dlc"": 2, ""injected_dlc"": 1}",False,False,109.68314820835374,109.68314820835374,,True,False,0.0,False,False,,False,False,,False,False,,False,False,,False,False,,False,False,,False,True,True,,,,1,False
anomaly_seed805238_matrix_01,805238,matrix,E14,dlc_mismatch,longer,6,124,126,5,5,0,5,124.00406083573631,126,False,dlc_mismatch,True,True,1,"{""dlc_mismatch"": 1}",{},{},False,,5887.02578927587,"{""count"": 5, ""interval_s"": 0.05, ""variant"": ""longer"", ""dbc_dlc"": 2, ""injected_dlc"": 3}",False,False,119.68314820835374,119.68314820835374,,True,False,0.0,False,False,,False,False,,False,False,,False,False,,False,False,,False,False,,True,True,True,,,,1,False
anomaly_seed805238_matrix_01,805238,matrix,E15,out_of_range_signal,just_above,6,132,134,5,5,0,5,132.00391998536367,134,False,signal_out_of_range,True,True,1,"{""signal_out_of_range"": 1}",{},{},False,,5887.02578927587,"{""count"": 5, ""interval_s"": 0.2, ""direction"": ""above"", ""raw_steps"": 1, ""variant"": ""just_above"", ""signal"": ""AccuFunSpeedIncrease"", ""raw_value"": 101, ""physical_value"": 101.0, ""minimum"": -100, ""maximum"": 100}",False,False,129.68314820835374,129.68314820835374,,True,False,0.0,False,False,,False,False,,False,False,,False,False,,False,False,,False,False,,True,True,True,,,,1,False
anomaly_seed805238_matrix_01,805238,matrix,E16,out_of_range_signal,just_below,6,140,142,5,5,0,5,140.00122012822607,142,False,signal_out_of_range,True,True,1,"{""signal_out_of_range"": 1}",{},{},False,,5887.02578927587,"{""count"": 5, ""interval_s"": 0.2, ""direction"": ""below"", ""raw_steps"": 1, ""variant"": ""just_below"", ""signal"": ""AccuFunSpeedIncrease"", ""raw_value"": -101, ""physical_value"": -101.0, ""minimum"": -100, ""maximum"": 100}",False,False,139.68314820835374,139.68314820835374,,True,False,0.0,False,False,,False,False,,False,False,,False,False,,False,False,,False,False,,True,True,True,,,,1,False
anomaly_seed805238_matrix_01,805238,matrix,E17,out_of_range_signal,far_above,6,148,150,5,5,0,5,147.99852027108759,150,False,signal_out_of_range,False,False,0,{},{},{},False,,5887.02578927587,"{""count"": 5, ""interval_s"": 0.2, ""direction"": ""above"", ""raw_steps"": 10, ""variant"": ""far_above"", ""signal"": ""AccuFunSpeedIncrease"", ""raw_value"": 110, ""physical_value"": 110.0, ""minimum"": -100, ""maximum"": 100}",False,True,140.8,140.8,,False,False,,False,False,,False,False,,False,False,,False,False,,False,False,,False,False,,False,False,False,,,,0,True
anomaly_seed805238_matrix_02,805238,matrix,E01,frequency_increase,mild,65,15,21,75,75,0,75,15.007867969144572,21.037368167462457,False,frequency_increase,False,True,23,"{""statistical_deviation"": 22, ""period_violation"": 1}",{},"{""three_sigma"": 21, ""period"": 1}",True,99999.02666666677,5960.796541510946,"{""frequency_factor"": 1.25, ""variant"": ""mild"", ""reference_period_s"": 0.1, ""anomalous_period_s"": 0.08}",False,False,14.924666495583134,14.924666495583134,,False,False,,False,False,,True,True,5.433099430839336,False,False,,True,True,0.0,False,False,,False,False,,True,True,True,,,,,
anomaly_seed805238_matrix_02,805238,matrix,E02,frequency_increase,medium,65,25,31,120,120,0,120,25.001769857898157,31.033272072218924,False,frequency_increase,True,True,3,"{""period_violation"": 1, ""statistical_deviation"": 1, ""frequency_increase"": 1}",{},"{""frequency"": 1}",True,99999.02666666677,5960.796541510946,"{""frequency_factor"": 2.0, ""variant"": ""medium"", ""reference_period_s"": 0.1, ""anomalous_period_s"": 0.05}",False,False,24.924666495583136,24.924666495583136,,False,False,,False,False,,True,False,0.0,True,True,1.4491545841792792,True,False,0.0,False,False,,False,False,,True,True,True,,,,,
anomaly_seed805238_matrix_02,805238,matrix,E03,frequency_increase,strong,65,35,41,240,240,0,240,35.00865185041096,41.03317300892738,False,frequency_increase,True,True,12,"{""statistical_deviation"": 1, ""period_violation"": 1, ""frequency_increase"": 1, ""burst"": 9}",{},"{""frequency"": 1, ""burst"": 9}",True,99999.02666666677,5960.796541510946,"{""frequency_factor"": 4.0, ""variant"": ""strong"", ""reference_period_s"": 0.1, ""anomalous_period_s"": 0.025}",False,False,34.92466649558313,34.92466649558313,,False,False,,False,False,,True,False,0.025582204497965222,True,True,0.4423445359915803,True,False,0.0,True,True,0.8965721669737761,False,False,,True,True,True,,,,,
anomaly_seed805238_matrix_02,805238,matrix,E04,frequency_decrease,mild,65,45,51,48,48,0,48,45.00413675181806,51.03307794566734,False,frequency_decrease,False,True,17,"{""statistical_deviation"": 8, ""period_violation"": 9}","{""period"": 1, ""three_sigma"": 1}","{""period"": 9, ""three_sigma"": 7}",True,99999.02666666677,5960.796541510946,"{""frequency_factor"": 0.8, ""variant"": ""mild"", ""reference_period_s"": 0.1, ""anomalous_period_s"": 0.125}",False,False,44.92466649558314,44.92466649558314,,False,False,,False,False,,True,True,0.25841606571424336,False,False,,True,True,0.0,False,False,,False,False,,True,True,True,,,,,
anomaly_seed805238_matrix_02,805238,matrix,E05,frequency_decrease,medium,65,55,61,30,30,0,30,55.005039696536286,61.0339788903689,False,frequency_decrease,True,True,3,"{""statistical_deviation"": 1, ""period_violation"": 1, ""frequency_decrease"": 1}",{},"{""period"": 1, ""frequency"": 1}",True,99999.02666666677,5960.796541510946,"{""frequency_factor"": 0.5, ""variant"": ""medium"", ""reference_period_s"": 0.1, ""anomalous_period_s"": 0.2}",False,False,54.92466649558314,54.92466649558314,,False,False,,False,False,,True,True,0.2005776033673996,True,True,1.4461245599581716,True,False,0.0,False,False,,False,False,,True,True,True,,,,,
anomaly_seed805238_matrix_02,805238,matrix,E06,frequency_decrease,strong,65,65,71,15,15,0,15,65.00094060126958,71.03146180774827,False,frequency_decrease,True,True,18,"{""period_violation"": 1, ""statistical_deviation"": 1, ""missing_frame"": 15, ""frequency_decrease"": 1}",{},"{""timeout"": 14, ""frequency"": 1}",True,99999.02666666677,5960.796541510946,"{""frequency_factor"": 0.25, ""variant"": ""strong"", ""reference_period_s"": 0.1, ""anomalous_period_s"": 0.4}",False,False,64.92466649558314,64.92466649558314,,False,False,,True,True,0.327002613976461,True,False,0.0,True,True,1.4503035933638841,True,False,0.0,False,False,,False,False,,True,True,True,,,,,
anomaly_seed805238_matrix_02,805238,matrix,E07,disappearance,short,65,75,76,0,0,0,0,75,76.03728482304561,False,missing_frame,True,True,2,"{""missing_frame"": 1, ""frequency_decrease"": 1}","{""period"": 1, ""three_sigma"": 1}","{""timeout"": 1, ""frequency"": 1}",True,99999.02666666677,5960.796541510946,"{""variant"": ""short""}",,,,,True,False,False,,True,True,0.2603146121403057,False,False,,True,True,0.4513161389585605,False,False,,False,False,,False,False,,True,True,True,,,,,
anomaly_seed805238_matrix_02,805238,matrix,E08,disappearance,long,65,80,85,0,0,0,0,80,85.03174672252526,False,missing_frame,True,True,2,"{""missing_frame"": 1, ""frequency_decrease"": 1}","{""period"": 1, ""three_sigma"": 1}","{""timeout"": 1, ""frequency"": 1}",True,99999.02666666677,5960.796541510946,"{""variant"": ""long""}",,,,,True,False,False,,True,True,0.2603545812098105,False,False,,True,True,0.45135610802806525,False,False,,False,False,,False,False,,True,True,True,,,,,
anomaly_seed805238_matrix_02,805238,matrix,E09,burst,threshold,455,90,92,4,4,0,4,90.00527147963922,92,False,burst,True,True,3,"{""period_violation"": 1, ""statistical_deviation"": 1, ""burst"": 1}",{},{},True,99999.43690939383,6747.231844663525,"{""count"": 4, ""interval_s"": 0.02, ""variant"": ""threshold""}",False,False,89.9642009934046,89.9642009934046,,False,False,,False,False,,True,False,0.0,False,False,,True,False,0.0,True,False,0.05385643051529598,False,False,,True,True,True,13.988,20.947,18.921,,
anomaly_seed805238_matrix_02,805238,matrix,E10,burst,dense,455,95,97,20,17,3,17,95.00664045933222,97,False,burst,True,True,4,"{""period_violation"": 1, ""statistical_deviation"": 1, ""burst"": 1, ""frequency_increase"": 1}",{},"{""frequency"": 1}",True,99999.43690939383,6747.231844663525,"{""count"": 20, ""interval_s"": 0.01, ""variant"": ""dense""}",False,False,94.9642009934046,94.9642009934046,,False,False,,False,False,,True,False,0.0,True,True,0.44483555590436197,True,False,0.0,True,False,0.025998207823249686,False,False,,True,True,True,0.563,21.408,10.4995,,
anomaly_seed805238_matrix_02,805238,matrix,E11,unknown_dbc_id,single,2045,103,104,1,1,0,1,103.00450239224138,104,False,unknown_id,True,True,1,"{""unknown_id"": 1}",{},{},True,,,"{""count"": 1, ""interval_s"": 0.05, ""data_hex"": ""DEADBEEF"", ""variant"": ""single""}",False,False,,,,True,False,0.0,False,False,,False,False,,False,False,,False,False,,False,False,,False,False,,True,True,True,,,,,
anomaly_seed805238_matrix_02,805238,matrix,E12,unknown_dbc_id,repeated,2045,108,110,8,8,0,8,108.00503436524396,110,False,unknown_id,True,True,1,"{""unknown_id"": 1}",{},{},True,,,"{""count"": 8, ""interval_s"": 0.05, ""data_hex"": ""DEADBEEF"", ""variant"": ""repeated""}",False,False,,,,True,False,0.0,False,False,,False,False,,False,False,,False,False,,False,False,,False,False,,True,True,True,,,,,
anomaly_seed805238_matrix_02,805238,matrix,E13,dlc_mismatch,shorter,6,116,118,5,5,0,5,116.00632532556332,118,False,dlc_mismatch,True,True,1,"{""dlc_mismatch"": 1}",{},{},True,,5887.02578927587,"{""count"": 5, ""interval_s"": 0.05, ""variant"": ""shorter"", ""dbc_dlc"": 2, ""injected_dlc"": 1}",False,False,109.68314820835374,109.68314820835374,,True,False,0.0,False,False,,False,False,,False,False,,False,False,,False,False,,False,False,,True,True,True,,,,1,False
anomaly_seed805238_matrix_02,805238,matrix,E14,dlc_mismatch,longer,6,124,126,5,5,0,5,124.00728328322079,126,False,dlc_mismatch,True,True,1,"{""dlc_mismatch"": 1}",{},{},True,,5887.02578927587,"{""count"": 5, ""interval_s"": 0.05, ""variant"": ""longer"", ""dbc_dlc"": 2, ""injected_dlc"": 3}",False,False,119.68314820835374,119.68314820835374,,True,False,0.0,False,False,,False,False,,False,False,,False,False,,False,False,,False,False,,True,True,True,,,,1,False
anomaly_seed805238_matrix_02,805238,matrix,E15,out_of_range_signal,just_above,6,132,134,5,5,0,5,132.00218819249253,134,False,signal_out_of_range,True,True,1,"{""signal_out_of_range"": 1}",{},{},True,,5887.02578927587,"{""count"": 5, ""interval_s"": 0.2, ""direction"": ""above"", ""raw_steps"": 1, ""variant"": ""just_above"", ""signal"": ""AccuFunSpeedIncrease"", ""raw_value"": 101, ""physical_value"": 101.0, ""minimum"": -100, ""maximum"": 100}",False,False,129.68314820835374,129.68314820835374,,True,False,0.0,False,False,,False,False,,False,False,,False,False,,False,False,,False,False,,True,True,True,,,,1,False
anomaly_seed805238_matrix_02,805238,matrix,E16,out_of_range_signal,just_below,6,140,142,5,5,0,5,140.00669017848023,142,False,signal_out_of_range,True,True,1,"{""signal_out_of_range"": 1}",{},{},True,,5887.02578927587,"{""count"": 5, ""interval_s"": 0.2, ""direction"": ""below"", ""raw_steps"": 1, ""variant"": ""just_below"", ""signal"": ""AccuFunSpeedIncrease"", ""raw_value"": -101, ""physical_value"": -101.0, ""minimum"": -100, ""maximum"": 100}",False,False,139.68314820835374,139.68314820835374,,True,False,0.0,False,False,,False,False,,False,False,,False,False,,False,False,,False,False,,True,True,True,,,,1,False
anomaly_seed805238_matrix_02,805238,matrix,E17,out_of_range_signal,far_above,6,148,150,5,5,0,5,148.00703113120582,150,False,signal_out_of_range,False,False,0,{},{},{},True,,5887.02578927587,"{""count"": 5, ""interval_s"": 0.2, ""direction"": ""above"", ""raw_steps"": 10, ""variant"": ""far_above"", ""signal"": ""AccuFunSpeedIncrease"", ""raw_value"": 110, ""physical_value"": 110.0, ""minimum"": -100, ""maximum"": 100}",False,True,140.8,140.8,,False,False,,False,False,,False,False,,False,False,,False,False,,False,False,,False,False,,False,False,False,,,,0,True
anomaly_seed805238_matrix_03,805238,matrix,E01,frequency_increase,mild,65,15,21,75,75,0,75,14.999238724992326,21.0283297806332,False,frequency_increase,False,True,30,"{""statistical_deviation"": 23, ""period_violation"": 7}",{},"{""three_sigma"": 22, ""period"": 7}",False,99999.02666666677,5960.796541510946,"{""frequency_factor"": 1.25, ""variant"": ""mild"", ""reference_period_s"": 0.1, ""anomalous_period_s"": 0.08}",False,False,14.924666495583134,14.924666495583134,,False,False,,False,False,,True,True,2.6350405610825387,False,False,,True,True,0.0,False,False,,False,False,,True,True,True,,,,,
anomaly_seed805238_matrix_03,805238,matrix,E02,frequency_increase,medium,65,25,31,120,120,0,120,24.99539009856424,31.03248041698128,False,frequency_increase,True,True,3,"{""period_violation"": 1, ""statistical_deviation"": 1, ""frequency_increase"": 1}",{},"{""frequency"": 1}",False,99999.02666666677,5960.796541510946,"{""frequency_factor"": 2.0, ""variant"": ""medium"", ""reference_period_s"": 0.1, ""anomalous_period_s"": 0.05}",False,False,24.924666495583136,24.924666495583136,,False,False,,False,False,,True,False,0.0,True,True,1.0694541315686017,True,False,0.0,False,False,,False,False,,True,True,True,,,,,
anomaly_seed805238_matrix_03,805238,matrix,E03,frequency_increase,strong,65,35,41,240,240,0,240,34.99912072111547,41.02762975763735,False,frequency_increase,True,True,6,"{""statistical_deviation"": 1, ""period_violation"": 1, ""burst"": 3, ""frequency_increase"": 1}",{},"{""burst"": 3, ""frequency"": 1}",False,99999.02666666677,5960.796541510946,"{""frequency_factor"": 4.0, ""variant"": ""strong"", ""reference_period_s"": 0.1, ""anomalous_period_s"": 0.025}",False,False,34.92466649558313,34.92466649558313,,False,False,,False,False,,True,False,0.03400011690406046,True,True,1.06605201980895,True,False,0.0,True,True,0.9034336777969045,False,False,,True,True,True,,,,,
anomaly_seed805238_matrix_03,805238,matrix,E04,frequency_decrease,mild,65,45,51,48,48,0,48,44.999692239890265,51.027360248784355,False,frequency_decrease,False,True,19,"{""statistical_deviation"": 7, ""period_violation"": 12}","{""period"": 1, ""three_sigma"": 1}","{""three_sigma"": 6, ""period"": 11}",False,99999.02666666677,5960.796541510946,"{""frequency_factor"": 0.8, ""variant"": ""mild"", ""reference_period_s"": 0.1, ""anomalous_period_s"": 0.125}",False,False,44.92466649558314,44.92466649558314,,False,False,,False,False,,True,True,0.13100230342530494,False,False,,True,True,0.0,False,False,,False,False,,True,True,True,,,,,
anomaly_seed805238_matrix_03,805238,matrix,E05,frequency_decrease,medium,65,55,61,30,30,0,30,54.996841646247994,61.026930734674686,False,frequency_decrease,True,True,3,"{""period_violation"": 1, ""statistical_deviation"": 1, ""frequency_decrease"": 1}",{},"{""frequency"": 1}",False,99999.02666666677,5960.796541510946,"{""frequency_factor"": 0.5, ""variant"": ""medium"", ""reference_period_s"": 0.1, ""anomalous_period_s"": 0.2}",False,False,54.92466649558314,54.92466649558314,,False,False,,False,False,,True,False,0.0,True,True,1.0689881162595825,True,False,0.0,False,False,,False,False,,True,True,True,,,,,
anomaly_seed805238_matrix_03,805238,matrix,E06,frequency_decrease,strong,65,65,71,15,15,0,15,65.00143329708354,71.0256611929704,True,frequency_decrease,True,True,18,"{""statistical_deviation"": 1, ""missing_frame"": 15, ""period_violation"": 1, ""frequency_decrease"": 1}","{""period"": 1, ""three_sigma"": 1}","{""timeout"": 14, ""period"": 1, ""frequency"": 1}",False,99999.02666666677,5960.796541510946,"{""frequency_factor"": 0.25, ""variant"": ""strong"", ""reference_period_s"": 0.1, ""anomalous_period_s"": 0.4}",False,False,64.92466649558314,64.92466649558314,,False,False,,True,True,0.3230986137895542,True,True,0.4029852380649288,True,True,1.064724976215615,True,False,0.0,False,False,,False,False,,True,True,True,,,,,
anomaly_seed805238_matrix_03,805238,matrix,E07,disappearance,short,65,75,76,0,0,0,0,75,76.03515975499757,False,missing_frame,True,True,2,"{""missing_frame"": 1, ""frequency_decrease"": 1}","{""period"": 1, ""three_sigma"": 1}","{""timeout"": 1, ""frequency"": 1}",False,99999.02666666677,5960.796541510946,"{""variant"": ""short""}",,,,,True,False,False,,True,True,0.25947627379564153,False,False,,True,True,0.5836799238850148,False,False,,False,False,,False,False,,True,True,True,,,,,
anomaly_seed805238_matrix_03,805238,matrix,E08,disappearance,long,65,80,85,0,0,0,0,80,85.03229631093356,False,missing_frame,True,True,2,"{""missing_frame"": 1, ""frequency_decrease"": 1}","{""period"": 1, ""three_sigma"": 1}","{""timeout"": 1, ""frequency"": 1}",False,99999.02666666677,5960.796541510946,"{""variant"": ""long""}",,,,,True,False,False,,True,True,0.25964052919142944,False,False,,True,True,0.5838441792808027,False,False,,False,False,,False,False,,True,True,True,,,,,
anomaly_seed805238_matrix_03,805238,matrix,E09,burst,threshold,455,90,92,4,4,0,4,89.99936447912312,92,False,burst,False,True,2,"{""period_violation"": 1, ""statistical_deviation"": 1}",{},{},False,99999.43690939383,6747.231844663525,"{""count"": 4, ""interval_s"": 0.02, ""variant"": ""threshold""}",False,False,89.9642009934046,89.9642009934046,,False,False,,False,False,,True,False,0.0,False,False,,True,False,0.0,False,False,,False,False,,False,True,True,20.422,29.575,20.998,,
anomaly_seed805238_matrix_03,805238,matrix,E10,burst,dense,455,95,97,20,16,4,16,95.00187681165322,97,False,burst,True,True,4,"{""period_violation"": 1, ""statistical_deviation"": 1, ""burst"": 1, ""frequency_increase"": 1}",{},"{""frequency"": 1}",False,99999.43690939383,6747.231844663525,"{""count"": 20, ""interval_s"": 0.01, ""variant"": ""dense""}",False,False,94.9642009934046,94.9642009934046,,False,False,,False,False,,True,False,0.0,True,True,0.582460133814962,True,False,0.0,True,False,0.027559905342997126,False,False,,True,True,True,5.581,22.971,11.031,,
anomaly_seed805238_matrix_03,805238,matrix,E11,unknown_dbc_id,single,2045,103,104,1,1,0,1,103.00607774965387,104,False,unknown_id,True,True,1,"{""unknown_id"": 1}",{},{},False,,,"{""count"": 1, ""interval_s"": 0.05, ""data_hex"": ""DEADBEEF"", ""variant"": ""single""}",False,False,,,,True,False,0.0,False,False,,False,False,,False,False,,False,False,,False,False,,False,False,,True,True,True,,,,,
anomaly_seed805238_matrix_03,805238,matrix,E12,unknown_dbc_id,repeated,2045,108,110,8,8,0,8,107.99815273931735,110,False,unknown_id,True,True,1,"{""unknown_id"": 1}",{},{},False,,,"{""count"": 8, ""interval_s"": 0.05, ""data_hex"": ""DEADBEEF"", ""variant"": ""repeated""}",False,False,,,,True,False,0.0,False,False,,False,False,,False,False,,False,False,,False,False,,False,False,,False,True,True,,,,,
anomaly_seed805238_matrix_03,805238,matrix,E13,dlc_mismatch,shorter,6,116,118,5,5,0,5,116.00706483207993,118,False,dlc_mismatch,True,True,1,"{""dlc_mismatch"": 1}",{},{},False,,5887.02578927587,"{""count"": 5, ""interval_s"": 0.05, ""variant"": ""shorter"", ""dbc_dlc"": 2, ""injected_dlc"": 1}",False,False,109.68314820835374,109.68314820835374,,True,False,0.0,False,False,,False,False,,False,False,,False,False,,False,False,,False,False,,True,True,True,,,,1,False
anomaly_seed805238_matrix_03,805238,matrix,E14,dlc_mismatch,longer,6,124,126,5,5,0,5,124.00580059054924,126,False,dlc_mismatch,True,True,1,"{""dlc_mismatch"": 1}",{},{},False,,5887.02578927587,"{""count"": 5, ""interval_s"": 0.05, ""variant"": ""longer"", ""dbc_dlc"": 2, ""injected_dlc"": 3}",False,False,119.68314820835374,119.68314820835374,,True,False,0.0,False,False,,False,False,,False,False,,False,False,,False,False,,False,False,,True,True,True,,,,1,False
anomaly_seed805238_matrix_03,805238,matrix,E15,out_of_range_signal,just_above,6,132,134,5,5,0,5,131.99932117770095,134,False,signal_out_of_range,True,True,1,"{""signal_out_of_range"": 1}",{},{},False,,5887.02578927587,"{""count"": 5, ""interval_s"": 0.2, ""direction"": ""above"", ""raw_steps"": 1, ""variant"": ""just_above"", ""signal"": ""AccuFunSpeedIncrease"", ""raw_value"": 101, ""physical_value"": 101.0, ""minimum"": -100, ""maximum"": 100}",False,False,129.68314820835374,129.68314820835374,,True,False,0.0,False,False,,False,False,,False,False,,False,False,,False,False,,False,False,,False,True,True,,,,1,False
anomaly_seed805238_matrix_03,805238,matrix,E16,out_of_range_signal,just_below,6,140,142,5,5,0,5,140.00002700088714,142,False,signal_out_of_range,True,True,1,"{""signal_out_of_range"": 1}",{},{},False,,5887.02578927587,"{""count"": 5, ""interval_s"": 0.2, ""direction"": ""below"", ""raw_steps"": 1, ""variant"": ""just_below"", ""signal"": ""AccuFunSpeedIncrease"", ""raw_value"": -101, ""physical_value"": -101.0, ""minimum"": -100, ""maximum"": 100}",False,False,139.68314820835374,139.68314820835374,,True,False,0.0,False,False,,False,False,,False,False,,False,False,,False,False,,False,False,,True,True,True,,,,1,False
anomaly_seed805238_matrix_03,805238,matrix,E17,out_of_range_signal,far_above,6,148,150,5,5,0,5,147.99956178560484,150,False,signal_out_of_range,False,False,0,{},{},{},False,,5887.02578927587,"{""count"": 5, ""interval_s"": 0.2, ""direction"": ""above"", ""raw_steps"": 10, ""variant"": ""far_above"", ""signal"": ""AccuFunSpeedIncrease"", ""raw_value"": 110, ""physical_value"": 110.0, ""minimum"": -100, ""maximum"": 100}",False,True,140.8,140.8,,False,False,,False,False,,False,False,,False,False,,False,False,,False,False,,False,False,,False,False,False,,,,0,True
anomaly_seed829730_matrix_01,829730,matrix,E01,frequency_increase,mild,15,15,21,75,75,0,75,15.000859702899415,21.033032754199184,False,frequency_increase,False,True,28,"{""period_violation"": 2, ""statistical_deviation"": 26}",{},"{""three_sigma"": 25, ""period"": 1}",True,99991.89271817685,6450.634902728691,"{""frequency_factor"": 1.25, ""variant"": ""mild"", ""reference_period_s"": 0.1, ""anomalous_period_s"": 0.08}",False,False,14.94280656262601,,,False,False,,False,False,,True,True,0.0,False,False,,True,True,0.0,False,False,,False,False,,True,True,True,,,,,
anomaly_seed829730_matrix_01,829730,matrix,E02,frequency_increase,medium,15,25,31,120,120,0,120,24.990019633726643,31.04144002979454,False,frequency_increase,True,True,3,"{""period_violation"": 1, ""statistical_deviation"": 1, ""frequency_increase"": 1}",{},"{""frequency"": 1}",True,99991.89271817685,6450.634902728691,"{""frequency_factor"": 2.0, ""variant"": ""medium"", ""reference_period_s"": 0.1, ""anomalous_period_s"": 0.05}",False,False,24.94280656262601,,,False,False,,False,False,,True,False,0.0,True,True,1.1250261520309337,True,False,0.0,False,False,,False,False,,True,True,True,,,,,
anomaly_seed829730_matrix_01,829730,matrix,E03,frequency_increase,strong,15,35,41,240,240,0,240,34.992862809655016,41.04602023683753,False,frequency_increase,True,True,11,"{""period_violation"": 1, ""statistical_deviation"": 1, ""burst"": 8, ""frequency_increase"": 1}",{},"{""burst"": 7, ""frequency"": 1}",True,99991.89271817685,6450.634902728691,"{""frequency_factor"": 4.0, ""variant"": ""strong"", ""reference_period_s"": 0.1, ""anomalous_period_s"": 0.025}",False,False,34.94280656262601,,,False,False,,False,False,,True,False,0.0,True,True,1.1223621043111933,True,False,0.0,True,True,0.09857876579223301,False,False,,True,True,True,,,,,
anomaly_seed829730_matrix_01,829730,matrix,E04,frequency_decrease,mild,15,45,51,48,48,0,48,45.00044007038278,51.036968199692915,False,frequency_decrease,False,True,22,"{""period_violation"": 15, ""statistical_deviation"": 7}",{},"{""period"": 13, ""three_sigma"": 5}",True,99991.89271817685,6450.634902728691,"{""frequency_factor"": 0.8, ""variant"": ""mild"", ""reference_period_s"": 0.1, ""anomalous_period_s"": 0.125}",False,False,44.94280656262602,,,False,False,,False,False,,True,True,0.0,False,False,,True,True,0.0,False,False,,False,False,,True,True,True,,,,,
anomaly_seed829730_matrix_01,829730,matrix,E05,frequency_decrease,medium,15,55,61,30,30,0,30,55.00085820287254,61.04144040480125,False,frequency_decrease,True,True,3,"{""period_violation"": 1, ""statistical_deviation"": 1, ""frequency_decrease"": 1}",{},"{""frequency"": 1}",True,99991.89271817685,6450.634902728691,"{""frequency_factor"": 0.5, ""variant"": ""medium"", ""reference_period_s"": 0.1, ""anomalous_period_s"": 0.2}",False,False,54.94280656262602,,,False,False,,False,False,,True,False,0.0,True,True,1.1147249675109379,True,False,0.0,False,False,,False,False,,True,True,True,,,,,
anomaly_seed829730_matrix_01,829730,matrix,E06,frequency_decrease,strong,15,65,71,15,15,0,15,64.99144015917184,71.03544242236241,False,frequency_decrease,True,True,18,"{""period_violation"": 1, ""statistical_deviation"": 1, ""missing_frame"": 15, ""frequency_decrease"": 1}",{},"{""timeout"": 14, ""frequency"": 1}",True,99991.89271817685,6450.634902728691,"{""frequency_factor"": 0.25, ""variant"": ""strong"", ""reference_period_s"": 0.1, ""anomalous_period_s"": 0.4}",False,False,64.94280656262602,,,False,False,,True,True,0.3069974990927449,True,False,0.0,True,True,1.124322139420272,True,False,0.0,False,False,,False,False,,True,True,True,,,,,
anomaly_seed829730_matrix_01,829730,matrix,E07,disappearance,short,15,75,76,0,0,0,0,75,76.03601799517239,False,missing_frame,True,True,1,"{""missing_frame"": 1}","{""period"": 1, ""three_sigma"": 1, ""frequency"": 1}","{""timeout"": 1}",True,99991.89271817685,6450.634902728691,"{""variant"": ""short""}",,,,,True,False,False,,True,True,0.2568590384874909,False,False,,False,False,,False,False,,False,False,,False,False,,True,True,True,,,,,
anomaly_seed829730_matrix_01,829730,matrix,E08,disappearance,long,15,80,85,0,0,0,0,80,85.03587820516836,False,missing_frame,True,True,2,"{""missing_frame"": 1, ""frequency_decrease"": 1}","{""period"": 1, ""three_sigma"": 1}","{""timeout"": 1, ""frequency"": 1}",True,99991.89271817685,6450.634902728691,"{""variant"": ""long""}",,,,,True,False,False,,True,True,0.25444055766652696,False,False,,True,True,1.1160309909050596,False,False,,False,False,,False,False,,True,True,True,,,,,
anomaly_seed829730_matrix_01,829730,matrix,E09,burst,threshold,24,90,92,4,4,0,4,89.99843609698654,92,False,burst,False,True,2,"{""period_violation"": 1, ""statistical_deviation"": 1}",{},{},True,100003.81156197909,5524.921842407675,"{""count"": 4, ""interval_s"": 0.02, ""variant"": ""threshold""}",False,False,89.98689918297995,89.98689918297995,,False,False,,False,False,,True,False,0.0,False,False,,True,False,0.0,False,False,,False,False,,False,True,True,13.431,25.563,19.003,,
anomaly_seed829730_matrix_01,829730,matrix,E10,burst,dense,24,95,97,20,20,0,20,95.00285373861753,97,False,burst,True,True,4,"{""period_violation"": 1, ""statistical_deviation"": 1, ""burst"": 1, ""frequency_increase"": 1}",{},{},True,100003.81156197909,5524.921842407675,"{""count"": 20, ""interval_s"": 0.01, ""variant"": ""dense""}",False,False,94.98689918297995,94.98689918297995,,False,False,,False,False,,True,False,0.0,True,False,0.11342803177961969,True,False,0.0,True,False,0.015016268978982339,False,False,,True,True,True,4.0,17.579,8.978,,
anomaly_seed829730_matrix_01,829730,matrix,E11,unknown_dbc_id,single,2045,103,104,1,1,0,1,102.99636692242247,104,False,unknown_id,True,True,1,"{""unknown_id"": 1}",{},{},True,,,"{""count"": 1, ""interval_s"": 0.05, ""data_hex"": ""DEADBEEF"", ""variant"": ""single""}",False,False,,,,True,False,0.0,False,False,,False,False,,False,False,,False,False,,False,False,,False,False,,False,True,True,,,,,
anomaly_seed829730_matrix_01,829730,matrix,E12,unknown_dbc_id,repeated,2045,108,110,8,8,0,8,107.99236741328123,110,False,unknown_id,True,True,1,"{""unknown_id"": 1}",{},{},True,,,"{""count"": 8, ""interval_s"": 0.05, ""data_hex"": ""DEADBEEF"", ""variant"": ""repeated""}",False,False,,,,True,False,0.0,False,False,,False,False,,False,False,,False,False,,False,False,,False,False,,False,True,True,,,,,
anomaly_seed829730_matrix_01,829730,matrix,E13,dlc_mismatch,shorter,103,116,118,5,5,0,5,115.99942483969744,118,False,dlc_mismatch,True,True,5,"{""dlc_mismatch"": 3, ""period_violation"": 1, ""statistical_deviation"": 1}",{},"{""dbc"": 1}",True,100007.15175097279,5456.912074147441,"{""count"": 5, ""interval_s"": 0.05, ""variant"": ""shorter"", ""dbc_dlc"": 8, ""injected_dlc"": 7}",False,False,115.98423082334453,,,True,True,0.0,False,False,,True,False,0.0,False,False,,True,False,0.0,False,False,,False,False,,True,True,True,,,,3,False
anomaly_seed829730_matrix_01,829730,matrix,E14,dlc_mismatch,longer,9,124,126,5,5,0,5,123.9963660849075,126,False,dlc_mismatch,True,True,5,"{""dlc_mismatch"": 1, ""period_violation"": 1, ""statistical_deviation"": 1, ""frequency_increase"": 1, ""burst"": 1}",{},{},True,999993.7318435755,6111.707218414739,"{""count"": 5, ""interval_s"": 0.05, ""variant"": ""longer"", ""dbc_dlc"": 3, ""injected_dlc"": 4}",False,False,123.57776689124586,123.57776689124586,,True,False,0.0,False,False,,True,False,0.0,True,False,0.12043515729469334,True,False,0.0,True,False,0.15199772265914646,False,False,,True,True,True,,,,1,False
anomaly_seed829730_matrix_01,829730,matrix,E15,out_of_range_signal,just_above,6,132,134,5,5,0,5,131.991914305165,134,False,signal_out_of_range,True,True,1,"{""signal_out_of_range"": 1}",{},{},True,,3344.839967517837,"{""count"": 5, ""interval_s"": 0.2, ""direction"": ""above"", ""raw_steps"": 1, ""variant"": ""just_above"", ""signal"": ""AccuFunSpeedIncrease"", ""raw_value"": 101, ""physical_value"": 101.0, ""minimum"": -100, ""maximum"": 100}",False,False,123.79059094969026,123.79059094969026,,True,False,0.0,False,False,,False,False,,False,False,,False,False,,False,False,,False,False,,False,True,True,,,,1,False
anomaly_seed829730_matrix_01,829730,matrix,E16,out_of_range_signal,just_below,6,140,142,5,5,0,5,139.99633468434504,142,False,signal_out_of_range,True,True,1,"{""signal_out_of_range"": 1}",{},{},True,,3344.839967517837,"{""count"": 5, ""interval_s"": 0.2, ""direction"": ""below"", ""raw_steps"": 1, ""variant"": ""just_below"", ""signal"": ""AccuFunSpeedIncrease"", ""raw_value"": -101, ""physical_value"": -101.0, ""minimum"": -100, ""maximum"": 100}",False,False,133.79059094969026,133.79059094969026,,True,False,0.0,False,False,,False,False,,False,False,,False,False,,False,False,,False,False,,False,True,True,,,,1,False
anomaly_seed829730_matrix_01,829730,matrix,E17,out_of_range_signal,far_above,6,148,150,5,5,0,5,147.99533596645546,150,False,signal_out_of_range,True,True,1,"{""signal_out_of_range"": 1}",{},{},True,,3344.839967517837,"{""count"": 5, ""interval_s"": 0.2, ""direction"": ""above"", ""raw_steps"": 10, ""variant"": ""far_above"", ""signal"": ""AccuFunSpeedIncrease"", ""raw_value"": 110, ""physical_value"": 110.0, ""minimum"": -100, ""maximum"": 100}",False,False,143.79059094969026,143.79059094969026,,True,False,0.0,False,False,,False,False,,False,False,,False,False,,False,False,,False,False,,False,True,True,,,,1,False
anomaly_seed829730_matrix_02,829730,matrix,E01,frequency_increase,mild,15,15,21,75,75,0,75,15.000936376708866,21.042773403061453,False,frequency_increase,False,True,25,"{""period_violation"": 2, ""statistical_deviation"": 23}","{""period"": 1}","{""three_sigma"": 21, ""period"": 1}",True,99991.89271817685,6450.634902728691,"{""frequency_factor"": 1.25, ""variant"": ""mild"", ""reference_period_s"": 0.1, ""anomalous_period_s"": 0.08}",False,False,14.94280656262601,,,False,False,,False,False,,True,True,0.0,False,False,,True,True,0.0,False,False,,False,False,,True,True,True,,,,,
anomaly_seed829730_matrix_02,829730,matrix,E02,frequency_increase,medium,15,25,31,120,120,0,120,24.993181612556494,31.039086646333153,False,frequency_increase,True,True,3,"{""period_violation"": 1, ""statistical_deviation"": 1, ""frequency_increase"": 1}",{},"{""frequency"": 1}",True,99991.89271817685,6450.634902728691,"{""frequency_factor"": 2.0, ""variant"": ""medium"", ""reference_period_s"": 0.1, ""anomalous_period_s"": 0.05}",False,False,24.94280656262601,,,False,False,,False,False,,True,False,0.0,True,True,1.3078133867593316,True,False,0.0,False,False,,False,False,,True,True,True,,,,,
anomaly_seed829730_matrix_02,829730,matrix,E03,frequency_increase,strong,15,35,41,240,240,0,240,34.99402186408992,41.03592689056655,False,frequency_increase,True,True,12,"{""period_violation"": 1, ""statistical_deviation"": 1, ""frequency_increase"": 1, ""burst"": 9}",{},"{""frequency"": 1, ""burst"": 9}",True,99991.89271817685,6450.634902728691,"{""frequency_factor"": 4.0, ""variant"": ""strong"", ""reference_period_s"": 0.1, ""anomalous_period_s"": 0.025}",False,False,34.94280656262601,,,False,False,,False,False,,True,False,0.0,True,True,0.30698956025587876,True,False,0.0,True,True,0.3965877237725479,False,False,,True,True,True,,,,,
anomaly_seed829730_matrix_02,829730,matrix,E04,frequency_decrease,mild,15,45,51,48,48,0,48,44.999863124750185,51.03576614027318,False,frequency_decrease,False,True,15,"{""period_violation"": 11, ""statistical_deviation"": 4}","{""period"": 1}","{""period"": 10, ""three_sigma"": 3}",True,99991.89271817685,6450.634902728691,"{""frequency_factor"": 0.8, ""variant"": ""mild"", ""reference_period_s"": 0.1, ""anomalous_period_s"": 0.125}",False,False,44.94280656262602,,,False,False,,False,False,,True,True,0.0,False,False,,True,True,0.0,False,False,,False,False,,True,True,True,,,,,
anomaly_seed829730_matrix_02,829730,matrix,E05,frequency_decrease,medium,15,55,61,30,30,0,30,54.999704374460464,61.04002639804813,False,frequency_decrease,True,True,3,"{""period_violation"": 1, ""statistical_deviation"": 1, ""frequency_decrease"": 1}",{},"{""frequency"": 1}",True,99991.89271817685,6450.634902728691,"{""frequency_factor"": 0.5, ""variant"": ""medium"", ""reference_period_s"": 0.1, ""anomalous_period_s"": 0.2}",False,False,54.94280656262602,,,False,False,,False,False,,True,False,0.0,True,True,1.3013453749552824,True,False,0.0,False,False,,False,False,,True,True,True,,,,,
anomaly_seed829730_matrix_02,829730,matrix,E06,frequency_decrease,strong,15,65,71,15,15,0,15,64.9935436132171,71.04044764881692,False,frequency_decrease,True,True,18,"{""period_violation"": 1, ""statistical_deviation"": 1, ""missing_frame"": 15, ""frequency_decrease"": 1}",{},"{""timeout"": 14, ""frequency"": 1}",True,99991.89271817685,6450.634902728691,"{""frequency_factor"": 0.25, ""variant"": ""strong"", ""reference_period_s"": 0.1, ""anomalous_period_s"": 0.4}",False,False,64.94280656262602,,,False,False,,True,True,0.31258557046866997,True,False,0.0,True,True,1.3075243862319468,True,False,0.0,False,False,,False,False,,True,True,True,,,,,
anomaly_seed829730_matrix_02,829730,matrix,E07,disappearance,short,15,75,76,0,0,0,0,75,76.04336577914255,False,missing_frame,True,True,1,"{""missing_frame"": 1}","{""period"": 1, ""three_sigma"": 1, ""frequency"": 1}","{""timeout"": 1}",True,99991.89271817685,6450.634902728691,"{""variant"": ""short""}",,,,,True,False,False,,True,True,0.2517993345337999,False,False,,False,False,,False,False,,False,False,,False,False,,True,True,True,,,,,
anomaly_seed829730_matrix_02,829730,matrix,E08,disappearance,long,15,80,85,0,0,0,0,80,85.03422418745919,False,missing_frame,True,True,2,"{""missing_frame"": 1, ""frequency_decrease"": 1}","{""period"": 1, ""three_sigma"": 1}","{""timeout"": 1, ""frequency"": 1}",True,99991.89271817685,6450.634902728691,"{""variant"": ""long""}",,,,,True,False,False,,True,True,0.25473946489952937,False,False,,True,True,1.3010953744990132,False,False,,False,False,,False,False,,True,True,True,,,,,
anomaly_seed829730_matrix_02,829730,matrix,E09,burst,threshold,24,90,92,4,4,0,4,89.99857824740533,92,False,burst,False,True,2,"{""period_violation"": 1, ""statistical_deviation"": 1}",{},{},True,100003.81156197909,5524.921842407675,"{""count"": 4, ""interval_s"": 0.02, ""variant"": ""threshold""}",False,False,89.98689918297995,89.98689918297995,,False,False,,False,False,,True,False,0.0,False,False,,True,False,0.0,False,False,,False,False,,False,True,True,14.972,28.174,18.856,,
anomaly_seed829730_matrix_02,829730,matrix,E10,burst,dense,24,95,97,20,19,1,19,94.99905637327787,97,False,burst,True,True,4,"{""period_violation"": 1, ""statistical_deviation"": 1, ""burst"": 1, ""frequency_increase"": 1}",{},"{""frequency"": 1}",True,100003.81156197909,5524.921842407675,"{""count"": 20, ""interval_s"": 0.01, ""variant"": ""dense""}",False,False,94.98689918297995,94.98689918297995,,False,False,,False,False,,True,False,0.0,True,True,0.302064551267776,True,False,0.0,True,False,0.015996029192720584,False,False,,True,True,True,1.418,22.001,8.2765,,
anomaly_seed829730_matrix_02,829730,matrix,E11,unknown_dbc_id,single,2045,103,104,1,1,0,1,102.99286196197305,104,False,unknown_id,True,True,1,"{""unknown_id"": 1}",{},{},True,,,"{""count"": 1, ""interval_s"": 0.05, ""data_hex"": ""DEADBEEF"", ""variant"": ""single""}",False,False,,,,True,False,0.0,False,False,,False,False,,False,False,,False,False,,False,False,,False,False,,False,True,True,,,,,
anomaly_seed829730_matrix_02,829730,matrix,E12,unknown_dbc_id,repeated,2045,108,110,8,8,0,8,108.00078210142733,110,False,unknown_id,True,True,1,"{""unknown_id"": 1}",{},{},True,,,"{""count"": 8, ""interval_s"": 0.05, ""data_hex"": ""DEADBEEF"", ""variant"": ""repeated""}",False,False,,,,True,False,0.0,False,False,,False,False,,False,False,,False,False,,False,False,,False,False,,True,True,True,,,,,
anomaly_seed829730_matrix_02,829730,matrix,E13,dlc_mismatch,shorter,103,116,118,5,5,0,5,116.00070770129156,118,False,dlc_mismatch,True,True,6,"{""dlc_mismatch"": 3, ""period_violation"": 1, ""statistical_deviation"": 1, ""frequency_increase"": 1}",{},"{""dbc"": 1, ""frequency"": 1}",True,100007.15175097279,5456.912074147441,"{""count"": 5, ""interval_s"": 0.05, ""variant"": ""shorter"", ""dbc_dlc"": 8, ""injected_dlc"": 7}",False,False,115.98423082334453,,,True,True,0.0,False,False,,True,False,0.0,True,True,0.30045154832401977,True,False,0.0,False,False,,False,False,,True,True,True,,,,3,False
anomaly_seed829730_matrix_02,829730,matrix,E14,dlc_mismatch,longer,9,124,126,5,5,0,5,123.99652229365321,126,False,dlc_mismatch,True,True,5,"{""dlc_mismatch"": 1, ""period_violation"": 1, ""statistical_deviation"": 1, ""burst"": 1, ""frequency_increase"": 1}",{},"{""frequency"": 1}",True,999993.7318435755,6111.707218414739,"{""count"": 5, ""interval_s"": 0.05, ""variant"": ""longer"", ""dbc_dlc"": 3, ""injected_dlc"": 4}",False,False,123.57776689124586,123.57776689124586,,True,False,0.0,False,False,,True,False,0.0,True,True,0.30465155598901106,True,False,0.0,True,False,0.14599726644497935,False,False,,True,True,True,,,,1,False
anomaly_seed829730_matrix_02,829730,matrix,E15,out_of_range_signal,just_above,6,132,134,5,5,0,5,131.99636589336777,134,False,signal_out_of_range,True,True,1,"{""signal_out_of_range"": 1}",{},{},True,,3344.839967517837,"{""count"": 5, ""interval_s"": 0.2, ""direction"": ""above"", ""raw_steps"": 1, ""variant"": ""just_above"", ""signal"": ""AccuFunSpeedIncrease"", ""raw_value"": 101, ""physical_value"": 101.0, ""minimum"": -100, ""maximum"": 100}",False,False,123.79059094969026,123.79059094969026,,True,False,0.0,False,False,,False,False,,False,False,,False,False,,False,False,,False,False,,False,True,True,,,,1,False
anomaly_seed829730_matrix_02,829730,matrix,E16,out_of_range_signal,just_below,6,140,142,5,5,0,5,139.9982364967816,142,False,signal_out_of_range,True,True,1,"{""signal_out_of_range"": 1}",{},{},True,,3344.839967517837,"{""count"": 5, ""interval_s"": 0.2, ""direction"": ""below"", ""raw_steps"": 1, ""variant"": ""just_below"", ""signal"": ""AccuFunSpeedIncrease"", ""raw_value"": -101, ""physical_value"": -101.0, ""minimum"": -100, ""maximum"": 100}",False,False,133.79059094969026,133.79059094969026,,True,False,0.0,False,False,,False,False,,False,False,,False,False,,False,False,,False,False,,False,True,True,,,,1,False
anomaly_seed829730_matrix_02,829730,matrix,E17,out_of_range_signal,far_above,6,148,150,5,5,0,5,147.9951070910704,150,False,signal_out_of_range,True,True,1,"{""signal_out_of_range"": 1}",{},{},True,,3344.839967517837,"{""count"": 5, ""interval_s"": 0.2, ""direction"": ""above"", ""raw_steps"": 10, ""variant"": ""far_above"", ""signal"": ""AccuFunSpeedIncrease"", ""raw_value"": 110, ""physical_value"": 110.0, ""minimum"": -100, ""maximum"": 100}",False,False,143.79059094969026,143.79059094969026,,True,False,0.0,False,False,,False,False,,False,False,,False,False,,False,False,,False,False,,False,True,True,,,,1,False
anomaly_seed829730_matrix_03,829730,matrix,E01,frequency_increase,mild,15,15,21,75,75,0,75,14.994761147114742,21.040774689850785,False,frequency_increase,False,True,34,"{""period_violation"": 7, ""statistical_deviation"": 27}",{},"{""three_sigma"": 26, ""period"": 6}",True,99991.89271817685,6450.634902728691,"{""frequency_factor"": 1.25, ""variant"": ""mild"", ""reference_period_s"": 0.1, ""anomalous_period_s"": 0.08}",False,False,14.94280656262601,,,False,False,,False,False,,True,True,0.0,False,False,,True,True,0.0,False,False,,False,False,,True,True,True,,,,,
anomaly_seed829730_matrix_03,829730,matrix,E02,frequency_increase,medium,15,25,31,120,120,0,120,24.99763358962352,31.03850512339332,False,frequency_increase,True,True,3,"{""period_violation"": 1, ""statistical_deviation"": 1, ""frequency_increase"": 1}",{},"{""frequency"": 1}",True,99991.89271817685,6450.634902728691,"{""frequency_factor"": 2.0, ""variant"": ""medium"", ""reference_period_s"": 0.1, ""anomalous_period_s"": 0.05}",False,False,24.94280656262601,,,False,False,,False,False,,True,False,0.0,True,True,0.6494451324699675,True,False,0.0,False,False,,False,False,,True,True,True,,,,,
anomaly_seed829730_matrix_03,829730,matrix,E03,frequency_increase,strong,15,35,41,240,240,0,240,35.0000220312884,41.03851856091676,False,frequency_increase,True,True,8,"{""period_violation"": 1, ""statistical_deviation"": 1, ""frequency_increase"": 1, ""burst"": 5}",{},"{""frequency"": 1, ""burst"": 5}",True,99991.89271817685,6450.634902728691,"{""frequency_factor"": 4.0, ""variant"": ""strong"", ""reference_period_s"": 0.1, ""anomalous_period_s"": 0.025}",False,False,34.94280656262601,,,False,False,,False,False,,True,False,0.0,True,True,0.6470741283354897,True,False,0.0,True,True,0.6949892118874033,False,False,,True,True,True,,,,,
anomaly_seed829730_matrix_03,829730,matrix,E04,frequency_decrease,mild,15,45,51,48,48,0,48,44.99744046428677,51.04776601454201,False,frequency_decrease,False,True,23,"{""period_violation"": 12, ""statistical_deviation"": 11}",{},"{""period"": 10, ""three_sigma"": 9}",True,99991.89271817685,6450.634902728691,"{""frequency_factor"": 0.8, ""variant"": ""mild"", ""reference_period_s"": 0.1, ""anomalous_period_s"": 0.125}",False,False,44.94280656262602,,,False,False,,False,False,,True,True,0.0,False,False,,True,True,0.0,False,False,,False,False,,True,True,True,,,,,
anomaly_seed829730_matrix_03,829730,matrix,E05,frequency_decrease,medium,15,55,61,30,30,0,30,55.003140911726895,61.03904343683192,False,frequency_decrease,True,True,3,"{""period_violation"": 1, ""statistical_deviation"": 1, ""frequency_decrease"": 1}",{},"{""frequency"": 1}",True,99991.89271817685,6450.634902728691,"{""frequency_factor"": 0.5, ""variant"": ""medium"", ""reference_period_s"": 0.1, ""anomalous_period_s"": 0.2}",False,False,54.94280656262602,,,False,False,,False,False,,True,False,0.0,True,True,1.6439918667108557,True,False,0.0,False,False,,False,False,,True,True,True,,,,,
anomaly_seed829730_matrix_03,829730,matrix,E06,frequency_decrease,strong,15,65,71,15,15,0,15,64.99454133423143,71.04197587944539,False,frequency_decrease,True,True,18,"{""period_violation"": 1, ""statistical_deviation"": 1, ""missing_frame"": 15, ""frequency_decrease"": 1}",{},"{""timeout"": 14, ""frequency"": 1}",True,99991.89271817685,6450.634902728691,"{""frequency_factor"": 0.25, ""variant"": ""strong"", ""reference_period_s"": 0.1, ""anomalous_period_s"": 0.4}",False,False,64.94280656262602,,,False,False,,True,True,0.3039925300869726,True,False,0.0,True,True,1.6526088817367253,True,False,0.0,False,False,,False,False,,True,True,True,,,,,
anomaly_seed829730_matrix_03,829730,matrix,E07,disappearance,short,15,75,76,0,0,0,0,75,76.04736460759204,False,missing_frame,True,True,2,"{""missing_frame"": 1, ""frequency_decrease"": 1}","{""period"": 1, ""three_sigma"": 1}","{""timeout"": 1, ""frequency"": 1}",True,99991.89271817685,6450.634902728691,"{""variant"": ""short""}",,,,,True,False,False,,True,True,0.2577952307804168,False,False,,True,True,0.6471659097455245,False,False,,False,False,,False,False,,True,True,True,,,,,
anomaly_seed829730_matrix_03,829730,matrix,E08,disappearance,long,15,80,85,0,0,0,0,80,85.0448012968722,False,missing_frame,True,True,2,"{""missing_frame"": 1, ""frequency_decrease"": 1}","{""period"": 1, ""three_sigma"": 1}","{""timeout"": 1, ""frequency"": 1}",True,99991.89271817685,6450.634902728691,"{""variant"": ""long""}",,,,,True,False,False,,True,True,0.261716956368943,False,False,,True,True,0.6471746285107258,False,False,,False,False,,False,False,,True,True,True,,,,,
anomaly_seed829730_matrix_03,829730,matrix,E09,burst,threshold,24,90,92,4,4,0,4,90.00213494122282,92,False,burst,False,True,2,"{""period_violation"": 1, ""statistical_deviation"": 1}",{},{},True,100003.81156197909,5524.921842407675,"{""count"": 4, ""interval_s"": 0.02, ""variant"": ""threshold""}",False,False,89.98689918297995,89.98689918297995,,False,False,,False,False,,True,False,0.0,False,False,,True,False,0.0,False,False,,False,False,,True,True,True,14.444,26.55,19.441,,
anomaly_seed829730_matrix_03,829730,matrix,E10,burst,dense,24,95,97,20,18,2,18,95.0024946606,97,False,burst,True,True,4,"{""period_violation"": 1, ""statistical_deviation"": 1, ""burst"": 1, ""frequency_increase"": 1}",{},"{""frequency"": 1}",True,100003.81156197909,5524.921842407675,"{""count"": 20, ""interval_s"": 0.01, ""variant"": ""dense""}",False,False,94.98689918297995,94.98689918297995,,False,False,,False,False,,True,False,0.0,True,True,0.644706124206337,True,False,0.0,True,False,0.013995024403840262,False,False,,True,True,True,3.998,20.58,8.998,,
anomaly_seed829730_matrix_03,829730,matrix,E11,unknown_dbc_id,single,2045,103,104,1,1,0,1,103.00029760676888,104,False,unknown_id,True,True,1,"{""unknown_id"": 1}",{},{},True,,,"{""count"": 1, ""interval_s"": 0.05, ""data_hex"": ""DEADBEEF"", ""variant"": ""single""}",False,False,,,,True,False,0.0,False,False,,False,False,,False,False,,False,False,,False,False,,False,False,,True,True,True,,,,,
anomaly_seed829730_matrix_03,829730,matrix,E12,unknown_dbc_id,repeated,2045,108,110,8,8,0,8,108.00178132810615,110,False,unknown_id,True,True,1,"{""unknown_id"": 1}",{},{},True,,,"{""count"": 8, ""interval_s"": 0.05, ""data_hex"": ""DEADBEEF"", ""variant"": ""repeated""}",False,False,,,,True,False,0.0,False,False,,False,False,,False,False,,False,False,,False,False,,False,False,,True,True,True,,,,,
anomaly_seed829730_matrix_03,829730,matrix,E13,dlc_mismatch,shorter,103,116,118,5,5,0,5,115.99615226829052,118,False,dlc_mismatch,True,True,6,"{""dlc_mismatch"": 3, ""period_violation"": 1, ""statistical_deviation"": 1, ""frequency_increase"": 1}",{},"{""dbc"": 1, ""frequency"": 1}",True,100007.15175097279,5456.912074147441,"{""count"": 5, ""interval_s"": 0.05, ""variant"": ""shorter"", ""dbc_dlc"": 8, ""injected_dlc"": 7}",False,False,115.98423082334453,,,True,True,0.0,False,False,,True,False,0.0,True,True,0.65108513532968,True,False,0.0,False,False,,False,False,,True,True,True,,,,3,False
anomaly_seed829730_matrix_03,829730,matrix,E14,dlc_mismatch,longer,9,124,126,5,5,0,5,123.99711521996966,126,False,dlc_mismatch,True,True,5,"{""dlc_mismatch"": 1, ""period_violation"": 1, ""statistical_deviation"": 1, ""burst"": 1, ""frequency_increase"": 1}",{},"{""frequency"": 1}",True,999993.7318435755,6111.707218414739,"{""count"": 5, ""interval_s"": 0.05, ""variant"": ""longer"", ""dbc_dlc"": 3, ""injected_dlc"": 4}",False,False,123.57776689124586,123.57776689124586,,True,False,0.0,False,False,,True,False,0.0,True,True,0.650136133674863,True,False,0.0,True,False,0.14884425954711844,False,False,,True,True,True,,,,1,False
anomaly_seed829730_matrix_03,829730,matrix,E15,out_of_range_signal,just_above,6,132,134,5,5,0,5,132.00295818015826,134,False,signal_out_of_range,True,True,1,"{""signal_out_of_range"": 1}",{},{},True,,3344.839967517837,"{""count"": 5, ""interval_s"": 0.2, ""direction"": ""above"", ""raw_steps"": 1, ""variant"": ""just_above"", ""signal"": ""AccuFunSpeedIncrease"", ""raw_value"": 101, ""physical_value"": 101.0, ""minimum"": -100, ""maximum"": 100}",False,False,123.79059094969026,123.79059094969026,,True,False,0.0,False,False,,False,False,,False,False,,False,False,,False,False,,False,False,,True,True,True,,,,1,False
anomaly_seed829730_matrix_03,829730,matrix,E16,out_of_range_signal,just_below,6,140,142,5,5,0,5,139.9932371132072,142,False,signal_out_of_range,True,True,1,"{""signal_out_of_range"": 1}",{},{},True,,3344.839967517837,"{""count"": 5, ""interval_s"": 0.2, ""direction"": ""below"", ""raw_steps"": 1, ""variant"": ""just_below"", ""signal"": ""AccuFunSpeedIncrease"", ""raw_value"": -101, ""physical_value"": -101.0, ""minimum"": -100, ""maximum"": 100}",False,False,133.79059094969026,133.79059094969026,,True,False,0.0,False,False,,False,False,,False,False,,False,False,,False,False,,False,False,,False,True,True,,,,1,False
anomaly_seed829730_matrix_03,829730,matrix,E17,out_of_range_signal,far_above,6,148,150,5,5,0,5,147.99310806298217,150,False,signal_out_of_range,True,True,1,"{""signal_out_of_range"": 1}",{},{},True,,3344.839967517837,"{""count"": 5, ""interval_s"": 0.2, ""direction"": ""above"", ""raw_steps"": 10, ""variant"": ""far_above"", ""signal"": ""AccuFunSpeedIncrease"", ""raw_value"": 110, ""physical_value"": 110.0, ""minimum"": -100, ""maximum"": 100}",False,False,143.79059094969026,143.79059094969026,,True,False,0.0,False,False,,False,False,,False,False,,False,False,,False,False,,False,False,,False,True,True,,,,1,False
anomaly_seed86_matrix_01,86,matrix,E01,frequency_increase,mild,103,15,21,75,75,0,75,14.99834157898012,21.021835225719894,False,frequency_increase,False,True,34,"{""statistical_deviation"": 25, ""period_violation"": 9}",{},"{""period"": 9, ""three_sigma"": 24}",True,100002.67370761534,6280.035569353389,"{""frequency_factor"": 1.25, ""variant"": ""mild"", ""reference_period_s"": 0.1, ""anomalous_period_s"": 0.08}",False,False,14.917972858305337,,,False,False,,False,False,,True,True,0.3185448370399335,False,False,,True,True,0.0,False,False,,False,False,,True,True,True,,,,,
anomaly_seed86_matrix_01,86,matrix,E02,frequency_increase,medium,103,25,31,120,120,0,120,24.99932765026176,31.02333830160696,False,frequency_increase,True,True,3,"{""statistical_deviation"": 1, ""period_violation"": 1, ""frequency_increase"": 1}",{},"{""frequency"": 1}",True,100002.67370761534,6280.035569353389,"{""frequency_factor"": 2.0, ""variant"": ""medium"", ""reference_period_s"": 0.1, ""anomalous_period_s"": 0.05}",False,False,24.917972858305337,,,False,False,,False,False,,True,False,0.05189246216765042,True,True,0.9445804126696373,True,False,0.0,False,False,,False,False,,True,True,True,,,,,
anomaly_seed86_matrix_01,86,matrix,E03,frequency_increase,strong,103,35,41,240,240,0,240,35.002710742892525,41.02009733524255,False,frequency_increase,True,True,9,"{""statistical_deviation"": 1, ""period_violation"": 1, ""burst"": 6, ""frequency_increase"": 1}",{},"{""burst"": 5, ""frequency"": 1}",True,100002.67370761534,6280.035569353389,"{""frequency_factor"": 4.0, ""variant"": ""strong"", ""reference_period_s"": 0.1, ""anomalous_period_s"": 0.025}",False,False,34.91797285830533,,,False,False,,False,False,,True,False,0.027444244425588238,True,True,0.9412863833320912,True,False,0.0,True,True,0.3689972863824664,False,False,,True,True,True,,,,,
anomaly_seed86_matrix_01,86,matrix,E04,frequency_decrease,mild,103,45,51,48,48,0,48,44.998623768993454,51.01898838786515,False,frequency_decrease,False,True,15,"{""statistical_deviation"": 10, ""period_violation"": 5}","{""period"": 1, ""three_sigma"": 1}","{""three_sigma"": 9, ""period"": 5}",True,100002.67370761534,6280.035569353389,"{""frequency_factor"": 0.8, ""variant"": ""mild"", ""reference_period_s"": 0.1, ""anomalous_period_s"": 0.125}",False,False,44.91797285830534,,,False,False,,False,False,,True,True,1.7625756979399299,False,False,,True,True,0.0,False,False,,False,False,,True,True,True,,,,,
anomaly_seed86_matrix_01,86,matrix,E05,frequency_decrease,medium,103,55,61,30,30,0,30,55.00211486258537,61.02248048146723,False,frequency_decrease,False,True,2,"{""statistical_deviation"": 1, ""period_violation"": 1}",{},"{""period"": 1}",True,100002.67370761534,6280.035569353389,"{""frequency_factor"": 0.5, ""variant"": ""medium"", ""reference_period_s"": 0.1, ""anomalous_period_s"": 0.2}",False,False,54.91797285830534,,,False,False,,False,False,,True,True,0.19799776341836406,False,False,,True,False,0.0,False,False,,False,False,,True,True,True,,,,,
anomaly_seed86_matrix_01,86,matrix,E06,frequency_decrease,strong,103,65,71,15,15,0,15,64.99844589240877,71.02139053426002,False,frequency_decrease,True,True,18,"{""statistical_deviation"": 1, ""missing_frame"": 15, ""period_violation"": 1, ""frequency_decrease"": 1}",{},"{""timeout"": 14, ""period"": 1, ""frequency"": 1}",True,100002.67370761534,6280.035569353389,"{""frequency_factor"": 0.25, ""variant"": ""strong"", ""reference_period_s"": 0.1, ""anomalous_period_s"": 0.4}",False,False,64.91797285830535,,,False,False,,True,True,0.30791074232982396,True,True,0.40744562881326374,True,True,0.9458184236955134,True,False,0.0,False,False,,False,False,,True,True,True,,,,,
anomaly_seed86_matrix_01,86,matrix,E07,disappearance,short,103,75,76,0,0,0,0,75,76.02076605994827,False,missing_frame,True,True,2,"{""missing_frame"": 1, ""frequency_decrease"": 1}","{""period"": 1, ""three_sigma"": 1}","{""timeout"": 1}",True,100002.67370761534,6280.035569353389,"{""variant"": ""short""}",,,,,True,False,False,,True,True,0.24476114865446164,False,False,,True,False,0.9443533793974979,False,False,,False,False,,False,False,,True,True,True,,,,,
anomaly_seed86_matrix_01,86,matrix,E08,disappearance,long,103,80,85,0,0,0,0,80,85.01626817613896,False,missing_frame,True,True,2,"{""missing_frame"": 1, ""frequency_decrease"": 1}","{""period"": 1, ""three_sigma"": 1}","{""timeout"": 1, ""frequency"": 1}",True,100002.67370761534,6280.035569353389,"{""variant"": ""long""}",,,,,True,False,False,,True,True,0.24574368865533813,False,False,,True,True,0.9443979110441063,False,False,,False,False,,False,False,,True,True,True,,,,,
anomaly_seed86_matrix_01,86,matrix,E09,burst,threshold,257,90,92,4,4,0,4,90.00122357339752,92,False,burst,False,True,2,"{""period_violation"": 1, ""statistical_deviation"": 1}",{},{},True,99995.45803224017,6459.73935805271,"{""count"": 4, ""interval_s"": 0.02, ""variant"": ""threshold""}",False,False,89.97429665331003,,,False,False,,False,False,,True,False,0.0,False,False,,True,False,0.0,False,False,,False,False,,True,True,True,8.562,28.998,26.438,,
anomaly_seed86_matrix_01,86,matrix,E10,burst,dense,257,95,97,20,20,0,20,95.00517913987657,97,False,burst,True,True,4,"{""period_violation"": 1, ""statistical_deviation"": 1, ""burst"": 1, ""frequency_increase"": 1}",{},"{""frequency"": 1}",True,99995.45803224017,6459.73935805271,"{""count"": 20, ""interval_s"": 0.01, ""variant"": ""dense""}",False,False,94.97429665331003,,,False,False,,False,False,,True,False,0.0,True,True,0.9393523661073573,True,False,0.0,True,False,0.03300029390922532,False,False,,True,True,True,3.874,15.999,10.001,,
anomaly_seed86_matrix_01,86,matrix,E11,unknown_dbc_id,single,2045,103,104,1,1,0,1,102.99803432624311,104,False,unknown_id,True,True,1,"{""unknown_id"": 1}",{},{},True,,,"{""count"": 1, ""interval_s"": 0.05, ""data_hex"": ""DEADBEEF"", ""variant"": ""single""}",False,False,,,,True,False,0.0,False,False,,False,False,,False,False,,False,False,,False,False,,False,False,,False,True,True,,,,,
anomaly_seed86_matrix_01,86,matrix,E12,unknown_dbc_id,repeated,2045,108,110,8,8,0,8,108.00199089273141,110,False,unknown_id,True,True,1,"{""unknown_id"": 1}",{},{},True,,,"{""count"": 8, ""interval_s"": 0.05, ""data_hex"": ""DEADBEEF"", ""variant"": ""repeated""}",False,False,,,,True,False,0.0,False,False,,False,False,,False,False,,False,False,,False,False,,False,False,,True,True,True,,,,,
anomaly_seed86_matrix_01,86,matrix,E13,dlc_mismatch,shorter,6,116,118,5,5,0,5,116.00087013274992,118,False,dlc_mismatch,True,True,1,"{""dlc_mismatch"": 1}",{},{},True,,1960.3884827914296,"{""count"": 5, ""interval_s"": 0.05, ""variant"": ""shorter"", ""dbc_dlc"": 2, ""injected_dlc"": 1}",False,False,115.49949440617324,115.49949440617324,,True,False,0.0,False,False,,False,False,,False,False,,False,False,,False,False,,False,False,,True,True,True,,,,1,False
anomaly_seed86_matrix_01,86,matrix,E14,dlc_mismatch,longer,6,124,126,5,5,0,5,124.0008373824585,126,False,dlc_mismatch,False,False,0,{},{},{},True,,1960.3884827914296,"{""count"": 5, ""interval_s"": 0.05, ""variant"": ""longer"", ""dbc_dlc"": 2, ""injected_dlc"": 3}",True,False,115.49949440617324,115.49949440617324,,False,False,,False,False,,False,False,,False,False,,False,False,,False,False,,False,False,,False,False,False,,,,0,True
anomaly_seed86_matrix_01,86,matrix,E15,out_of_range_signal,just_above,6,132,134,5,5,0,5,132.00474766728445,134,False,signal_out_of_range,True,True,1,"{""signal_out_of_range"": 1}",{},{},True,,1960.3884827914296,"{""count"": 5, ""interval_s"": 0.2, ""direction"": ""above"", ""raw_steps"": 1, ""variant"": ""just_above"", ""signal"": ""AccuFunSpeedIncrease"", ""raw_value"": 101, ""physical_value"": 101.0, ""minimum"": -100, ""maximum"": 100}",False,False,125.49949440617324,125.49949440617324,,True,False,0.0,False,False,,False,False,,False,False,,False,False,,False,False,,False,False,,True,True,True,,,,1,False
anomaly_seed86_matrix_01,86,matrix,E16,out_of_range_signal,just_below,6,140,142,5,5,0,5,139.99767785431888,142,False,signal_out_of_range,True,True,1,"{""signal_out_of_range"": 1}",{},{},True,,1960.3884827914296,"{""count"": 5, ""interval_s"": 0.2, ""direction"": ""below"", ""raw_steps"": 1, ""variant"": ""just_below"", ""signal"": ""AccuFunSpeedIncrease"", ""raw_value"": -101, ""physical_value"": -101.0, ""minimum"": -100, ""maximum"": 100}",False,False,135.49949440617323,135.49949440617323,,True,False,0.0,False,False,,False,False,,False,False,,False,False,,False,False,,False,False,,False,True,True,,,,1,False
anomaly_seed86_matrix_01,86,matrix,E17,out_of_range_signal,far_above,6,148,150,5,5,0,5,148.00060613039832,150,False,signal_out_of_range,True,True,1,"{""signal_out_of_range"": 1}",{},{},True,,1960.3884827914296,"{""count"": 5, ""interval_s"": 0.2, ""direction"": ""above"", ""raw_steps"": 10, ""variant"": ""far_above"", ""signal"": ""AccuFunSpeedIncrease"", ""raw_value"": 110, ""physical_value"": 110.0, ""minimum"": -100, ""maximum"": 100}",False,False,145.49949440617323,145.49949440617323,,True,False,0.0,False,False,,False,False,,False,False,,False,False,,False,False,,False,False,,True,True,True,,,,1,False
anomaly_seed86_matrix_02,86,matrix,E01,frequency_increase,mild,103,15,21,75,75,0,75,15.000519611581582,21.01710323330924,False,frequency_increase,False,True,27,"{""statistical_deviation"": 24, ""period_violation"": 3}",{},"{""three_sigma"": 23, ""period"": 3}",True,100002.67370761534,6280.035569353389,"{""frequency_factor"": 1.25, ""variant"": ""mild"", ""reference_period_s"": 0.1, ""anomalous_period_s"": 0.08}",False,False,14.917972858305337,,,False,False,,False,False,,True,True,3.0392755107094853,False,False,,True,True,0.07940494936735654,False,False,,False,False,,True,True,True,,,,,
anomaly_seed86_matrix_02,86,matrix,E02,frequency_increase,medium,103,25,31,120,120,0,120,25.005073243984153,31.015648020890506,False,frequency_increase,True,True,3,"{""statistical_deviation"": 1, ""period_violation"": 1, ""frequency_increase"": 1}",{},"{""frequency"": 1}",True,100002.67370761534,6280.035569353389,"{""frequency_factor"": 2.0, ""variant"": ""medium"", ""reference_period_s"": 0.1, ""anomalous_period_s"": 0.05}",False,False,24.917972858305337,,,False,False,,False,False,,True,False,0.04441485298615078,True,True,0.5876678234782027,True,False,0.0,False,False,,False,False,,True,True,True,,,,,
anomaly_seed86_matrix_02,86,matrix,E03,frequency_increase,strong,103,35,41,240,240,0,240,35.00547398363441,41.01921267883323,False,frequency_increase,True,True,14,"{""statistical_deviation"": 1, ""period_violation"": 1, ""burst"": 11, ""frequency_increase"": 1}",{},"{""burst"": 11, ""frequency"": 1}",True,100002.67370761534,6280.035569353389,"{""frequency_factor"": 4.0, ""variant"": ""strong"", ""reference_period_s"": 0.1, ""anomalous_period_s"": 0.025}",False,False,34.91797285830533,,,False,False,,False,False,,True,False,0.019578494386088607,True,True,0.5870088404970772,True,False,0.0,True,True,0.1919920418063299,False,False,,True,True,True,,,,,
anomaly_seed86_matrix_02,86,matrix,E04,frequency_decrease,mild,103,45,51,48,48,0,48,45.00605871853435,51.01980641350015,False,frequency_decrease,False,True,20,"{""statistical_deviation"": 10, ""period_violation"": 10}","{""period"": 1, ""three_sigma"": 1}","{""period"": 10, ""three_sigma"": 9}",True,100002.67370761534,6280.035569353389,"{""frequency_factor"": 0.8, ""variant"": ""mild"", ""reference_period_s"": 0.1, ""anomalous_period_s"": 0.125}",False,False,44.91797285830534,,,False,False,,False,False,,True,True,0.24798759571972084,False,False,,True,True,0.0,False,False,,False,False,,True,True,True,,,,,
anomaly_seed86_matrix_02,86,matrix,E05,frequency_decrease,medium,103,55,61,30,30,0,30,55.002652556497786,61.01991916058854,False,frequency_decrease,False,True,2,"{""statistical_deviation"": 1, ""period_violation"": 1}",{},"{""period"": 1}",True,100002.67370761534,6280.035569353389,"{""frequency_factor"": 0.5, ""variant"": ""medium"", ""reference_period_s"": 0.1, ""anomalous_period_s"": 0.2}",False,False,54.91797285830534,,,False,False,,False,False,,True,True,0.20495870694186635,False,False,,True,False,0.0,False,False,,False,False,,True,True,True,,,,,
anomaly_seed86_matrix_02,86,matrix,E06,frequency_decrease,strong,103,65,71,15,15,0,15,65.00221531778982,71.02007490656558,False,frequency_decrease,True,True,18,"{""statistical_deviation"": 1, ""missing_frame"": 15, ""period_violation"": 1, ""frequency_decrease"": 1}",{},"{""timeout"": 14, ""period"": 1, ""frequency"": 1}",True,100002.67370761534,6280.035569353389,"{""frequency_factor"": 0.25, ""variant"": ""strong"", ""reference_period_s"": 0.1, ""anomalous_period_s"": 0.4}",False,False,64.91797285830535,,,False,False,,True,True,0.31051598092523136,True,True,0.40096264513948654,True,True,1.5894669520159823,True,False,0.0,False,False,,False,False,,True,True,True,,,,,
anomaly_seed86_matrix_02,86,matrix,E07,disappearance,short,103,75,76,0,0,0,0,75,76.01826482831112,False,missing_frame,True,True,2,"{""missing_frame"": 1, ""frequency_decrease"": 1}","{""period"": 1, ""three_sigma"": 1}","{""timeout"": 1, ""frequency"": 1}",True,100002.67370761534,6280.035569353389,"{""variant"": ""short""}",,,,,True,False,False,,True,True,0.24187987845283487,False,False,,True,True,0.5914498508080186,False,False,,False,False,,False,False,,True,True,True,,,,,
anomaly_seed86_matrix_02,86,matrix,E08,disappearance,long,103,80,85,0,0,0,0,80,85.01487249091802,False,missing_frame,True,True,2,"{""missing_frame"": 1, ""frequency_decrease"": 1}","{""period"": 1, ""three_sigma"": 1}","{""timeout"": 1, ""frequency"": 1}",True,100002.67370761534,6280.035569353389,"{""variant"": ""long""}",,,,,True,False,False,,True,True,0.25106951613022943,False,False,,True,True,0.5913207291425948,False,False,,False,False,,False,False,,True,True,True,,,,,
anomaly_seed86_matrix_02,86,matrix,E09,burst,threshold,257,90,92,4,4,0,4,90.00265568141764,92,False,burst,False,True,2,"{""period_violation"": 1, ""statistical_deviation"": 1}",{},{},True,99995.45803224017,6459.73935805271,"{""count"": 4, ""interval_s"": 0.02, ""variant"": ""threshold""}",False,False,89.97429665331003,,,False,False,,False,False,,True,False,0.0,False,False,,True,False,0.0,False,False,,False,False,,True,True,True,14.58,26.42,18.0,,
anomaly_seed86_matrix_02,86,matrix,E10,burst,dense,257,95,97,20,20,0,20,95.00387852483793,97,False,burst,True,True,4,"{""period_violation"": 1, ""statistical_deviation"": 1, ""burst"": 1, ""frequency_increase"": 1}",{},"{""frequency"": 1}",True,99995.45803224017,6459.73935805271,"{""count"": 20, ""interval_s"": 0.01, ""variant"": ""dense""}",False,False,94.97429665331003,,,False,False,,False,False,,True,False,0.0,True,True,0.5870548393083652,True,False,0.0,True,False,0.03455810753659705,False,False,,True,True,True,2.58,17.999,9.42,,
anomaly_seed86_matrix_02,86,matrix,E11,unknown_dbc_id,single,2045,103,104,1,1,0,1,103.00060800929855,104,False,unknown_id,True,True,1,"{""unknown_id"": 1}",{},{},True,,,"{""count"": 1, ""interval_s"": 0.05, ""data_hex"": ""DEADBEEF"", ""variant"": ""single""}",False,False,,,,True,False,0.0,False,False,,False,False,,False,False,,False,False,,False,False,,False,False,,True,True,True,,,,,
anomaly_seed86_matrix_02,86,matrix,E12,unknown_dbc_id,repeated,2045,108,110,8,8,0,8,107.99679598274422,110,False,unknown_id,True,True,1,"{""unknown_id"": 1}",{},{},True,,,"{""count"": 8, ""interval_s"": 0.05, ""data_hex"": ""DEADBEEF"", ""variant"": ""repeated""}",False,False,,,,True,False,0.0,False,False,,False,False,,False,False,,False,False,,False,False,,False,False,,False,True,True,,,,,
anomaly_seed86_matrix_02,86,matrix,E13,dlc_mismatch,shorter,6,116,118,5,5,0,5,116.00182125296614,118,False,dlc_mismatch,True,True,1,"{""dlc_mismatch"": 1}",{},{},True,,1960.3884827914296,"{""count"": 5, ""interval_s"": 0.05, ""variant"": ""shorter"", ""dbc_dlc"": 2, ""injected_dlc"": 1}",False,False,115.49949440617324,115.49949440617324,,True,False,0.0,False,False,,False,False,,False,False,,False,False,,False,False,,False,False,,True,True,True,,,,1,False
anomaly_seed86_matrix_02,86,matrix,E14,dlc_mismatch,longer,6,124,126,5,5,0,5,124.00008669776125,126,False,dlc_mismatch,False,False,0,{},{},{},True,,1960.3884827914296,"{""count"": 5, ""interval_s"": 0.05, ""variant"": ""longer"", ""dbc_dlc"": 2, ""injected_dlc"": 3}",True,False,115.49949440617324,115.49949440617324,,False,False,,False,False,,False,False,,False,False,,False,False,,False,False,,False,False,,False,False,False,,,,0,True
anomaly_seed86_matrix_02,86,matrix,E15,out_of_range_signal,just_above,6,132,134,5,5,0,5,132.00271802980743,134,False,signal_out_of_range,True,True,1,"{""signal_out_of_range"": 1}",{},{},True,,1960.3884827914296,"{""count"": 5, ""interval_s"": 0.2, ""direction"": ""above"", ""raw_steps"": 1, ""variant"": ""just_above"", ""signal"": ""AccuFunSpeedIncrease"", ""raw_value"": 101, ""physical_value"": 101.0, ""minimum"": -100, ""maximum"": 100}",False,False,125.49949440617324,125.49949440617324,,True,False,0.0,False,False,,False,False,,False,False,,False,False,,False,False,,False,False,,True,True,True,,,,1,False
anomaly_seed86_matrix_02,86,matrix,E16,out_of_range_signal,just_below,6,140,142,5,5,0,5,139.99194870792536,142,False,signal_out_of_range,True,True,1,"{""signal_out_of_range"": 1}",{},{},True,,1960.3884827914296,"{""count"": 5, ""interval_s"": 0.2, ""direction"": ""below"", ""raw_steps"": 1, ""variant"": ""just_below"", ""signal"": ""AccuFunSpeedIncrease"", ""raw_value"": -101, ""physical_value"": -101.0, ""minimum"": -100, ""maximum"": 100}",False,False,135.49949440617323,135.49949440617323,,True,False,0.0,False,False,,False,False,,False,False,,False,False,,False,False,,False,False,,False,True,True,,,,1,False
anomaly_seed86_matrix_02,86,matrix,E17,out_of_range_signal,far_above,6,148,150,5,5,0,5,147.99501902863412,150,False,signal_out_of_range,True,True,1,"{""signal_out_of_range"": 1}",{},{},True,,1960.3884827914296,"{""count"": 5, ""interval_s"": 0.2, ""direction"": ""above"", ""raw_steps"": 10, ""variant"": ""far_above"", ""signal"": ""AccuFunSpeedIncrease"", ""raw_value"": 110, ""physical_value"": 110.0, ""minimum"": -100, ""maximum"": 100}",False,False,145.49949440617323,145.49949440617323,,True,False,0.0,False,False,,False,False,,False,False,,False,False,,False,False,,False,False,,False,True,True,,,,1,False
anomaly_seed86_matrix_03,86,matrix,E01,frequency_increase,mild,103,15,21,75,75,0,75,15.002075825918732,21.022504378015434,False,frequency_increase,False,True,34,"{""statistical_deviation"": 28, ""period_violation"": 6}",{},"{""three_sigma"": 26, ""period"": 6}",True,100002.67370761534,6280.035569353389,"{""frequency_factor"": 1.25, ""variant"": ""mild"", ""reference_period_s"": 0.1, ""anomalous_period_s"": 0.08}",False,False,14.917972858305337,,,False,False,,False,False,,True,True,1.3554101667328329,False,False,,True,True,0.0,False,False,,False,False,,True,True,True,,,,,
anomaly_seed86_matrix_03,86,matrix,E02,frequency_increase,medium,103,25,31,120,120,0,120,25.00295903242391,31.017960467736696,False,frequency_increase,True,True,3,"{""statistical_deviation"": 1, ""period_violation"": 1, ""frequency_increase"": 1}",{},"{""frequency"": 1}",True,100002.67370761534,6280.035569353389,"{""frequency_factor"": 2.0, ""variant"": ""medium"", ""reference_period_s"": 0.1, ""anomalous_period_s"": 0.05}",False,False,24.917972858305337,,,False,False,,False,False,,True,False,0.05200411906433189,True,True,1.0469175283569676,True,False,0.0,False,False,,False,False,,True,True,True,,,,,
anomaly_seed86_matrix_03,86,matrix,E03,frequency_increase,strong,103,35,41,240,240,0,240,35.00299522070298,41.02000769929048,False,frequency_increase,True,True,13,"{""statistical_deviation"": 1, ""period_violation"": 1, ""burst"": 10, ""frequency_increase"": 1}",{},"{""burst"": 9, ""frequency"": 1}",True,100002.67370761534,6280.035569353389,"{""frequency_factor"": 4.0, ""variant"": ""strong"", ""reference_period_s"": 0.1, ""anomalous_period_s"": 0.025}",False,False,34.91797285830533,,,False,False,,False,False,,True,False,0.02600055949937996,True,True,1.0470965322085632,True,False,0.0,True,True,0.22200177720038994,False,False,,True,True,True,,,,,
anomaly_seed86_matrix_03,86,matrix,E04,frequency_decrease,mild,103,45,51,48,48,0,48,45.003033409024845,51.02061689989941,False,frequency_decrease,False,True,15,"{""statistical_deviation"": 8, ""period_violation"": 7}","{""period"": 1}","{""period"": 7, ""three_sigma"": 7}",True,100002.67370761534,6280.035569353389,"{""frequency_factor"": 0.8, ""variant"": ""mild"", ""reference_period_s"": 0.1, ""anomalous_period_s"": 0.125}",False,False,44.91797285830534,,,False,False,,False,False,,True,True,0.3855612967972277,False,False,,True,True,0.0,False,False,,False,False,,True,True,True,,,,,
anomaly_seed86_matrix_03,86,matrix,E05,frequency_decrease,medium,103,55,61,30,30,0,30,55.00016253474751,61.01965506670186,False,frequency_decrease,False,True,2,"{""statistical_deviation"": 1, ""period_violation"": 1}",{},"{""period"": 1}",True,100002.67370761534,6280.035569353389,"{""frequency_factor"": 0.5, ""variant"": ""medium"", ""reference_period_s"": 0.1, ""anomalous_period_s"": 0.2}",False,False,54.91797285830534,,,False,False,,False,False,,True,True,0.20746946448304016,False,False,,True,False,0.0,False,False,,False,False,,True,True,True,,,,,
anomaly_seed86_matrix_03,86,matrix,E06,frequency_decrease,strong,103,65,71,15,15,0,15,65.00366779767603,71.0211312859686,False,frequency_decrease,True,True,18,"{""statistical_deviation"": 1, ""missing_frame"": 15, ""period_violation"": 1, ""frequency_decrease"": 1}",{},"{""timeout"": 14, ""period"": 1, ""frequency"": 1}",True,100002.67370761534,6280.035569353389,"{""frequency_factor"": 0.25, ""variant"": ""strong"", ""reference_period_s"": 0.1, ""anomalous_period_s"": 0.4}",False,False,64.91797285830535,,,False,False,,True,True,0.30433654894206086,True,True,0.4030046721565981,True,True,1.047069531627514,True,False,0.0,False,False,,False,False,,True,True,True,,,,,
anomaly_seed86_matrix_03,86,matrix,E07,disappearance,short,103,75,76,0,0,0,0,75,76.02170989216977,False,missing_frame,True,True,1,"{""missing_frame"": 1}","{""period"": 1, ""three_sigma"": 1, ""frequency"": 1}","{""timeout"": 1}",True,100002.67370761534,6280.035569353389,"{""variant"": ""short""}",,,,,True,False,False,,True,True,0.22993485416036208,False,False,,False,False,,False,False,,False,False,,False,False,,True,True,True,,,,,
anomaly_seed86_matrix_03,86,matrix,E08,disappearance,long,103,80,85,0,0,0,0,80,85.02416361372008,False,missing_frame,True,True,2,"{""missing_frame"": 1, ""frequency_decrease"": 1}","{""period"": 1, ""three_sigma"": 1}","{""timeout"": 1, ""frequency"": 1}",True,100002.67370761534,6280.035569353389,"{""variant"": ""long""}",,,,,True,False,False,,True,True,0.23004245022569592,False,False,,True,True,1.0510601174995458,False,False,,False,False,,False,False,,True,True,True,,,,,
anomaly_seed86_matrix_03,86,matrix,E09,burst,threshold,257,90,92,4,4,0,4,90.00224373578173,92,False,burst,False,True,2,"{""period_violation"": 1, ""statistical_deviation"": 1}",{},{},True,99995.45803224017,6459.73935805271,"{""count"": 4, ""interval_s"": 0.02, ""variant"": ""threshold""}",False,False,89.97429665331003,,,False,False,,False,False,,True,False,0.0,False,False,,True,False,0.0,False,False,,False,False,,True,True,True,15.0,24.999,24.52,,
anomaly_seed86_matrix_03,86,matrix,E10,burst,dense,257,95,97,20,19,1,19,95.00425137273378,97,False,burst,True,True,4,"{""period_violation"": 1, ""statistical_deviation"": 1, ""burst"": 1, ""frequency_increase"": 1}",{},"{""frequency"": 1}",True,99995.45803224017,6459.73935805271,"{""count"": 20, ""interval_s"": 0.01, ""variant"": ""dense""}",False,False,94.97429665331003,,,False,False,,False,False,,True,False,0.0,True,True,1.0471315329617568,True,False,0.0,True,False,0.03497675265590772,False,False,,True,True,True,2.593,18.975,9.514,,
anomaly_seed86_matrix_03,86,matrix,E11,unknown_dbc_id,single,2045,103,104,1,1,0,1,103.00426852310311,104,False,unknown_id,True,True,1,"{""unknown_id"": 1}",{},{},True,,,"{""count"": 1, ""interval_s"": 0.05, ""data_hex"": ""DEADBEEF"", ""variant"": ""single""}",False,False,,,,True,False,0.0,False,False,,False,False,,False,False,,False,False,,False,False,,False,False,,True,True,True,,,,,
anomaly_seed86_matrix_03,86,matrix,E12,unknown_dbc_id,repeated,2045,108,110,8,8,0,8,108.0041761148642,110,False,unknown_id,True,True,1,"{""unknown_id"": 1}",{},{},True,,,"{""count"": 8, ""interval_s"": 0.05, ""data_hex"": ""DEADBEEF"", ""variant"": ""repeated""}",False,False,,,,True,False,0.0,False,False,,False,False,,False,False,,False,False,,False,False,,False,False,,True,True,True,,,,,
anomaly_seed86_matrix_03,86,matrix,E13,dlc_mismatch,shorter,6,116,118,5,5,0,5,116.00433026818165,118,False,dlc_mismatch,True,True,1,"{""dlc_mismatch"": 1}",{},{},True,,1960.3884827914296,"{""count"": 5, ""interval_s"": 0.05, ""variant"": ""shorter"", ""dbc_dlc"": 2, ""injected_dlc"": 1}",False,False,115.49949440617324,115.49949440617324,,True,False,0.0,False,False,,False,False,,False,False,,False,False,,False,False,,False,False,,True,True,True,,,,1,False
anomaly_seed86_matrix_03,86,matrix,E14,dlc_mismatch,longer,6,124,126,5,5,0,5,124.00439641960473,126,False,dlc_mismatch,False,False,0,{},{},{},True,,1960.3884827914296,"{""count"": 5, ""interval_s"": 0.05, ""variant"": ""longer"", ""dbc_dlc"": 2, ""injected_dlc"": 3}",True,False,115.49949440617324,115.49949440617324,,False,False,,False,False,,False,False,,False,False,,False,False,,False,False,,False,False,,False,False,False,,,,0,True
anomaly_seed86_matrix_03,86,matrix,E15,out_of_range_signal,just_above,6,132,134,5,5,0,5,132.0053935910627,134,False,signal_out_of_range,True,True,1,"{""signal_out_of_range"": 1}",{},{},True,,1960.3884827914296,"{""count"": 5, ""interval_s"": 0.2, ""direction"": ""above"", ""raw_steps"": 1, ""variant"": ""just_above"", ""signal"": ""AccuFunSpeedIncrease"", ""raw_value"": 101, ""physical_value"": 101.0, ""minimum"": -100, ""maximum"": 100}",False,False,125.49949440617324,125.49949440617324,,True,False,0.0,False,False,,False,False,,False,False,,False,False,,False,False,,False,False,,True,True,True,,,,1,False
anomaly_seed86_matrix_03,86,matrix,E16,out_of_range_signal,just_below,6,140,142,5,5,0,5,140.00443872051554,142,False,signal_out_of_range,True,True,1,"{""signal_out_of_range"": 1}",{},{},True,,1960.3884827914296,"{""count"": 5, ""interval_s"": 0.2, ""direction"": ""below"", ""raw_steps"": 1, ""variant"": ""just_below"", ""signal"": ""AccuFunSpeedIncrease"", ""raw_value"": -101, ""physical_value"": -101.0, ""minimum"": -100, ""maximum"": 100}",False,False,135.49949440617323,135.49949440617323,,True,False,0.0,False,False,,False,False,,False,False,,False,False,,False,False,,False,False,,True,True,True,,,,1,False
anomaly_seed86_matrix_03,86,matrix,E17,out_of_range_signal,far_above,6,148,150,5,5,0,5,148.00531188930498,150,False,signal_out_of_range,True,True,1,"{""signal_out_of_range"": 1}",{},{},True,,1960.3884827914296,"{""count"": 5, ""interval_s"": 0.2, ""direction"": ""above"", ""raw_steps"": 10, ""variant"": ""far_above"", ""signal"": ""AccuFunSpeedIncrease"", ""raw_value"": 110, ""physical_value"": 110.0, ""minimum"": -100, ""maximum"": 100}",False,False,145.49949440617323,145.49949440617323,,True,False,0.0,False,False,,False,False,,False,False,,False,False,,False,False,,False,False,,True,True,True,,,,1,False
