session,seed,kind,category,quality_masked,type,method,ts64,absolute_time,session_index,channel,can_id,seq,measured,expected,unit,quality,last_seen_us,relative_s,window_start_us,window_end_us,signal
anomalies_smoke_03,42,smoke,outside_run,False,missing_frame,timeout,13369111845,,0,1,13,,300000,299983.0957683745,us,check_quality_intervals,,-4.112280103506577,,,
anomalies_smoke_03,42,smoke,outside_run,False,missing_frame,timeout,13369111845,,0,1,1028,,300000,299993.79621380876,us,check_quality_intervals,,-4.112280103506577,,,
anomalies_smoke_03,42,smoke,outside_run,False,missing_frame,timeout,13369111845,,0,1,1280,,300000,299952.3992204901,us,check_quality_intervals,,-4.112280103506577,,,
anomalies_smoke_03,42,smoke,outside_run,False,missing_frame,timeout,13369111845,,0,1,1553,,300000,299985.0534521154,us,check_quality_intervals,,-4.112280103506577,,,
anomalies_smoke_03,42,smoke,outside_run,False,missing_frame,timeout,13369111845,,0,1,1760,,300000,299966.2316258352,us,check_quality_intervals,,-4.112280103506577,,,
anomalies_smoke_03,42,smoke,outside_run,False,missing_frame,timeout,13369211845,,0,1,26,,400000,300027.4927616924,us,check_quality_intervals,,-4.012279566003324,,,
anomalies_smoke_03,42,smoke,outside_run,False,missing_frame,timeout,13369411845,,0,1,1036,,600000,599983.1183035711,us,check_quality_intervals,,-3.8122784909968184,,,
anomalies_smoke_03,42,smoke,outside_run,False,missing_frame,timeout,13369411845,,0,1,1317,,600000,599980.1450892863,us,check_quality_intervals,,-3.8122784909968184,,,
anomalies_smoke_03,42,smoke,outside_run,False,missing_frame,timeout,13369511845,,0,1,1038,,700000,600039.2845982139,us,check_quality_intervals,,-3.7122779534935653,,,
anomalies_smoke_03,42,smoke,outside_run,False,frequency_decrease,frequency,13369811845,,0,1,13,,0,"{""min"": 5.000281753069822, ""max"": 15.000845259209466}",frames/window,check_quality_intervals,,-3.412276340985626,13368811845,13369811845,
anomalies_smoke_03,42,smoke,outside_run,False,frequency_decrease,frequency,13369811845,,0,1,26,,0,"{""min"": 4.9995418292930545, ""max"": 14.998625487879163}",frames/window,check_quality_intervals,,-3.412276340985626,13368811845,13369811845,
anomalies_smoke_03,42,smoke,outside_run,False,frequency_decrease,frequency,13369811845,,0,1,1028,,0,"{""min"": 5.000103398574729, ""max"": 15.000310195724186}",frames/window,check_quality_intervals,,-3.412276340985626,13368811845,13369811845,
anomalies_smoke_03,42,smoke,outside_run,False,frequency_decrease,frequency,13369811845,,0,1,1036,,0,"{""min"": 2.5000703423809516, ""max"": 7.500211027142855}",frames/window,check_quality_intervals,,-3.412276340985626,13368811845,13369811845,
anomalies_smoke_03,42,smoke,outside_run,False,frequency_decrease,frequency,13369811845,,0,1,1038,,0,"{""min"": 2.499836324890627, ""max"": 7.4995089746718815}",frames/window,check_quality_intervals,,-3.412276340985626,13368811845,13369811845,
anomalies_smoke_03,42,smoke,outside_run,False,frequency_decrease,frequency,13369811845,,0,1,1280,,0,"{""min"": 5.00079347222482, ""max"": 15.002380416674459}",frames/window,check_quality_intervals,,-3.412276340985626,13368811845,13369811845,
anomalies_smoke_03,42,smoke,outside_run,False,frequency_decrease,frequency,13369811845,,0,1,1317,,0,"{""min"": 2.5000827315323524, ""max"": 7.500248194597058}",frames/window,check_quality_intervals,,-3.412276340985626,13368811845,13369811845,
anomalies_smoke_03,42,smoke,outside_run,False,frequency_decrease,frequency,13369811845,,0,1,1326,,0,"{""min"": 5.1434463549826503e-05, ""max"": 2.0000514344635496}",frames/window,check_quality_intervals,,-3.412276340985626,13368811845,13369811845,
anomalies_smoke_03,42,smoke,outside_run,False,frequency_decrease,frequency,13369811845,,0,1,1553,,0,"{""min"": 5.000249121543101, ""max"": 15.000747364629303}",frames/window,check_quality_intervals,,-3.412276340985626,13368811845,13369811845,
anomalies_smoke_03,42,smoke,outside_run,False,frequency_decrease,frequency,13369811845,,0,1,1760,,0,"{""min"": 5.0005628695933835, ""max"": 15.00168860878015}",frames/window,check_quality_intervals,,-3.412276340985626,13368811845,13369811845,
anomalies_smoke_03,42,smoke,outside_run,False,frequency_decrease,frequency,13369811845,,0,1,2026,,0,"{""min"": 3.7705967141032914e-05, ""max"": 2.000037705967141}",frames/window,check_quality_intervals,,-3.412276340985626,13368811845,13369811845,
anomalies_smoke_03,42,smoke,outside_run,False,missing_frame,timeout,13371811845,,0,1,1326,,3000000,2999845.7045454546,us,check_quality_intervals,,-1.412265590927844,,,
anomalies_smoke_03,42,smoke,outside_run,False,missing_frame,timeout,13371811845,,0,1,2026,,3000000,2999886.886363636,us,check_quality_intervals,,-1.412265590927844,,,
anomalies_smoke_03,42,smoke,outside_run,False,missing_frame,timeout,13371911848,,0,1,1324,,3100003,3000086.5909090918,us,check_quality_intervals,,-1.3122620534092695,,,
anomalies_smoke_03,42,smoke,outside_run,False,missing_frame,timeout,13371911848,,0,1,1327,,3100003,3000158.3181818193,us,check_quality_intervals,,-1.3122620534092695,,,
anomalies_smoke_03,42,smoke,background_candidate,False,statistical_deviation,three_sigma,13384686910,,0,1,1326,15253,987984,"{""mean"": 999948.5681818182, ""std"": 3928.582001283134, ""sigma"": 3.0}",us,check_quality_intervals,,11.46286861291868,,,
anomalies_smoke_03,42,smoke,target_episode,False,period_violation,period,13388222392,,0,1,13,15642,1091,"{""min"": 69996.0556792874, ""max"": 129992.6748329623}",us,check_quality_intervals,,14.998369616235893,,,
anomalies_smoke_03,42,smoke,target_episode,False,statistical_deviation,three_sigma,13388222392,,0,1,13,15642,1091,"{""mean"": 99994.36525612485, ""std"": 5335.312179171525, ""sigma"": 3.0}",us,check_quality_intervals,,14.998369616235893,,,
anomalies_smoke_03,42,smoke,target_episode,False,period_violation,period,13388359860,,0,1,13,15659,67407,"{""min"": 69996.0556792874, ""max"": 129992.6748329623}",us,check_quality_intervals,,15.135838355131172,,,
anomalies_smoke_03,42,smoke,target_episode,False,period_violation,period,13388561857,,0,1,13,15681,65530,"{""min"": 69996.0556792874, ""max"": 129992.6748329623}",us,check_quality_intervals,,15.337836440871003,,,
anomalies_smoke_03,42,smoke,target_episode,False,period_violation,period,13388751292,,0,1,13,15706,61437,"{""min"": 69996.0556792874, ""max"": 129992.6748329623}",us,check_quality_intervals,,15.527272459089831,,,
anomalies_smoke_03,42,smoke,target_episode,False,period_violation,period,13388957430,,0,1,13,15729,59162,"{""min"": 69996.0556792874, ""max"": 129992.6748329623}",us,check_quality_intervals,,15.733411567087092,,,
anomalies_smoke_03,42,smoke,target_episode,False,period_violation,period,13389287843,,0,1,13,15766,56997,"{""min"": 69996.0556792874, ""max"": 129992.6748329623}",us,check_quality_intervals,,16.063826343066193,,,
anomalies_smoke_03,42,smoke,target_episode,False,period_violation,period,13389751272,,0,1,13,15822,61996,"{""min"": 69996.0556792874, ""max"": 129992.6748329623}",us,check_quality_intervals,,16.52725783400991,,,
anomalies_smoke_03,42,smoke,target_episode,False,period_violation,period,13389957833,,0,1,13,15845,59999,"{""min"": 69996.0556792874, ""max"": 129992.6748329623}",us,check_quality_intervals,,16.733819944282125,,,
anomalies_smoke_03,42,smoke,target_episode,False,period_violation,period,13390285826,,0,1,13,15882,58420,"{""min"": 69996.0556792874, ""max"": 129992.6748329623}",us,check_quality_intervals,,17.061814707252946,,,
anomalies_smoke_03,42,smoke,target_episode,False,period_violation,period,13390551401,,0,1,13,15913,63579,"{""min"": 69996.0556792874, ""max"": 129992.6748329623}",us,check_quality_intervals,,17.327391134727506,,,
anomalies_smoke_03,42,smoke,target_episode,False,period_violation,period,13390821256,,0,1,13,15944,57019,"{""min"": 69996.0556792874, ""max"": 129992.6748329623}",us,check_quality_intervals,,17.59724758520457,,,
anomalies_smoke_03,42,smoke,target_episode,False,period_violation,period,13390951254,,0,1,13,15961,59440,"{""min"": 69996.0556792874, ""max"": 129992.6748329623}",us,check_quality_intervals,,17.727246283947917,,,
anomalies_smoke_03,42,smoke,target_episode,False,period_violation,period,13391093390,,0,1,13,15974,69577,"{""min"": 69996.0556792874, ""max"": 129992.6748329623}",us,check_quality_intervals,,17.869383047933415,,,
anomalies_smoke_03,42,smoke,target_episode,False,period_violation,period,13391282808,,0,1,13,15997,57997,"{""min"": 69996.0556792874, ""max"": 129992.6748329623}",us,check_quality_intervals,,18.05880206606057,,,
anomalies_smoke_03,42,smoke,target_episode,False,period_violation,period,13391429246,,0,1,13,16014,65017,"{""min"": 69996.0556792874, ""max"": 129992.6748329623}",us,check_quality_intervals,,18.205240853168814,,,
anomalies_smoke_03,42,smoke,target_episode,False,period_violation,period,13391617241,,0,1,13,16034,55018,"{""min"": 69996.0556792874, ""max"": 129992.6748329623}",us,check_quality_intervals,,18.393236863647598,,,
anomalies_smoke_03,42,smoke,target_episode,False,period_violation,period,13391751240,,0,1,13,16053,61439,"{""min"": 69996.0556792874, ""max"": 129992.6748329623}",us,check_quality_intervals,,18.52723658389577,,,
anomalies_smoke_03,42,smoke,target_episode,False,period_violation,period,13391959237,,0,1,13,16076,61437,"{""min"": 69996.0556792874, ""max"": 129992.6748329623}",us,check_quality_intervals,,18.735234701885176,,,
anomalies_smoke_03,42,smoke,target_episode,False,period_violation,period,13392156214,,0,1,13,16098,58980,"{""min"": 69996.0556792874, ""max"": 129992.6748329623}",us,check_quality_intervals,,18.93221276064367,,,
anomalies_smoke_03,42,smoke,target_episode,False,period_violation,period,13392361228,,0,1,13,16121,68433,"{""min"": 69996.0556792874, ""max"": 129992.6748329623}",us,check_quality_intervals,,19.13722786259905,,,
anomalies_smoke_03,42,smoke,target_episode,False,period_violation,period,13392563367,,0,1,13,16143,65580,"{""min"": 69996.0556792874, ""max"": 129992.6748329623}",us,check_quality_intervals,,19.33936794910291,,,
anomalies_smoke_03,42,smoke,target_episode,False,period_violation,period,13392757222,,0,1,13,16168,61436,"{""min"": 69996.0556792874, ""max"": 129992.6748329623}",us,check_quality_intervals,,19.533223991078668,,,
anomalies_smoke_03,42,smoke,target_episode,False,period_violation,period,13392949780,,0,1,13,16191,58553,"{""min"": 69996.0556792874, ""max"": 129992.6748329623}",us,check_quality_intervals,,19.725783026084127,,,
anomalies_smoke_03,42,smoke,target_episode,False,period_violation,period,13393086246,,0,1,13,16204,54047,"{""min"": 69996.0556792874, ""max"": 129992.6748329623}",us,check_quality_intervals,,19.862249759592746,,,
anomalies_smoke_03,42,smoke,target_episode,False,period_violation,period,13393284303,,0,1,13,16227,58108,"{""min"": 69996.0556792874, ""max"": 129992.6748329623}",us,check_quality_intervals,,20.060307824154453,,,
anomalies_smoke_03,42,smoke,target_episode,False,period_violation,period,13393550189,,0,1,13,16258,62979,"{""min"": 69996.0556792874, ""max"": 129992.6748329623}",us,check_quality_intervals,,20.32619525329861,,,
anomalies_smoke_03,42,smoke,target_episode,False,period_violation,period,13393685765,,0,1,13,16273,57575,"{""min"": 69996.0556792874, ""max"": 129992.6748329623}",us,check_quality_intervals,,20.46177198202411,,,
anomalies_smoke_03,42,smoke,target_episode,False,period_violation,period,13393819766,,0,1,13,16289,56549,"{""min"": 69996.0556792874, ""max"": 129992.6748329623}",us,check_quality_intervals,,20.59577370228371,,,
anomalies_smoke_03,42,smoke,target_episode,False,period_violation,period,13393951202,,0,1,13,16306,59435,"{""min"": 69996.0556792874, ""max"": 129992.6748329623}",us,check_quality_intervals,,20.727210408755674,,,
anomalies_smoke_03,42,smoke,target_episode,False,period_violation,period,13394155205,,0,1,13,16328,60445,"{""min"": 69996.0556792874, ""max"": 129992.6748329623}",us,check_quality_intervals,,20.931214505276614,,,
anomalies_smoke_03,42,smoke,target_episode,False,period_violation,period,13394285339,,0,1,13,16342,58131,"{""min"": 69996.0556792874, ""max"": 129992.6748329623}",us,check_quality_intervals,,21.06134920475153,,,
anomalies_smoke_03,42,smoke,target_episode,False,period_violation,period,13394555196,,0,1,13,16374,62442,"{""min"": 69996.0556792874, ""max"": 129992.6748329623}",us,check_quality_intervals,,21.33120765524002,,,
anomalies_smoke_03,42,smoke,target_episode,False,period_violation,period,13394751191,,0,1,13,16400,59022,"{""min"": 69996.0556792874, ""max"": 129992.6748329623}",us,check_quality_intervals,,21.527203708718847,,,
anomalies_smoke_03,42,smoke,target_episode,False,period_violation,period,13394887746,,0,1,13,16414,60555,"{""min"": 69996.0556792874, ""max"": 129992.6748329623}",us,check_quality_intervals,,21.663759442706873,,,
anomalies_smoke_03,42,smoke,target_episode,False,period_violation,period,13395015746,,0,1,13,16428,52000,"{""min"": 69996.0556792874, ""max"": 129992.6748329623}",us,check_quality_intervals,,21.791760130709363,,,
anomalies_smoke_03,42,smoke,target_episode,False,period_violation,period,13395287738,,0,1,13,16459,58558,"{""min"": 69996.0556792874, ""max"": 129992.6748329623}",us,check_quality_intervals,,22.063753592675994,,,
anomalies_smoke_03,42,smoke,target_episode,False,period_violation,period,13395618735,,0,1,13,16496,56583,"{""min"": 69996.0556792874, ""max"": 129992.6748329623}",us,check_quality_intervals,,22.394752371793547,,,
anomalies_smoke_03,42,smoke,target_episode,False,period_violation,period,13395751171,,0,1,13,16515,60442,"{""min"": 69996.0556792874, ""max"": 129992.6748329623}",us,check_quality_intervals,,22.527189083640742,,,
anomalies_smoke_03,42,smoke,target_episode,False,period_violation,period,13395887728,,0,1,13,16529,60548,"{""min"": 69996.0556792874, ""max"": 129992.6748329623}",us,check_quality_intervals,,22.663746817638376,,,
anomalies_smoke_03,42,smoke,target_episode,False,period_violation,period,13396029727,,0,1,13,16546,66556,"{""min"": 69996.0556792874, ""max"": 129992.6748329623}",us,check_quality_intervals,,22.80574658088659,,,
anomalies_smoke_03,42,smoke,target_episode,False,period_violation,period,13400223651,,0,1,13,17011,999,"{""min"": 69996.0556792874, ""max"": 129992.6748329623}",us,check_quality_intervals,,26.99969312335032,,,
anomalies_smoke_03,42,smoke,target_episode,False,statistical_deviation,three_sigma,13400223651,,0,1,13,17011,999,"{""mean"": 99994.36525612485, ""std"": 5335.312179171525, ""sigma"": 3.0}",us,check_quality_intervals,,26.99969312335032,,,
anomalies_smoke_03,42,smoke,target_episode,False,frequency_increase,frequency,13400811845,,0,1,13,,29,"{""min"": 5.000281753069822, ""max"": 15.000845259209466}",frames/window,check_quality_intervals,,27.587890284909992,13399811845,13400811845,
anomalies_smoke_03,42,smoke,target_episode,False,burst,burst,13403273603,,0,1,13,17435,4,"{""min_frames"": 4, ""max_interval_us"": 24998.59131403121}",frames,check_quality_intervals,,30.049661516929827,,,
anomalies_smoke_03,42,smoke,target_episode,False,burst,burst,13404397021,,0,1,13,17593,4,"{""min_frames"": 4, ""max_interval_us"": 24998.59131403121}",frames,check_quality_intervals,,31.17308555533507,,,
anomalies_smoke_03,42,smoke,background_candidate,False,statistical_deviation,three_sigma,13410685462,,0,1,1326,18404,985987,"{""mean"": 999948.5681818182, ""std"": 3928.582001283134, ""sigma"": 3.0}",us,check_quality_intervals,,37.46156035588591,,,
anomalies_smoke_03,42,smoke,target_episode,False,period_violation,period,13412225864,,0,1,13,18575,840,"{""min"": 69996.0556792874, ""max"": 129992.6748329623}",us,check_quality_intervals,,39.001970635591704,,,
anomalies_smoke_03,42,smoke,target_episode,False,statistical_deviation,three_sigma,13412225864,,0,1,13,18575,840,"{""mean"": 99994.36525612485, ""std"": 5335.312179171525, ""sigma"": 3.0}",us,check_quality_intervals,,39.001970635591704,,,
anomalies_smoke_03,42,smoke,target_episode,False,frequency_decrease,frequency,13413811845,,0,1,13,,5,"{""min"": 5.000281753069822, ""max"": 15.000845259209466}",frames/window,check_quality_intervals,,40.587960160285576,13412811845,13413811845,
anomalies_smoke_03,42,smoke,other_id_during_episode,False,statistical_deviation,three_sigma,13415780821,,0,1,2026,18948,1010828,"{""mean"": 999962.2954545453, ""std"": 3434.6972446937166, ""sigma"": 3.0}",us,check_quality_intervals,,42.55694674358857,,,
anomalies_smoke_03,42,smoke,other_id_during_episode,False,statistical_deviation,three_sigma,13416699354,,0,1,1326,19045,1013981,"{""mean"": 999948.5681818182, ""std"": 3928.582001283134, ""sigma"": 3.0}",us,check_quality_intervals,,43.475484680730005,,,
anomalies_smoke_03,42,smoke,target_episode,False,missing_frame,timeout,13424537230,,0,1,13,,316411,299983.0957683745,us,check_quality_intervals,13424220819,51.31340280953955,,,
anomalies_smoke_03,42,smoke,target_episode,False,frequency_decrease,frequency,13424811845,,0,1,13,,5,"{""min"": 5.000281753069822, ""max"": 15.000845259209466}",frames/window,check_quality_intervals,,51.58801928560337,13423811845,13424811845,
anomalies_smoke_03,42,smoke,other_id_during_episode,False,statistical_deviation,three_sigma,13428698145,,0,1,1326,20303,1013401,"{""mean"": 999948.5681818182, ""std"": 3928.582001283134, ""sigma"": 3.0}",us,check_quality_intervals,,55.474340174578266,,,
anomalies_smoke_03,42,smoke,target_recovery,False,period_violation,period,13432328096,,0,1,13,20668,8107277,"{""min"": 69996.0556792874, ""max"": 129992.6748329623}",us,check_quality_intervals,,59.10431068566875,,,
anomalies_smoke_03,42,smoke,target_recovery,False,statistical_deviation,three_sigma,13432328096,,0,1,13,20668,8107277,"{""mean"": 99994.36525612485, ""std"": 5335.312179171525, ""sigma"": 3.0}",us,check_quality_intervals,,59.10431068566875,,,
anomalies_smoke_03,42,smoke,background_candidate,False,statistical_deviation,three_sigma,13434782492,,0,1,2026,20940,1011423,"{""mean"": 999962.2954545453, ""std"": 3434.6972446937166, ""sigma"": 3.0}",us,check_quality_intervals,,61.558719878119156,,,
anomalies_smoke_03,42,smoke,target_episode,False,period_violation,period,13436221018,,0,1,26,21099,16972,"{""min"": 70006.41497772821, ""max"": 130011.9135300667}",us,check_quality_intervals,,62.99725361023788,,,
anomalies_smoke_03,42,smoke,target_episode,False,statistical_deviation,three_sigma,13436221018,,0,1,26,21099,16972,"{""mean"": 100009.16425389746, ""std"": 6859.905965583714, ""sigma"": 3.0}",us,check_quality_intervals,,62.99725361023788,,,
anomalies_smoke_03,42,smoke,target_episode,False,burst,burst,13436238457,,0,1,26,21105,4,"{""min_frames"": 4, ""max_interval_us"": 25002.291063474364}",frames,check_quality_intervals,,63.014692703972294,,,
anomalies_smoke_03,42,smoke,target_episode,False,frequency_increase,frequency,13436811845,,0,1,26,,17,"{""min"": 4.9995418292930545, ""max"": 14.998625487879163}",frames/window,check_quality_intervals,,63.58808378595006,13435811845,13436811845,
anomalies_smoke_03,42,smoke,target_episode,False,period_violation,period,13444221878,,0,1,26,21977,17558,"{""min"": 70006.41497772821, ""max"": 130011.9135300667}",us,check_quality_intervals,,70.99815661509163,,,
anomalies_smoke_03,42,smoke,target_episode,False,statistical_deviation,three_sigma,13444221878,,0,1,26,21977,17558,"{""mean"": 100009.16425389746, ""std"": 6859.905965583714, ""sigma"": 3.0}",us,check_quality_intervals,,70.99815661509163,,,
anomalies_smoke_03,42,smoke,target_episode,False,burst,burst,13444238877,,0,1,26,21983,4,"{""min_frames"": 4, ""max_interval_us"": 25002.291063474364}",frames,check_quality_intervals,,71.01515570646123,,,
anomalies_smoke_03,42,smoke,target_episode,False,frequency_increase,frequency,13444811845,,0,1,26,,39,"{""min"": 4.9995418292930545, ""max"": 14.998625487879163}",frames/window,check_quality_intervals,,71.58812678618119,13443811845,13444811845,
anomalies_smoke_03,42,smoke,other_id_during_episode,False,statistical_deviation,three_sigma,13446602416,,0,1,1324,22269,986560,"{""mean"": 1000028.863636364, ""std"": 4358.929653027374, ""sigma"": 3.0}",us,check_quality_intervals,,73.37870741055158,,,
anomalies_smoke_03,42,smoke,target_episode,False,unknown_id,dbc,13452224676,,0,1,2045,22891,2045,ID in DBC or baseline,,check_quality_intervals,,79.00099763036162,,,
anomalies_smoke_03,42,smoke,target_episode,False,dlc_mismatch,dbc,13460220033,,0,1,13,23783,7,8,bytes,check_quality_intervals,,86.99639760563628,,,
anomalies_smoke_03,42,smoke,target_episode,False,period_violation,period,13460220033,,0,1,13,23783,949,"{""min"": 69996.0556792874, ""max"": 129992.6748329623}",us,check_quality_intervals,,86.99639760563628,,,
anomalies_smoke_03,42,smoke,target_episode,False,statistical_deviation,three_sigma,13460220033,,0,1,13,23783,949,"{""mean"": 99994.36525612485, ""std"": 5335.312179171525, ""sigma"": 3.0}",us,check_quality_intervals,,86.99639760563628,,,
anomalies_smoke_03,42,smoke,target_episode,False,dlc_mismatch,dbc,13460329590,,0,1,13,23800,7,8,bytes,check_quality_intervals,,87.10595519450808,,,
anomalies_smoke_03,42,smoke,target_episode,False,dlc_mismatch,dbc,13460428029,,0,1,13,23808,7,8,bytes,check_quality_intervals,,87.20439472362179,,,
anomalies_smoke_03,42,smoke,target_episode,False,dlc_mismatch,dbc,13460527018,,0,1,13,23822,7,8,bytes,check_quality_intervals,,87.30338425569059,,,
anomalies_smoke_03,42,smoke,target_episode,False,frequency_increase,frequency,13460811845,,0,1,13,,18,"{""min"": 5.000281753069822, ""max"": 15.000845259209466}",frames/window,check_quality_intervals,,87.58821278664344,13459811845,13460811845,
anomalies_smoke_03,42,smoke,other_id_during_episode,False,statistical_deviation,three_sigma,13463685539,,0,1,1326,24173,987402,"{""mean"": 999948.5681818182, ""std"": 3928.582001283134, ""sigma"": 3.0}",us,check_quality_intervals,,90.4619222328316,,,
anomalies_smoke_03,42,smoke,target_episode,False,signal_out_of_range,dbc,13468226788,,0,1,6,24673,101.0,"{""min"": -100, ""max"": 100}",%,check_quality_intervals,,95.00319564217605,,,AccuFunSpeedIncrease
anomalies_smoke_03,42,smoke,outside_run,False,missing_frame,timeout,13493428845,,0,1,13,,301807,299983.0957683745,us,check_quality_intervals,13493127038,120.20538810396097,,,
anomalies_smoke_03,42,smoke,outside_run,False,missing_frame,timeout,13493528848,,0,1,26,,322286,300027.4927616924,us,check_quality_intervals,13493206562,120.30539164147955,,,
anomalies_smoke_03,42,smoke,outside_run,False,missing_frame,timeout,13493528848,,0,1,1028,,325236,299993.79621380876,us,check_quality_intervals,13493203612,120.30539164147955,,,
anomalies_smoke_03,42,smoke,outside_run,False,missing_frame,timeout,13493528848,,0,1,1280,,348813,299952.3992204901,us,check_quality_intervals,13493180035,120.30539164147955,,,
anomalies_smoke_03,42,smoke,outside_run,False,missing_frame,timeout,13493528848,,0,1,1553,,392808,299985.0534521154,us,check_quality_intervals,13493136040,120.30539164147955,,,
anomalies_smoke_03,42,smoke,outside_run,False,missing_frame,timeout,13493528848,,0,1,1760,,332387,299966.2316258352,us,check_quality_intervals,13493196461,120.30539164147955,,,
anomalies_smoke_03,42,smoke,outside_run,False,missing_frame,timeout,13493728845,,0,1,1036,,602811,599983.1183035711,us,check_quality_intervals,13493126034,120.50538971646891,,,
anomalies_smoke_03,42,smoke,outside_run,False,missing_frame,timeout,13493728845,,0,1,1038,,675802,600039.2845982139,us,check_quality_intervals,13493053043,120.50538971646891,,,
anomalies_smoke_03,42,smoke,outside_run,False,missing_frame,timeout,13493728845,,0,1,1317,,652502,599980.1450892863,us,check_quality_intervals,13493076343,120.50538971646891,,,
anomalies_smoke_03,42,smoke,outside_run,False,frequency_decrease,frequency,13493811845,,0,1,13,,4,"{""min"": 5.000281753069822, ""max"": 15.000845259209466}",frames/window,check_quality_intervals,,120.58839016259684,13492811845,13493811845,
anomalies_smoke_03,42,smoke,outside_run,False,frequency_decrease,frequency,13493811845,,0,1,26,,4,"{""min"": 4.9995418292930545, ""max"": 14.998625487879163}",frames/window,check_quality_intervals,,120.58839016259684,13492811845,13493811845,
anomalies_smoke_03,42,smoke,outside_run,False,frequency_decrease,frequency,13493811845,,0,1,1028,,4,"{""min"": 5.000103398574729, ""max"": 15.000310195724186}",frames/window,check_quality_intervals,,120.58839016259684,13492811845,13493811845,
anomalies_smoke_03,42,smoke,outside_run,False,frequency_decrease,frequency,13493811845,,0,1,1036,,2,"{""min"": 2.5000703423809516, ""max"": 7.500211027142855}",frames/window,check_quality_intervals,,120.58839016259684,13492811845,13493811845,
anomalies_smoke_03,42,smoke,outside_run,False,frequency_decrease,frequency,13493811845,,0,1,1038,,2,"{""min"": 2.499836324890627, ""max"": 7.4995089746718815}",frames/window,check_quality_intervals,,120.58839016259684,13492811845,13493811845,
anomalies_smoke_03,42,smoke,outside_run,False,frequency_decrease,frequency,13493811845,,0,1,1280,,4,"{""min"": 5.00079347222482, ""max"": 15.002380416674459}",frames/window,check_quality_intervals,,120.58839016259684,13492811845,13493811845,
anomalies_smoke_03,42,smoke,outside_run,False,frequency_decrease,frequency,13493811845,,0,1,1317,,2,"{""min"": 2.5000827315323524, ""max"": 7.500248194597058}",frames/window,check_quality_intervals,,120.58839016259684,13492811845,13493811845,
anomalies_smoke_03,42,smoke,outside_run,False,frequency_decrease,frequency,13493811845,,0,1,1326,,0,"{""min"": 5.1434463549826503e-05, ""max"": 2.0000514344635496}",frames/window,check_quality_intervals,,120.58839016259684,13492811845,13493811845,
anomalies_smoke_03,42,smoke,outside_run,False,frequency_decrease,frequency,13493811845,,0,1,1553,,4,"{""min"": 5.000249121543101, ""max"": 15.000747364629303}",frames/window,check_quality_intervals,,120.58839016259684,13492811845,13493811845,
anomalies_smoke_03,42,smoke,outside_run,False,frequency_decrease,frequency,13493811845,,0,1,1760,,4,"{""min"": 5.0005628695933835, ""max"": 15.00168860878015}",frames/window,check_quality_intervals,,120.58839016259684,13492811845,13493811845,
anomalies_smoke_03,42,smoke,outside_run,False,frequency_decrease,frequency,13493811845,,0,1,2026,,0,"{""min"": 3.7705967141032914e-05, ""max"": 2.000037705967141}",frames/window,check_quality_intervals,,120.58839016259684,13492811845,13493811845,
anomalies_smoke_03,42,smoke,outside_run,True,missing_frame,timeout,13494828845,,0,1,13,,399709,299983.0957683745,us,check_quality_intervals,,121.60539562900105,,,
anomalies_smoke_03,42,smoke,outside_run,True,missing_frame,timeout,13494828845,,0,1,26,,399709,300027.4927616924,us,check_quality_intervals,,121.60539562900105,,,
anomalies_smoke_03,42,smoke,outside_run,True,missing_frame,timeout,13494828845,,0,1,1028,,399709,299993.79621380876,us,check_quality_intervals,,121.60539562900105,,,
anomalies_smoke_03,42,smoke,outside_run,True,missing_frame,timeout,13494828845,,0,1,1280,,399709,299952.3992204901,us,check_quality_intervals,,121.60539562900105,,,
anomalies_smoke_03,42,smoke,outside_run,True,missing_frame,timeout,13494828845,,0,1,1553,,399709,299985.0534521154,us,check_quality_intervals,,121.60539562900105,,,
anomalies_smoke_03,42,smoke,outside_run,True,missing_frame,timeout,13494828845,,0,1,1760,,399709,299966.2316258352,us,check_quality_intervals,,121.60539562900105,,,
anomalies_smoke_03,42,smoke,outside_run,True,missing_frame,timeout,13495128845,,0,1,1036,,699709,599983.1183035711,us,check_quality_intervals,,121.905397241509,,,
anomalies_smoke_03,42,smoke,outside_run,True,missing_frame,timeout,13495128845,,0,1,1038,,699709,600039.2845982139,us,check_quality_intervals,,121.905397241509,,,
anomalies_smoke_03,42,smoke,outside_run,True,missing_frame,timeout,13495128845,,0,1,1317,,699709,599980.1450892863,us,check_quality_intervals,,121.905397241509,,,
anomalies_smoke_03,42,smoke,outside_run,True,frequency_decrease,frequency,13495429136,,0,1,13,,0,"{""min"": 5.000281753069822, ""max"": 15.000845259209466}",frames/window,check_quality_intervals,,122.20568985558317,13494429136,13495429136,
anomalies_smoke_03,42,smoke,outside_run,True,frequency_decrease,frequency,13495429136,,0,1,26,,0,"{""min"": 4.9995418292930545, ""max"": 14.998625487879163}",frames/window,check_quality_intervals,,122.20568985558317,13494429136,13495429136,
anomalies_smoke_03,42,smoke,outside_run,True,frequency_decrease,frequency,13495429136,,0,1,1028,,0,"{""min"": 5.000103398574729, ""max"": 15.000310195724186}",frames/window,check_quality_intervals,,122.20568985558317,13494429136,13495429136,
anomalies_smoke_03,42,smoke,outside_run,True,frequency_decrease,frequency,13495429136,,0,1,1036,,0,"{""min"": 2.5000703423809516, ""max"": 7.500211027142855}",frames/window,check_quality_intervals,,122.20568985558317,13494429136,13495429136,
anomalies_smoke_03,42,smoke,outside_run,True,frequency_decrease,frequency,13495429136,,0,1,1038,,0,"{""min"": 2.499836324890627, ""max"": 7.4995089746718815}",frames/window,check_quality_intervals,,122.20568985558317,13494429136,13495429136,
anomalies_smoke_03,42,smoke,outside_run,True,frequency_decrease,frequency,13495429136,,0,1,1280,,0,"{""min"": 5.00079347222482, ""max"": 15.002380416674459}",frames/window,check_quality_intervals,,122.20568985558317,13494429136,13495429136,
anomalies_smoke_03,42,smoke,outside_run,True,frequency_decrease,frequency,13495429136,,0,1,1317,,0,"{""min"": 2.5000827315323524, ""max"": 7.500248194597058}",frames/window,check_quality_intervals,,122.20568985558317,13494429136,13495429136,
anomalies_smoke_03,42,smoke,outside_run,True,frequency_decrease,frequency,13495429136,,0,1,1326,,0,"{""min"": 5.1434463549826503e-05, ""max"": 2.0000514344635496}",frames/window,check_quality_intervals,,122.20568985558317,13494429136,13495429136,
anomalies_smoke_03,42,smoke,outside_run,True,frequency_decrease,frequency,13495429136,,0,1,1553,,0,"{""min"": 5.000249121543101, ""max"": 15.000747364629303}",frames/window,check_quality_intervals,,122.20568985558317,13494429136,13495429136,
anomalies_smoke_03,42,smoke,outside_run,True,frequency_decrease,frequency,13495429136,,0,1,1760,,0,"{""min"": 5.0005628695933835, ""max"": 15.00168860878015}",frames/window,check_quality_intervals,,122.20568985558317,13494429136,13495429136,
anomalies_smoke_03,42,smoke,outside_run,True,frequency_decrease,frequency,13495429136,,0,1,2026,,0,"{""min"": 3.7705967141032914e-05, ""max"": 2.000037705967141}",frames/window,check_quality_intervals,,122.20568985558317,13494429136,13495429136,
anomaly_seed159346_matrix_01,159346,matrix,outside_run,True,missing_frame,timeout,5889956829,,0,1,127,,399708,299994.42356864904,us,check_quality_intervals,,-2.0701311753284664,,,
anomaly_seed159346_matrix_01,159346,matrix,outside_run,True,missing_frame,timeout,5889956829,,0,1,385,,399708,300001.33907726547,us,check_quality_intervals,,-2.0701311753284664,,,
anomaly_seed159346_matrix_01,159346,matrix,outside_run,True,missing_frame,timeout,5889956829,,0,1,1280,,399708,299993.9599777652,us,check_quality_intervals,,-2.0701311753284664,,,
anomaly_seed159346_matrix_01,159346,matrix,outside_run,True,missing_frame,timeout,5889956829,,0,1,1763,,399708,300008.9349638688,us,check_quality_intervals,,-2.0701311753284664,,,
anomaly_seed159346_matrix_01,159346,matrix,outside_run,True,missing_frame,timeout,5889956829,,0,1,1872,,399708,300000.59699833236,us,check_quality_intervals,,-2.0701311753284664,,,
anomaly_seed159346_matrix_01,159346,matrix,outside_run,True,missing_frame,timeout,5889956829,,0,1,1873,,399708,300016.36909394077,us,check_quality_intervals,,-2.0701311753284664,,,
anomaly_seed159346_matrix_01,159346,matrix,outside_run,True,missing_frame,timeout,5890256832,,0,1,1037,,699711,599995.9955506116,us,check_quality_intervals,,-1.7701274253188033,,,
anomaly_seed159346_matrix_01,159346,matrix,outside_run,True,missing_frame,timeout,5890256832,,0,1,1039,,699711,600007.8186874307,us,check_quality_intervals,,-1.7701274253188033,,,
anomaly_seed159346_matrix_01,159346,matrix,outside_run,True,missing_frame,timeout,5890256832,,0,1,1317,,699711,599980.7753058955,us,check_quality_intervals,,-1.7701274253188033,,,
anomaly_seed159346_matrix_01,159346,matrix,outside_run,True,frequency_decrease,frequency,5890557121,,0,1,127,,0,"{""min"": 5.000092942250136, ""max"": 15.000278826750408}",frames/window,check_quality_intervals,,-1.469837674594633,5889557121,5890557121,
anomaly_seed159346_matrix_01,159346,matrix,outside_run,True,frequency_decrease,frequency,5890557121,,0,1,385,,0,"{""min"": 4.999977682145193, ""max"": 14.99993304643558}",frames/window,check_quality_intervals,,-1.469837674594633,5889557121,5890557121,
anomaly_seed159346_matrix_01,159346,matrix,outside_run,True,frequency_decrease,frequency,5890557121,,0,1,1037,,0,"{""min"": 2.500016685317144, ""max"": 7.500050055951432}",frames/window,check_quality_intervals,,-1.469837674594633,5889557121,5890557121,
anomaly_seed159346_matrix_01,159346,matrix,outside_run,True,frequency_decrease,frequency,5890557121,,0,1,1039,,0,"{""min"": 2.4999674225602266, ""max"": 7.49990226768068}",frames/window,check_quality_intervals,,-1.469837674594633,5889557121,5890557121,
anomaly_seed159346_matrix_01,159346,matrix,outside_run,True,frequency_decrease,frequency,5890557121,,0,1,1280,,0,"{""min"": 5.000100669064057, ""max"": 15.000302007192172}",frames/window,check_quality_intervals,,-1.469837674594633,5889557121,5890557121,
anomaly_seed159346_matrix_01,159346,matrix,outside_run,True,frequency_decrease,frequency,5890557121,,0,1,1317,,0,"{""min"": 2.500080105458774, ""max"": 7.500240316376321}",frames/window,check_quality_intervals,,-1.469837674594633,5889557121,5890557121,
anomaly_seed159346_matrix_01,159346,matrix,outside_run,True,frequency_decrease,frequency,5890557121,,0,1,1326,,0,"{""min"": 6.6089822259307596e-06, ""max"": 2.000006608982226}",frames/window,check_quality_intervals,,-1.469837674594633,5889557121,5890557121,
anomaly_seed159346_matrix_01,159346,matrix,outside_run,True,frequency_decrease,frequency,5890557121,,0,1,1763,,0,"{""min"": 4.999851088370587, ""max"": 14.99955326511176}",frames/window,check_quality_intervals,,-1.469837674594633,5889557121,5890557121,
anomaly_seed159346_matrix_01,159346,matrix,outside_run,True,frequency_decrease,frequency,5890557121,,0,1,1872,,0,"{""min"": 4.999990050047594, ""max"": 14.999970150142783}",frames/window,check_quality_intervals,,-1.469837674594633,5889557121,5890557121,
anomaly_seed159346_matrix_01,159346,matrix,outside_run,True,frequency_decrease,frequency,5890557121,,0,1,1873,,0,"{""min"": 4.9997271966528, ""max"": 14.9991815899584}",frames/window,check_quality_intervals,,-1.469837674594633,5889557121,5890557121,
anomaly_seed159346_matrix_01,159346,matrix,boundary_guard,True,missing_frame,timeout,5892572967,,0,1,1326,,3015846,2999980.1731843576,us,check_quality_intervals,,0.5460133650332041,,,
anomaly_seed159346_matrix_01,159346,matrix,boundary_guard,True,missing_frame,timeout,5892572967,,0,1,1327,,3015846,3000006.0670391065,us,check_quality_intervals,,0.5460133650332041,,,
anomaly_seed159346_matrix_01,159346,matrix,boundary_guard,True,missing_frame,timeout,5892572967,,0,1,1881,,3015846,3000004.5418994413,us,check_quality_intervals,,0.5460133650332041,,,
anomaly_seed159346_matrix_01,159346,matrix,boundary_guard,False,statistical_deviation,three_sigma,5893920929,,0,1,1326,17226,992983,"{""mean"": 999993.3910614525, ""std"": 2227.0274582018296, ""sigma"": 3.0}",us,check_quality_intervals,,1.8939787349464539,,,
anomaly_seed159346_matrix_01,159346,matrix,background_candidate,True,statistical_deviation,three_sigma,5895179357,,0,1,1763,17363,114905,"{""mean"": 100002.9783212896, ""std"": 4873.925045102525, ""sigma"": 3.0}",us,check_quality_intervals,,3.152409881024414,,,
anomaly_seed159346_matrix_01,159346,matrix,background_candidate,False,statistical_deviation,three_sigma,5899919401,,0,1,1326,17888,990967,"{""mean"": 999993.3910614525, ""std"": 2227.0274582018296, ""sigma"": 3.0}",us,check_quality_intervals,,7.892465731164165,,,
anomaly_seed159346_matrix_01,159346,matrix,background_candidate,False,statistical_deviation,three_sigma,5906928699,,0,1,1326,18661,1007982,"{""mean"": 999993.3910614525, ""std"": 2227.0274582018296, ""sigma"": 3.0}",us,check_quality_intervals,,14.901781254452919,,,
anomaly_seed159346_matrix_01,159346,matrix,target_episode,False,period_violation,period,5907017711,,0,1,127,18672,52999,"{""min"": 69998.69883268478, ""max"": 129997.5835464146}",us,check_quality_intervals,,14.990793476983841,,,
anomaly_seed159346_matrix_01,159346,matrix,target_episode,False,statistical_deviation,three_sigma,5907017711,,0,1,127,18672,52999,"{""mean"": 99998.14118954969, ""std"": 6303.639114486157, ""sigma"": 3.0}",us,check_quality_intervals,,14.990793476983841,,,
anomaly_seed159346_matrix_01,159346,matrix,target_episode,False,period_violation,period,5907174125,,0,1,127,18689,68978,"{""min"": 69998.69883268478, ""max"": 129997.5835464146}",us,check_quality_intervals,,15.147207868018949,,,
anomaly_seed159346_matrix_01,159346,matrix,target_episode,False,statistical_deviation,three_sigma,5907174125,,0,1,127,18689,68978,"{""mean"": 99998.14118954969, ""std"": 6303.639114486157, ""sigma"": 3.0}",us,check_quality_intervals,,15.147207868018949,,,
anomaly_seed159346_matrix_01,159346,matrix,target_episode,False,statistical_deviation,three_sigma,5907341155,,0,1,127,18705,78448,"{""mean"": 99998.14118954969, ""std"": 6303.639114486157, ""sigma"": 3.0}",us,check_quality_intervals,,15.314238285595517,,,
anomaly_seed159346_matrix_01,159346,matrix,target_episode,False,statistical_deviation,three_sigma,5907497702,,0,1,127,18724,70999,"{""mean"": 99998.14118954969, ""std"": 6303.639114486157, ""sigma"": 3.0}",us,check_quality_intervals,,15.470785676963587,,,
anomaly_seed159346_matrix_01,159346,matrix,target_episode,False,statistical_deviation,three_sigma,5907824114,,0,1,127,18762,78979,"{""mean"": 99998.14118954969, ""std"": 6303.639114486157, ""sigma"": 3.0}",us,check_quality_intervals,,15.797198492995973,,,
anomaly_seed159346_matrix_01,159346,matrix,target_episode,False,statistical_deviation,three_sigma,5908057691,,0,1,127,18789,72998,"{""mean"": 99998.14118954969, ""std"": 6303.639114486157, ""sigma"": 3.0}",us,check_quality_intervals,,16.0307760769399,,,
anomaly_seed159346_matrix_01,159346,matrix,target_episode,False,statistical_deviation,three_sigma,5908226687,,0,1,127,18806,77997,"{""mean"": 99998.14118954969, ""std"": 6303.639114486157, ""sigma"": 3.0}",us,check_quality_intervals,,16.19977249943129,,,
anomaly_seed159346_matrix_01,159346,matrix,target_episode,False,statistical_deviation,three_sigma,5908544682,,0,1,127,18840,77559,"{""mean"": 99998.14118954969, ""std"": 6303.639114486157, ""sigma"": 3.0}",us,check_quality_intervals,,16.517768294420208,,,
anomaly_seed159346_matrix_01,159346,matrix,target_episode,False,statistical_deviation,three_sigma,5908785679,,0,1,127,18870,78999,"{""mean"": 99998.14118954969, ""std"": 6303.639114486157, ""sigma"": 3.0}",us,check_quality_intervals,,16.758765896914092,,,
anomaly_seed159346_matrix_01,159346,matrix,target_episode,False,statistical_deviation,three_sigma,5909016676,,0,1,127,18897,74582,"{""mean"": 99998.14118954969, ""std"": 6303.639114486157, ""sigma"": 3.0}",us,check_quality_intervals,,16.989763474408605,,,
anomaly_seed159346_matrix_01,159346,matrix,target_episode,False,statistical_deviation,three_sigma,5909257671,,0,1,127,18924,73998,"{""mean"": 99998.14118954969, ""std"": 6303.639114486157, ""sigma"": 3.0}",us,check_quality_intervals,,17.230759076897723,,,
anomaly_seed159346_matrix_01,159346,matrix,target_episode,False,statistical_deviation,three_sigma,5909420667,,0,1,127,18942,76999,"{""mean"": 99998.14118954969, ""std"": 6303.639114486157, ""sigma"": 3.0}",us,check_quality_intervals,,17.393755484388763,,,
anomaly_seed159346_matrix_01,159346,matrix,target_episode,False,period_violation,period,5909657664,,0,1,127,18969,68999,"{""min"": 69998.69883268478, ""max"": 129997.5835464146}",us,check_quality_intervals,,17.63075307688272,,,
anomaly_seed159346_matrix_01,159346,matrix,target_episode,False,statistical_deviation,three_sigma,5909657664,,0,1,127,18969,68999,"{""mean"": 99998.14118954969, ""std"": 6303.639114486157, ""sigma"": 3.0}",us,check_quality_intervals,,17.63075307688272,,,
anomaly_seed159346_matrix_01,159346,matrix,target_episode,False,statistical_deviation,three_sigma,5909823659,,0,1,127,18988,79997,"{""mean"": 99998.14118954969, ""std"": 6303.639114486157, ""sigma"": 3.0}",us,check_quality_intervals,,17.79674849187064,,,
anomaly_seed159346_matrix_01,159346,matrix,target_episode,False,statistical_deviation,three_sigma,5910058124,,0,1,127,19015,73027,"{""mean"": 99998.14118954969, ""std"": 6303.639114486157, ""sigma"": 3.0}",us,check_quality_intervals,,18.03121407803506,,,
anomaly_seed159346_matrix_01,159346,matrix,target_episode,False,period_violation,period,5910375651,,0,1,127,19049,68000,"{""min"": 69998.69883268478, ""max"": 129997.5835464146}",us,check_quality_intervals,,18.3487418718547,,,
anomaly_seed159346_matrix_01,159346,matrix,target_episode,False,statistical_deviation,three_sigma,5910375651,,0,1,127,19049,68000,"{""mean"": 99998.14118954969, ""std"": 6303.639114486157, ""sigma"": 3.0}",us,check_quality_intervals,,18.3487418718547,,,
anomaly_seed159346_matrix_01,159346,matrix,target_episode,False,statistical_deviation,three_sigma,5910782643,,0,1,127,19097,78578,"{""mean"": 99998.14118954969, ""std"": 6303.639114486157, ""sigma"": 3.0}",us,check_quality_intervals,,18.75573488933651,,,
anomaly_seed159346_matrix_01,159346,matrix,target_episode,False,statistical_deviation,three_sigma,5910936641,,0,1,127,19114,70580,"{""mean"": 99998.14118954969, ""std"": 6303.639114486157, ""sigma"": 3.0}",us,check_quality_intervals,,18.909733274333153,,,
anomaly_seed159346_matrix_01,159346,matrix,target_episode,False,statistical_deviation,three_sigma,5911099637,,0,1,127,19132,71530,"{""mean"": 99998.14118954969, ""std"": 6303.639114486157, ""sigma"": 3.0}",us,check_quality_intervals,,19.072729681824192,,,
anomaly_seed159346_matrix_01,159346,matrix,target_episode,False,statistical_deviation,three_sigma,5911261636,,0,1,127,19150,78560,"{""mean"": 99998.14118954969, ""std"": 6303.639114486157, ""sigma"": 3.0}",us,check_quality_intervals,,19.23472908682263,,,
anomaly_seed159346_matrix_01,159346,matrix,target_episode,False,statistical_deviation,three_sigma,5911424633,,0,1,127,19168,77001,"{""mean"": 99998.14118954969, ""std"": 6303.639114486157, ""sigma"": 3.0}",us,check_quality_intervals,,19.3977264943156,,,
anomaly_seed159346_matrix_01,159346,matrix,target_episode,False,statistical_deviation,three_sigma,5911736046,,0,1,127,19203,74836,"{""mean"": 99998.14118954969, ""std"": 6303.639114486157, ""sigma"": 3.0}",us,check_quality_intervals,,19.7091402728504,,,
anomaly_seed159346_matrix_01,159346,matrix,target_episode,False,statistical_deviation,three_sigma,5911900624,,0,1,127,19223,72000,"{""mean"": 99998.14118954969, ""std"": 6303.639114486157, ""sigma"": 3.0}",us,check_quality_intervals,,19.87371868429632,,,
anomaly_seed159346_matrix_01,159346,matrix,target_episode,False,statistical_deviation,three_sigma,5912217197,,0,1,127,19259,74139,"{""mean"": 99998.14118954969, ""std"": 6303.639114486157, ""sigma"": 3.0}",us,check_quality_intervals,,20.190292475730864,,,
anomaly_seed159346_matrix_01,159346,matrix,target_episode,False,statistical_deviation,three_sigma,5912465612,,0,1,127,19286,78418,"{""mean"": 99998.14118954969, ""std"": 6303.639114486157, ""sigma"": 3.0}",us,check_quality_intervals,,20.43870809676994,,,
anomaly_seed159346_matrix_01,159346,matrix,target_episode,False,period_violation,period,5912776027,,0,1,127,19323,68418,"{""min"": 69998.69883268478, ""max"": 129997.5835464146}",us,check_quality_intervals,,20.7491238728093,,,
anomaly_seed159346_matrix_01,159346,matrix,target_episode,False,statistical_deviation,three_sigma,5912776027,,0,1,127,19323,68418,"{""mean"": 99998.14118954969, ""std"": 6303.639114486157, ""sigma"": 3.0}",us,check_quality_intervals,,20.7491238728093,,,
anomaly_seed159346_matrix_01,159346,matrix,target_episode,False,statistical_deviation,three_sigma,5912937044,,0,1,127,19340,78438,"{""mean"": 99998.14118954969, ""std"": 6303.639114486157, ""sigma"": 3.0}",us,check_quality_intervals,,20.910141275353162,,,
anomaly_seed159346_matrix_01,159346,matrix,target_episode,False,period_violation,period,5917021951,,0,1,127,19791,50981,"{""min"": 69998.69883268478, ""max"": 129997.5835464146}",us,check_quality_intervals,,24.995058487645668,,,
anomaly_seed159346_matrix_01,159346,matrix,target_episode,False,statistical_deviation,three_sigma,5917021951,,0,1,127,19791,50981,"{""mean"": 99998.14118954969, ""std"": 6303.639114486157, ""sigma"": 3.0}",us,check_quality_intervals,,24.995058487645668,,,
anomaly_seed159346_matrix_01,159346,matrix,target_episode,False,frequency_increase,frequency,5917571932,,0,1,127,,16,"{""min"": 5.000092942250136, ""max"": 15.000278826750408}",frames/window,check_quality_intervals,,25.545040862601724,5916571932,5917571932,
anomaly_seed159346_matrix_01,159346,matrix,other_id_during_episode,False,statistical_deviation,three_sigma,5920078915,,0,1,1763,20158,115019,"{""mean"": 100002.9783212896, ""std"": 4873.925045102525, ""sigma"": 3.0}",us,check_quality_intervals,,28.05203013007511,,,
anomaly_seed159346_matrix_01,159346,matrix,target_episode,False,period_violation,period,5927026934,,0,1,127,20955,53580,"{""min"": 69998.69883268478, ""max"": 129997.5835464146}",us,check_quality_intervals,,35.00006650016642,,,
anomaly_seed159346_matrix_01,159346,matrix,target_episode,False,statistical_deviation,three_sigma,5927026934,,0,1,127,20955,53580,"{""mean"": 99998.14118954969, ""std"": 6303.639114486157, ""sigma"": 3.0}",us,check_quality_intervals,,35.00006650016642,,,
anomaly_seed159346_matrix_01,159346,matrix,target_episode,False,frequency_increase,frequency,5927571932,,0,1,127,,27,"{""min"": 5.000092942250136, ""max"": 15.000278826750408}",frames/window,check_quality_intervals,,35.545065862664224,5926571932,5927571932,
anomaly_seed159346_matrix_01,159346,matrix,target_episode,False,burst,burst,5927766341,,0,1,127,21061,4,"{""min_frames"": 4, ""max_interval_us"": 24999.53529738742}",frames,check_quality_intervals,,35.73947534868766,,,
anomaly_seed159346_matrix_01,159346,matrix,target_episode,False,burst,burst,5929243315,,0,1,127,21264,4,"{""min_frames"": 4, ""max_interval_us"": 24999.53529738742}",frames,check_quality_intervals,,37.21645304113205,,,
anomaly_seed159346_matrix_01,159346,matrix,target_episode,False,burst,burst,5929766305,,0,1,127,21342,4,"{""min_frames"": 4, ""max_interval_us"": 24999.53529738742}",frames,check_quality_intervals,,37.73944434861071,,,
anomaly_seed159346_matrix_01,159346,matrix,target_episode,False,burst,burst,5930243299,,0,1,127,21404,4,"{""min_frames"": 4, ""max_interval_us"": 24999.53529738742}",frames,check_quality_intervals,,38.21643954109834,,,
anomaly_seed159346_matrix_01,159346,matrix,target_episode,False,burst,burst,5930792725,,0,1,127,21486,4,"{""min_frames"": 4, ""max_interval_us"": 24999.53529738742}",frames,check_quality_intervals,,38.765866914667264,,,
anomaly_seed159346_matrix_01,159346,matrix,target_episode,False,burst,burst,5932242260,,0,1,127,21686,4,"{""min_frames"": 4, ""max_interval_us"": 24999.53529738742}",frames,check_quality_intervals,,40.215405538513565,,,
anomaly_seed159346_matrix_01,159346,matrix,target_episode,False,burst,burst,5932765670,,0,1,127,21764,4,"{""min_frames"": 4, ""max_interval_us"": 24999.53529738742}",frames,check_quality_intervals,,40.738816847041626,,,
anomaly_seed159346_matrix_01,159346,matrix,target_episode,False,burst,burst,5932921677,,0,1,127,21785,4,"{""min_frames"": 4, ""max_interval_us"": 24999.53529738742}",frames,check_quality_intervals,,40.8948242370606,,,
anomaly_seed159346_matrix_01,159346,matrix,target_episode,False,period_violation,period,5937025595,,0,1,127,22239,52968,"{""min"": 69998.69883268478, ""max"": 129997.5835464146}",us,check_quality_intervals,,44.998752496881046,,,
anomaly_seed159346_matrix_01,159346,matrix,target_episode,False,statistical_deviation,three_sigma,5937025595,,0,1,127,22239,52968,"{""mean"": 99998.14118954969, ""std"": 6303.639114486157, ""sigma"": 3.0}",us,check_quality_intervals,,44.998752496881046,,,
anomaly_seed159346_matrix_01,159346,matrix,target_episode,False,statistical_deviation,three_sigma,5937265590,,0,1,127,22266,125415,"{""mean"": 99998.14118954969, ""std"": 6303.639114486157, ""sigma"": 3.0}",us,check_quality_intervals,,45.238748096869955,,,
anomaly_seed159346_matrix_01,159346,matrix,target_episode,False,period_violation,period,5937402626,,0,1,127,22275,137036,"{""min"": 69998.69883268478, ""max"": 129997.5835464146}",us,check_quality_intervals,,45.37578443946089,,,
anomaly_seed159346_matrix_01,159346,matrix,target_episode,False,period_violation,period,5937772742,,0,1,127,22318,133576,"{""min"": 69998.69883268478, ""max"": 129997.5835464146}",us,check_quality_intervals,,45.74590136475325,,,
anomaly_seed159346_matrix_01,159346,matrix,target_episode,False,statistical_deviation,three_sigma,5937772742,,0,1,127,22318,133576,"{""mean"": 99998.14118954969, ""std"": 6303.639114486157, ""sigma"": 3.0}",us,check_quality_intervals,,45.74590136475325,,,
anomaly_seed159346_matrix_01,159346,matrix,target_episode,False,period_violation,period,5938402152,,0,1,127,22383,138000,"{""min"": 69998.69883268478, ""max"": 129997.5835464146}",us,check_quality_intervals,,46.37531293828174,,,
anomaly_seed159346_matrix_01,159346,matrix,target_episode,False,statistical_deviation,three_sigma,5938402152,,0,1,127,22383,138000,"{""mean"": 99998.14118954969, ""std"": 6303.639114486157, ""sigma"": 3.0}",us,check_quality_intervals,,46.37531293828174,,,
anomaly_seed159346_matrix_01,159346,matrix,target_episode,False,statistical_deviation,three_sigma,5939140582,,0,1,127,22467,124441,"{""mean"": 99998.14118954969, ""std"": 6303.639114486157, ""sigma"": 3.0}",us,check_quality_intervals,,47.11374478436169,,,
anomaly_seed159346_matrix_01,159346,matrix,target_episode,False,period_violation,period,5939526131,,0,1,127,22506,137416,"{""min"": 69998.69883268478, ""max"": 129997.5835464146}",us,check_quality_intervals,,47.49929474823623,,,
anomaly_seed159346_matrix_01,159346,matrix,target_episode,False,statistical_deviation,three_sigma,5940147120,,0,1,127,22575,128999,"{""mean"": 99998.14118954969, ""std"": 6303.639114486157, ""sigma"": 3.0}",us,check_quality_intervals,,48.12028530071262,,,
anomaly_seed159346_matrix_01,159346,matrix,target_episode,False,period_violation,period,5940402115,,0,1,127,22597,137996,"{""min"": 69998.69883268478, ""max"": 129997.5835464146}",us,check_quality_intervals,,48.375280938201946,,,
anomaly_seed159346_matrix_01,159346,matrix,target_episode,False,statistical_deviation,three_sigma,5940402115,,0,1,127,22597,137996,"{""mean"": 99998.14118954969, ""std"": 6303.639114486157, ""sigma"": 3.0}",us,check_quality_intervals,,48.375280938201946,,,
anomaly_seed159346_matrix_01,159346,matrix,target_episode,False,statistical_deviation,three_sigma,5940764692,,0,1,127,22628,125143,"{""mean"": 99998.14118954969, ""std"": 6303.639114486157, ""sigma"": 3.0}",us,check_quality_intervals,,48.73785884464659,,,
anomaly_seed159346_matrix_01,159346,matrix,target_episode,False,period_violation,period,5941280100,,0,1,127,22685,132577,"{""min"": 69998.69883268478, ""max"": 129997.5835464146}",us,check_quality_intervals,,49.25326813317002,,,
anomaly_seed159346_matrix_01,159346,matrix,target_episode,False,period_violation,period,5941772092,,0,1,127,22737,132998,"{""min"": 69998.69883268478, ""max"": 129997.5835464146}",us,check_quality_intervals,,49.7452613631533,,,
anomaly_seed159346_matrix_01,159346,matrix,target_episode,False,statistical_deviation,three_sigma,5941772092,,0,1,127,22737,132998,"{""mean"": 99998.14118954969, ""std"": 6303.639114486157, ""sigma"": 3.0}",us,check_quality_intervals,,49.7452613631533,,,
anomaly_seed159346_matrix_01,159346,matrix,target_episode,False,period_violation,period,5942147086,,0,1,127,22778,129999,"{""min"": 69998.69883268478, ""max"": 129997.5835464146}",us,check_quality_intervals,,50.120256300640435,,,
anomaly_seed159346_matrix_01,159346,matrix,target_episode,False,period_violation,period,5942401500,,0,1,127,22806,137417,"{""min"": 69998.69883268478, ""max"": 129997.5835464146}",us,check_quality_intervals,,50.37467093667702,,,
anomaly_seed159346_matrix_01,159346,matrix,target_episode,False,statistical_deviation,three_sigma,5942401500,,0,1,127,22806,137417,"{""mean"": 99998.14118954969, ""std"": 6303.639114486157, ""sigma"": 3.0}",us,check_quality_intervals,,50.37467093667702,,,
anomaly_seed159346_matrix_01,159346,matrix,target_episode,False,statistical_deviation,three_sigma,5942896511,,0,1,127,22861,125858,"{""mean"": 99998.14118954969, ""std"": 6303.639114486157, ""sigma"": 3.0}",us,check_quality_intervals,,50.86968317420759,,,
anomaly_seed159346_matrix_01,159346,matrix,target_episode,False,period_violation,period,5943074068,,0,1,127,22877,177557,"{""min"": 69998.69883268478, ""max"": 129997.5835464146}",us,check_quality_intervals,,51.04724061810118,,,
anomaly_seed159346_matrix_01,159346,matrix,background_candidate,False,statistical_deviation,three_sigma,5946928435,,0,1,1326,23305,1008430,"{""mean"": 999993.3910614525, ""std"": 2227.0274582018296, ""sigma"": 3.0}",us,check_quality_intervals,,54.90161725404268,,,
anomaly_seed159346_matrix_01,159346,matrix,target_episode,False,period_violation,period,5947015998,,0,1,127,23316,51999,"{""min"": 69998.69883268478, ""max"": 129997.5835464146}",us,check_quality_intervals,,54.98918047295077,,,
anomaly_seed159346_matrix_01,159346,matrix,target_episode,False,statistical_deviation,three_sigma,5947015998,,0,1,127,23316,51999,"{""mean"": 99998.14118954969, ""std"": 6303.639114486157, ""sigma"": 3.0}",us,check_quality_intervals,,54.98918047295077,,,
anomaly_seed159346_matrix_01,159346,matrix,target_episode,False,frequency_decrease,frequency,5948571932,,0,1,127,,5,"{""min"": 5.000092942250136, ""max"": 15.000278826750408}",frames/window,check_quality_intervals,,56.54511836279548,5947571932,5948571932,
anomaly_seed159346_matrix_01,159346,matrix,other_id_during_episode,False,statistical_deviation,three_sigma,5949920513,,0,1,1326,23622,992562,"{""mean"": 999993.3910614525, ""std"": 2227.0274582018296, ""sigma"": 3.0}",us,check_quality_intervals,,57.8937027342566,,,
anomaly_seed159346_matrix_01,159346,matrix,other_id_during_episode,False,statistical_deviation,three_sigma,5952278341,,0,1,1763,23870,114845,"{""mean"": 100002.9783212896, ""std"": 4873.925045102525, ""sigma"": 3.0}",us,check_quality_intervals,,60.25153662884149,,,
anomaly_seed159346_matrix_01,159346,matrix,target_episode,False,period_violation,period,5957026398,,0,1,127,24390,66129,"{""min"": 69998.69883268478, ""max"": 129997.5835464146}",us,check_quality_intervals,,64.99960549901346,,,
anomaly_seed159346_matrix_01,159346,matrix,target_episode,False,statistical_deviation,three_sigma,5957026398,,0,1,127,24390,66129,"{""mean"": 99998.14118954969, ""std"": 6303.639114486157, ""sigma"": 3.0}",us,check_quality_intervals,,64.99960549901346,,,
anomaly_seed159346_matrix_01,159346,matrix,target_episode,False,missing_frame,timeout,5957359231,,0,1,127,,332833,299994.42356864904,us,check_quality_intervals,5957026398,65.33243933109843,,,
anomaly_seed159346_matrix_01,159346,matrix,target_episode,False,missing_frame,timeout,5957725228,,0,1,127,,302416,299994.42356864904,us,check_quality_intervals,5957422812,65.69843724609309,,,
anomaly_seed159346_matrix_01,159346,matrix,target_episode,False,missing_frame,timeout,5958154236,,0,1,127,,333423,299994.42356864904,us,check_quality_intervals,5957820813,66.12744631861584,,,
anomaly_seed159346_matrix_01,159346,matrix,target_episode,False,missing_frame,timeout,5958525260,,0,1,127,,301461,299994.42356864904,us,check_quality_intervals,5958223799,66.4984712461782,,,
anomaly_seed159346_matrix_01,159346,matrix,target_episode,False,frequency_decrease,frequency,5958571932,,0,1,127,,2,"{""min"": 5.000092942250136, ""max"": 15.000278826750408}",frames/window,check_quality_intervals,,66.54514336285798,5957571932,5958571932,
anomaly_seed159346_matrix_01,159346,matrix,target_episode,False,missing_frame,timeout,5958947784,,0,1,127,,324992,299994.42356864904,us,check_quality_intervals,5958622792,66.92099630249045,,,
anomaly_seed159346_matrix_01,159346,matrix,target_episode,False,missing_frame,timeout,5959352777,,0,1,127,,337991,299994.42356864904,us,check_quality_intervals,5959014786,67.32599031497558,,,
anomaly_seed159346_matrix_01,159346,matrix,target_episode,False,missing_frame,timeout,5959745769,,0,1,127,,319990,299994.42356864904,us,check_quality_intervals,5959425779,67.7189832974581,,,
anomaly_seed159346_matrix_01,159346,matrix,target_episode,False,missing_frame,timeout,5960123283,,0,1,127,,306094,299994.42356864904,us,check_quality_intervals,5959817189,68.09649824124524,,,
anomaly_seed159346_matrix_01,159346,matrix,target_episode,False,missing_frame,timeout,5960557756,,0,1,127,,331993,299994.42356864904,us,check_quality_intervals,5960225763,68.53097232743072,,,
anomaly_seed159346_matrix_01,159346,matrix,target_episode,False,missing_frame,timeout,5960951176,,0,1,127,,322976,299994.42356864904,us,check_quality_intervals,5960628200,68.9243933109826,,,
anomaly_seed159346_matrix_01,159346,matrix,target_episode,False,missing_frame,timeout,5961351160,,0,1,127,,332412,299994.42356864904,us,check_quality_intervals,5961018748,69.32437831094568,,,
anomaly_seed159346_matrix_01,159346,matrix,target_episode,False,missing_frame,timeout,5961745735,,0,1,127,,321993,299994.42356864904,us,check_quality_intervals,5961423742,69.7189542973859,,,
anomaly_seed159346_matrix_01,159346,matrix,target_episode,False,missing_frame,timeout,5962146730,,0,1,127,,321555,299994.42356864904,us,check_quality_intervals,5961825175,70.11995029987588,,,
anomaly_seed159346_matrix_01,159346,matrix,target_episode,False,missing_frame,timeout,5962557719,,0,1,127,,331991,299994.42356864904,us,check_quality_intervals,5962225728,70.53094032735092,,,
anomaly_seed159346_matrix_01,159346,matrix,target_episode,False,missing_frame,timeout,5962947132,,0,1,127,,319819,299994.42356864904,us,check_quality_intervals,5962627313,70.92035430088573,,,
anomaly_seed159346_matrix_01,159346,matrix,other_id_during_episode,False,statistical_deviation,three_sigma,5963928263,,0,1,1326,25107,1007982,"{""mean"": 999993.3910614525, ""std"": 2227.0274582018296, ""sigma"": 3.0}",us,check_quality_intervals,,71.90148775371891,,,
anomaly_seed159346_matrix_01,159346,matrix,target_episode,False,missing_frame,timeout,5967275829,,0,1,127,,304584,299994.42356864904,us,check_quality_intervals,5966971245,75.2490621226552,,,
anomaly_seed159346_matrix_01,159346,matrix,target_episode,False,frequency_decrease,frequency,5967571932,,0,1,127,,4,"{""min"": 5.000092942250136, ""max"": 15.000278826750408}",frames/window,check_quality_intervals,,75.54516586291423,5966571932,5967571932,
anomaly_seed159346_matrix_01,159346,matrix,target_episode,False,period_violation,period,5968060074,,0,1,127,25551,1088829,"{""min"": 69998.69883268478, ""max"": 129997.5835464146}",us,check_quality_intervals,,76.03330908327243,,,
anomaly_seed159346_matrix_01,159346,matrix,target_episode,False,statistical_deviation,three_sigma,5968060074,,0,1,127,25551,1088829,"{""mean"": 99998.14118954969, ""std"": 6303.639114486157, ""sigma"": 3.0}",us,check_quality_intervals,,76.03330908327243,,,
anomaly_seed159346_matrix_01,159346,matrix,target_episode,False,missing_frame,timeout,5972275829,,0,1,127,,305274,299994.42356864904,us,check_quality_intervals,5971970555,80.24907462268645,,,
anomaly_seed159346_matrix_01,159346,matrix,target_episode,False,frequency_decrease,frequency,5972571932,,0,1,127,,4,"{""min"": 5.000092942250136, ""max"": 15.000278826750408}",frames/window,check_quality_intervals,,80.54517836294548,5971571932,5972571932,
anomaly_seed159346_matrix_01,159346,matrix,target_episode,False,period_violation,period,5977059908,,0,1,127,26495,5089353,"{""min"": 69998.69883268478, ""max"": 129997.5835464146}",us,check_quality_intervals,,85.03316558291388,,,
anomaly_seed159346_matrix_01,159346,matrix,target_episode,False,statistical_deviation,three_sigma,5977059908,,0,1,127,26495,5089353,"{""mean"": 99998.14118954969, ""std"": 6303.639114486157, ""sigma"": 3.0}",us,check_quality_intervals,,85.03316558291388,,,
anomaly_seed159346_matrix_01,159346,matrix,other_id_during_episode,False,statistical_deviation,three_sigma,5977178461,,0,1,1763,26509,115470,"{""mean"": 100002.9783212896, ""std"": 4873.925045102525, ""sigma"": 3.0}",us,check_quality_intervals,,85.15171887929736,,,
anomaly_seed159346_matrix_01,159346,matrix,target_episode,False,period_violation,period,5982026362,,0,1,385,27046,15996,"{""min"": 70000.31245136196, ""max"": 130000.58026681504}",us,check_quality_intervals,,89.99963199907934,,,
anomaly_seed159346_matrix_01,159346,matrix,target_episode,False,statistical_deviation,three_sigma,5982026362,,0,1,385,27046,15996,"{""mean"": 100000.4463590885, ""std"": 6438.542116865184, ""sigma"": 3.0}",us,check_quality_intervals,,89.99963199907934,,,
anomaly_seed159346_matrix_01,159346,matrix,target_episode,False,burst,burst,5982059810,,0,1,385,27049,4,"{""min_frames"": 4, ""max_interval_us"": 25000.111589772125}",frames,check_quality_intervals,,90.03308008269968,,,
anomaly_seed159346_matrix_01,159346,matrix,background_candidate,False,statistical_deviation,three_sigma,5986927275,,0,1,1326,27590,1007983,"{""mean"": 999993.3910614525, ""std"": 2227.0274582018296, ""sigma"": 3.0}",us,check_quality_intervals,,94.90055725139288,,,
anomaly_seed159346_matrix_01,159346,matrix,target_episode,False,period_violation,period,5987014692,,0,1,385,27601,1415,"{""min"": 70000.31245136196, ""max"": 130000.58026681504}",us,check_quality_intervals,,94.98797446993565,,,
anomaly_seed159346_matrix_01,159346,matrix,target_episode,False,statistical_deviation,three_sigma,5987014692,,0,1,385,27601,1415,"{""mean"": 100000.4463590885, ""std"": 6438.542116865184, ""sigma"": 3.0}",us,check_quality_intervals,,94.98797446993565,,,
anomaly_seed159346_matrix_01,159346,matrix,target_episode,False,burst,burst,5987046690,,0,1,385,27603,4,"{""min_frames"": 4, ""max_interval_us"": 25000.111589772125}",frames,check_quality_intervals,,95.01997254993124,,,
anomaly_seed159346_matrix_01,159346,matrix,target_episode,False,frequency_increase,frequency,5987571932,,0,1,385,,26,"{""min"": 4.999977682145193, ""max"": 14.99993304643558}",frames/window,check_quality_intervals,,95.54521586303923,5986571932,5987571932,
anomaly_seed159346_matrix_01,159346,matrix,background_candidate,False,statistical_deviation,three_sigma,5992678602,,0,1,1763,28241,114973,"{""mean"": 100002.9783212896, ""std"": 4873.925045102525, ""sigma"": 3.0}",us,check_quality_intervals,,100.65189862974627,,,
anomaly_seed159346_matrix_01,159346,matrix,background_candidate,False,statistical_deviation,three_sigma,5993920151,,0,1,1326,28379,991985,"{""mean"": 999993.3910614525, ""std"": 2227.0274582018296, ""sigma"": 3.0}",us,check_quality_intervals,,101.89345073362684,,,
anomaly_seed159346_matrix_01,159346,matrix,target_episode,False,unknown_id,dbc,5995025070,,0,1,2045,28500,2045,ID in DBC or baseline,,check_quality_intervals,,102.99837249593067,,,
anomaly_seed159346_matrix_01,159346,matrix,target_episode,False,unknown_id,dbc,6000024981,,0,1,2045,29053,2045,ID in DBC or baseline,,check_quality_intervals,,107.9982959957393,,,
anomaly_seed159346_matrix_01,159346,matrix,other_id_during_episode,False,statistical_deviation,three_sigma,6002918987,,0,1,1326,29370,991980,"{""mean"": 999993.3910614525, ""std"": 2227.0274582018296, ""sigma"": 3.0}",us,check_quality_intervals,,110.89230923077284,,,
anomaly_seed159346_matrix_01,159346,matrix,background_candidate,False,statistical_deviation,three_sigma,6004926956,,0,1,1326,29590,1007984,"{""mean"": 999993.3910614525, ""std"": 2227.0274582018296, ""sigma"": 3.0}",us,check_quality_intervals,,112.90028325070811,,,
anomaly_seed159346_matrix_01,159346,matrix,target_episode,False,dlc_mismatch,dbc,6008024789,,0,1,6,29932,1,2,bytes,check_quality_intervals,,115.99812399530978,,,
anomaly_seed159346_matrix_01,159346,matrix,other_id_during_episode,False,statistical_deviation,three_sigma,6008678493,,0,1,1763,30008,115147,"{""mean"": 100002.9783212896, ""std"": 4873.925045102525, ""sigma"": 3.0}",us,check_quality_intervals,,116.65182962957417,,,
anomaly_seed159346_matrix_01,159346,matrix,other_id_during_episode,False,statistical_deviation,three_sigma,6009927865,,0,1,1326,30147,1008402,"{""mean"": 999993.3910614525, ""std"": 2227.0274582018296, ""sigma"": 3.0}",us,check_quality_intervals,,117.90120475301129,,,
anomaly_seed159346_matrix_01,159346,matrix,target_episode,False,dlc_mismatch,dbc,6016021261,,0,1,6,30820,3,2,bytes,check_quality_intervals,,123.99461598653959,,,
anomaly_seed159346_matrix_01,159346,matrix,background_candidate,False,statistical_deviation,three_sigma,6022678179,,0,1,1763,31557,115526,"{""mean"": 100002.9783212896, ""std"": 4873.925045102525, ""sigma"": 3.0}",us,check_quality_intervals,,130.65155062887587,,,
anomaly_seed159346_matrix_01,159346,matrix,background_candidate,False,statistical_deviation,three_sigma,6022920051,,0,1,1326,31585,991979,"{""mean"": 999993.3910614525, ""std"": 2227.0274582018296, ""sigma"": 3.0}",us,check_quality_intervals,,130.89342323355788,,,
anomaly_seed159346_matrix_01,159346,matrix,target_episode,False,signal_out_of_range,dbc,6024024520,,0,1,6,31706,101.0,"{""min"": -100, ""max"": 100}",%,check_quality_intervals,,131.99789499473718,,,AccuFunSpeedIncrease
anomaly_seed159346_matrix_01,159346,matrix,background_candidate,False,statistical_deviation,three_sigma,6027179021,,0,1,1763,32058,115448,"{""mean"": 100002.9783212896, ""std"": 4873.925045102525, ""sigma"": 3.0}",us,check_quality_intervals,,135.15240388100938,,,
anomaly_seed159346_matrix_01,159346,matrix,target_episode,False,signal_out_of_range,dbc,6032024958,,0,1,6,32595,-101.0,"{""min"": -100, ""max"": 100}",%,check_quality_intervals,,139.99835299588221,,,AccuFunSpeedIncrease
anomaly_seed159346_matrix_01,159346,matrix,background_candidate,False,statistical_deviation,three_sigma,6049920158,,0,1,1326,34580,992986,"{""mean"": 999993.3910614525, ""std"": 2227.0274582018296, ""sigma"": 3.0}",us,check_quality_intervals,,157.893597733994,,,
anomaly_seed159346_matrix_01,159346,matrix,outside_run,False,missing_frame,timeout,6052248829,,0,1,1873,,324261,300016.36909394077,us,check_quality_intervals,6051924568,160.22227455568625,,,
anomaly_seed159346_matrix_01,159346,matrix,outside_run,False,missing_frame,timeout,6052348829,,0,1,127,,387280,299994.42356864904,us,check_quality_intervals,6051961549,160.32227480568633,,,
anomaly_seed159346_matrix_01,159346,matrix,outside_run,False,missing_frame,timeout,6052348829,,0,1,385,,337707,300001.33907726547,us,check_quality_intervals,6052011122,160.32227480568633,,,
anomaly_seed159346_matrix_01,159346,matrix,outside_run,False,missing_frame,timeout,6052348829,,0,1,1280,,364707,299993.9599777652,us,check_quality_intervals,6051984122,160.32227480568633,,,
anomaly_seed159346_matrix_01,159346,matrix,outside_run,False,missing_frame,timeout,6052348829,,0,1,1763,,373699,300008.9349638688,us,check_quality_intervals,6051975130,160.32227480568633,,,
anomaly_seed159346_matrix_01,159346,matrix,outside_run,False,missing_frame,timeout,6052348829,,0,1,1872,,396262,300000.59699833236,us,check_quality_intervals,6051952567,160.32227480568633,,,
anomaly_seed159346_matrix_01,159346,matrix,outside_run,False,missing_frame,timeout,6052548829,,0,1,1037,,680707,599995.9955506116,us,check_quality_intervals,6051868122,160.5222753056883,,,
anomaly_seed159346_matrix_01,159346,matrix,outside_run,False,missing_frame,timeout,6052548829,,0,1,1317,,639290,599980.7753058955,us,check_quality_intervals,6051909539,160.5222753056883,,,
anomaly_seed159346_matrix_01,159346,matrix,outside_run,False,frequency_decrease,frequency,6052571932,,0,1,127,,5,"{""min"": 5.000092942250136, ""max"": 15.000278826750408}",frames/window,check_quality_intervals,,160.54537836344548,6051571932,6052571932,
anomaly_seed159346_matrix_01,159346,matrix,outside_run,False,frequency_decrease,frequency,6052571932,,0,1,1037,,2,"{""min"": 2.500016685317144, ""max"": 7.500050055951432}",frames/window,check_quality_intervals,,160.54537836344548,6051571932,6052571932,
anomaly_seed159346_matrix_01,159346,matrix,outside_run,False,frequency_decrease,frequency,6052571932,,0,1,1280,,5,"{""min"": 5.000100669064057, ""max"": 15.000302007192172}",frames/window,check_quality_intervals,,160.54537836344548,6051571932,6052571932,
anomaly_seed159346_matrix_01,159346,matrix,outside_run,False,frequency_decrease,frequency,6052571932,,0,1,1317,,2,"{""min"": 2.500080105458774, ""max"": 7.500240316376321}",frames/window,check_quality_intervals,,160.54537836344548,6051571932,6052571932,
anomaly_seed159346_matrix_01,159346,matrix,outside_run,False,frequency_decrease,frequency,6052571932,,0,1,1872,,4,"{""min"": 4.999990050047594, ""max"": 14.999970150142783}",frames/window,check_quality_intervals,,160.54537836344548,6051571932,6052571932,
anomaly_seed159346_matrix_01,159346,matrix,outside_run,False,frequency_decrease,frequency,6052571932,,0,1,1873,,4,"{""min"": 4.9997271966528, ""max"": 14.9991815899584}",frames/window,check_quality_intervals,,160.54537836344548,6051571932,6052571932,
anomaly_seed159346_matrix_01,159346,matrix,outside_run,False,missing_frame,timeout,6052648829,,0,1,1039,,665287,600007.8186874307,us,check_quality_intervals,6051983542,160.6222755556884,,,
anomaly_seed159346_matrix_01,159346,matrix,outside_run,False,frequency_decrease,frequency,6053571932,,0,1,385,,0,"{""min"": 4.999977682145193, ""max"": 14.99993304643558}",frames/window,check_quality_intervals,,161.54538086345175,6052571932,6053571932,
anomaly_seed159346_matrix_01,159346,matrix,outside_run,False,frequency_decrease,frequency,6053571932,,0,1,1039,,0,"{""min"": 2.4999674225602266, ""max"": 7.49990226768068}",frames/window,check_quality_intervals,,161.54538086345175,6052571932,6053571932,
anomaly_seed159346_matrix_01,159346,matrix,outside_run,False,frequency_decrease,frequency,6053571932,,0,1,1326,,0,"{""min"": 6.6089822259307596e-06, ""max"": 2.000006608982226}",frames/window,check_quality_intervals,,161.54538086345175,6052571932,6053571932,
anomaly_seed159346_matrix_01,159346,matrix,outside_run,False,frequency_decrease,frequency,6053571932,,0,1,1763,,0,"{""min"": 4.999851088370587, ""max"": 14.99955326511176}",frames/window,check_quality_intervals,,161.54538086345175,6052571932,6053571932,
anomaly_seed159346_matrix_01,159346,matrix,outside_run,False,missing_frame,timeout,6054448829,,0,1,10,,3034216,3000080.698324022,us,check_quality_intervals,6051414613,162.42228005569982,,,
anomaly_seed159346_matrix_01,159346,matrix,outside_run,False,missing_frame,timeout,6054748829,,0,1,1327,,3090258,3000006.0670391065,us,check_quality_intervals,6051658571,162.72228080570187,,,
anomaly_seed159346_matrix_01,159346,matrix,outside_run,False,missing_frame,timeout,6054748829,,0,1,1881,,3053314,3000004.5418994413,us,check_quality_intervals,6051695515,162.72228080570187,,,
anomaly_seed159346_matrix_01,159346,matrix,outside_run,False,missing_frame,timeout,6054948829,,0,1,1326,,3023709,2999980.1731843576,us,check_quality_intervals,6051925120,162.92228130570294,,,
anomaly_seed159346_matrix_02,159346,matrix,outside_run,False,missing_frame,timeout,6058548832,,0,1,127,,300003,299994.42356864904,us,check_quality_intervals,,-2.2288435017657817,,,
anomaly_seed159346_matrix_02,159346,matrix,outside_run,False,missing_frame,timeout,6058548832,,0,1,385,,300003,300001.33907726547,us,check_quality_intervals,,-2.2288435017657817,,,
anomaly_seed159346_matrix_02,159346,matrix,outside_run,False,missing_frame,timeout,6058548832,,0,1,1280,,300003,299993.9599777652,us,check_quality_intervals,,-2.2288435017657817,,,
anomaly_seed159346_matrix_02,159346,matrix,outside_run,False,missing_frame,timeout,6058548832,,0,1,1872,,300003,300000.59699833236,us,check_quality_intervals,,-2.2288435017657817,,,
anomaly_seed159346_matrix_02,159346,matrix,outside_run,False,missing_frame,timeout,6058648829,,0,1,1763,,400000,300008.9349638688,us,check_quality_intervals,,-2.128840601595323,,,
anomaly_seed159346_matrix_02,159346,matrix,outside_run,False,missing_frame,timeout,6058648829,,0,1,1873,,400000,300016.36909394077,us,check_quality_intervals,,-2.128840601595323,,,
anomaly_seed159346_matrix_02,159346,matrix,outside_run,False,missing_frame,timeout,6058848829,,0,1,1037,,600000,599995.9955506116,us,check_quality_intervals,,-1.9288288008992642,,,
anomaly_seed159346_matrix_02,159346,matrix,outside_run,False,missing_frame,timeout,6058848829,,0,1,1317,,600000,599980.7753058955,us,check_quality_intervals,,-1.9288288008992642,,,
anomaly_seed159346_matrix_02,159346,matrix,outside_run,False,missing_frame,timeout,6058948829,,0,1,1039,,700000,600007.8186874307,us,check_quality_intervals,,-1.82882290055078,,,
anomaly_seed159346_matrix_02,159346,matrix,outside_run,False,frequency_decrease,frequency,6059248829,,0,1,127,,0,"{""min"": 5.000092942250136, ""max"": 15.000278826750408}",frames/window,check_quality_intervals,,-1.5288051995062362,6058248829,6059248829,
anomaly_seed159346_matrix_02,159346,matrix,outside_run,False,frequency_decrease,frequency,6059248829,,0,1,385,,0,"{""min"": 4.999977682145193, ""max"": 14.99993304643558}",frames/window,check_quality_intervals,,-1.5288051995062362,6058248829,6059248829,
anomaly_seed159346_matrix_02,159346,matrix,outside_run,False,frequency_decrease,frequency,6059248829,,0,1,1037,,0,"{""min"": 2.500016685317144, ""max"": 7.500050055951432}",frames/window,check_quality_intervals,,-1.5288051995062362,6058248829,6059248829,
anomaly_seed159346_matrix_02,159346,matrix,outside_run,False,frequency_decrease,frequency,6059248829,,0,1,1039,,0,"{""min"": 2.4999674225602266, ""max"": 7.49990226768068}",frames/window,check_quality_intervals,,-1.5288051995062362,6058248829,6059248829,
anomaly_seed159346_matrix_02,159346,matrix,outside_run,False,frequency_decrease,frequency,6059248829,,0,1,1280,,0,"{""min"": 5.000100669064057, ""max"": 15.000302007192172}",frames/window,check_quality_intervals,,-1.5288051995062362,6058248829,6059248829,
anomaly_seed159346_matrix_02,159346,matrix,outside_run,False,frequency_decrease,frequency,6059248829,,0,1,1317,,0,"{""min"": 2.500080105458774, ""max"": 7.500240316376321}",frames/window,check_quality_intervals,,-1.5288051995062362,6058248829,6059248829,
anomaly_seed159346_matrix_02,159346,matrix,outside_run,False,frequency_decrease,frequency,6059248829,,0,1,1326,,0,"{""min"": 6.6089822259307596e-06, ""max"": 2.000006608982226}",frames/window,check_quality_intervals,,-1.5288051995062362,6058248829,6059248829,
anomaly_seed159346_matrix_02,159346,matrix,outside_run,False,frequency_decrease,frequency,6059248829,,0,1,1763,,0,"{""min"": 4.999851088370587, ""max"": 14.99955326511176}",frames/window,check_quality_intervals,,-1.5288051995062362,6058248829,6059248829,
anomaly_seed159346_matrix_02,159346,matrix,outside_run,False,frequency_decrease,frequency,6059248829,,0,1,1872,,0,"{""min"": 4.999990050047594, ""max"": 14.999970150142783}",frames/window,check_quality_intervals,,-1.5288051995062362,6058248829,6059248829,
anomaly_seed159346_matrix_02,159346,matrix,outside_run,False,frequency_decrease,frequency,6059248829,,0,1,1873,,0,"{""min"": 4.9997271966528, ""max"": 14.9991815899584}",frames/window,check_quality_intervals,,-1.5288051995062362,6058248829,6059248829,
anomaly_seed159346_matrix_02,159346,matrix,boundary_guard,False,missing_frame,timeout,6061261843,,0,1,1326,,3013014,2999980.1731843576,us,check_quality_intervals,,0.48432757532759096,,,
anomaly_seed159346_matrix_02,159346,matrix,boundary_guard,False,missing_frame,timeout,6061261843,,0,1,1327,,3013014,3000006.0670391065,us,check_quality_intervals,,0.48432757532759096,,,
anomaly_seed159346_matrix_02,159346,matrix,boundary_guard,False,missing_frame,timeout,6061261843,,0,1,1881,,3013014,3000004.5418994413,us,check_quality_intervals,,0.48432757532759096,,,
anomaly_seed159346_matrix_02,159346,matrix,background_candidate,False,statistical_deviation,three_sigma,6074678151,,0,1,1326,36607,1008418,"{""mean"": 999993.3910614525, ""std"": 2227.0274582018296, ""sigma"": 3.0}",us,check_quality_intervals,,13.90142718420436,,,
anomaly_seed159346_matrix_02,159346,matrix,target_episode,False,period_violation,period,6075771125,,0,1,127,36726,50979,"{""min"": 69998.69883268478, ""max"": 129997.5835464146}",us,check_quality_intervals,,14.994465673475366,,,
anomaly_seed159346_matrix_02,159346,matrix,target_episode,False,statistical_deviation,three_sigma,6075771125,,0,1,127,36726,50979,"{""mean"": 99998.14118954969, ""std"": 6303.639114486157, ""sigma"": 3.0}",us,check_quality_intervals,,14.994465673475366,,,
anomaly_seed159346_matrix_02,159346,matrix,target_episode,False,statistical_deviation,three_sigma,6075935706,,0,1,127,36744,78999,"{""mean"": 99998.14118954969, ""std"": 6303.639114486157, ""sigma"": 3.0}",us,check_quality_intervals,,15.159056384327306,,,
anomaly_seed159346_matrix_02,159346,matrix,target_episode,False,statistical_deviation,three_sigma,6076173700,,0,1,127,36774,77561,"{""mean"": 99998.14118954969, ""std"": 6303.639114486157, ""sigma"": 3.0}",us,check_quality_intervals,,15.397064426801883,,,
anomaly_seed159346_matrix_02,159346,matrix,target_episode,False,statistical_deviation,three_sigma,6076574693,,0,1,127,36819,80999,"{""mean"": 99998.14118954969, ""std"": 6303.639114486157, ""sigma"": 3.0}",us,check_quality_intervals,,15.79808108678411,,,
anomaly_seed159346_matrix_02,159346,matrix,target_episode,False,statistical_deviation,three_sigma,6076810268,,0,1,127,36844,77576,"{""mean"": 99998.14118954969, ""std"": 6303.639114486157, ""sigma"": 3.0}",us,check_quality_intervals,,16.033669986529805,,,
anomaly_seed159346_matrix_02,159346,matrix,target_episode,False,statistical_deviation,three_sigma,6077048124,,0,1,127,36869,72436,"{""mean"": 99998.14118954969, ""std"": 6303.639114486157, ""sigma"": 3.0}",us,check_quality_intervals,,16.27154002086157,,,
anomaly_seed159346_matrix_02,159346,matrix,target_episode,False,statistical_deviation,three_sigma,6077295680,,0,1,127,36898,77555,"{""mean"": 99998.14118954969, ""std"": 6303.639114486157, ""sigma"": 3.0}",us,check_quality_intervals,,16.51911062752762,,,
anomaly_seed159346_matrix_02,159346,matrix,target_episode,False,statistical_deviation,three_sigma,6077534114,,0,1,127,36924,79436,"{""mean"": 99998.14118954969, ""std"": 6303.639114486157, ""sigma"": 3.0}",us,check_quality_intervals,,16.757558695963528,,,
anomaly_seed159346_matrix_02,159346,matrix,target_episode,False,statistical_deviation,three_sigma,6077690123,,0,1,127,36944,72005,"{""mean"": 99998.14118954969, ""std"": 6303.639114486157, ""sigma"": 3.0}",us,check_quality_intervals,,16.913576901037896,,,
anomaly_seed159346_matrix_02,159346,matrix,target_episode,False,statistical_deviation,three_sigma,6077934107,,0,1,127,36970,78001,"{""mean"": 99998.14118954969, ""std"": 6303.639114486157, ""sigma"": 3.0}",us,check_quality_intervals,,17.15757529694298,,,
anomaly_seed159346_matrix_02,159346,matrix,target_episode,False,statistical_deviation,three_sigma,6078173666,,0,1,127,37000,78001,"{""mean"": 99998.14118954969, ""std"": 6303.639114486157, ""sigma"": 3.0}",us,check_quality_intervals,,17.39714843175758,,,
anomaly_seed159346_matrix_02,159346,matrix,target_episode,False,statistical_deviation,three_sigma,6078485080,,0,1,127,37035,74841,"{""mean"": 99998.14118954969, ""std"": 6303.639114486157, ""sigma"": 3.0}",us,check_quality_intervals,,17.708580806268372,,,
anomaly_seed159346_matrix_02,159346,matrix,target_episode,False,statistical_deviation,three_sigma,6078725656,,0,1,127,37060,73564,"{""mean"": 99998.14118954969, ""std"": 6303.639114486157, ""sigma"": 3.0}",us,check_quality_intervals,,17.949171001089102,,,
anomaly_seed159346_matrix_02,159346,matrix,target_episode,False,statistical_deviation,three_sigma,6078973652,,0,1,127,37090,77563,"{""mean"": 99998.14118954969, ""std"": 6303.639114486157, ""sigma"": 3.0}",us,check_quality_intervals,,18.197181633716486,,,
anomaly_seed159346_matrix_02,159346,matrix,target_episode,False,period_violation,period,6079284646,,0,1,127,37124,69998,"{""min"": 69998.69883268478, ""max"": 129997.5835464146}",us,check_quality_intervals,,18.508193983445512,,,
anomaly_seed159346_matrix_02,159346,matrix,target_episode,False,statistical_deviation,three_sigma,6079284646,,0,1,127,37124,69998,"{""mean"": 99998.14118954969, ""std"": 6303.639114486157, ""sigma"": 3.0}",us,check_quality_intervals,,18.508193983445512,,,
anomaly_seed159346_matrix_02,159346,matrix,target_episode,False,period_violation,period,6079525641,,0,1,127,37151,67556,"{""min"": 69998.69883268478, ""max"": 129997.5835464146}",us,check_quality_intervals,,18.749203202989577,,,
anomaly_seed159346_matrix_02,159346,matrix,target_episode,False,statistical_deviation,three_sigma,6079525641,,0,1,127,37151,67556,"{""mean"": 99998.14118954969, ""std"": 6303.639114486157, ""sigma"": 3.0}",us,check_quality_intervals,,18.749203202989577,,,
anomaly_seed159346_matrix_02,159346,matrix,target_episode,False,statistical_deviation,three_sigma,6079768215,,0,1,127,37178,75576,"{""mean"": 99998.14118954969, ""std"": 6303.639114486157, ""sigma"": 3.0}",us,check_quality_intervals,,18.9917915156999,,,
anomaly_seed159346_matrix_02,159346,matrix,target_episode,False,period_violation,period,6079923635,,0,1,127,37196,68998,"{""min"": 69998.69883268478, ""max"": 129997.5835464146}",us,check_quality_intervals,,19.147220686021,,,
anomaly_seed159346_matrix_02,159346,matrix,target_episode,False,statistical_deviation,three_sigma,6079923635,,0,1,127,37196,68998,"{""mean"": 99998.14118954969, ""std"": 6303.639114486157, ""sigma"": 3.0}",us,check_quality_intervals,,19.147220686021,,,
anomaly_seed159346_matrix_02,159346,matrix,target_episode,False,statistical_deviation,three_sigma,6080174207,,0,1,127,37226,77576,"{""mean"": 99998.14118954969, ""std"": 6303.639114486157, ""sigma"": 3.0}",us,check_quality_intervals,,19.39780747064121,,,
anomaly_seed159346_matrix_02,159346,matrix,target_episode,False,statistical_deviation,three_sigma,6080571040,,0,1,127,37269,75998,"{""mean"": 99998.14118954969, ""std"": 6303.639114486157, ""sigma"": 3.0}",us,check_quality_intervals,,19.79466388516946,,,
anomaly_seed159346_matrix_02,159346,matrix,target_episode,False,statistical_deviation,three_sigma,6080807036,,0,1,127,37297,80416,"{""mean"": 99998.14118954969, ""std"": 6303.639114486157, ""sigma"": 3.0}",us,check_quality_intervals,,20.03067380975535,,,
anomaly_seed159346_matrix_02,159346,matrix,target_episode,False,statistical_deviation,three_sigma,6081050614,,0,1,127,37322,72998,"{""mean"": 99998.14118954969, ""std"": 6303.639114486157, ""sigma"": 3.0}",us,check_quality_intervals,,20.27426618170491,,,
anomaly_seed159346_matrix_02,159346,matrix,target_episode,False,statistical_deviation,three_sigma,6081204611,,0,1,127,37341,72561,"{""mean"": 99998.14118954969, ""std"": 6303.639114486157, ""sigma"": 3.0}",us,check_quality_intervals,,20.42827226806435,,,
anomaly_seed159346_matrix_02,159346,matrix,target_episode,False,statistical_deviation,three_sigma,6081452044,,0,1,127,37368,75999,"{""mean"": 99998.14118954969, ""std"": 6303.639114486157, ""sigma"": 3.0}",us,check_quality_intervals,,20.67571986747226,,,
anomaly_seed159346_matrix_02,159346,matrix,other_id_during_episode,False,statistical_deviation,three_sigma,6081669587,,0,1,1326,37393,992387,"{""mean"": 999993.3910614525, ""std"": 2227.0274582018296, ""sigma"": 3.0}",us,check_quality_intervals,,20.893275703267232,,,
anomaly_seed159346_matrix_02,159346,matrix,target_episode,False,statistical_deviation,three_sigma,6081685030,,0,1,127,37397,70988,"{""mean"": 99998.14118954969, ""std"": 6303.639114486157, ""sigma"": 3.0}",us,check_quality_intervals,,20.908719614457315,,,
anomaly_seed159346_matrix_02,159346,matrix,target_episode,False,period_violation,period,6085774948,,0,1,127,37848,52417,"{""min"": 69998.69883268478, ""max"": 129997.5835464146}",us,check_quality_intervals,,24.998878933857743,,,
anomaly_seed159346_matrix_02,159346,matrix,target_episode,False,statistical_deviation,three_sigma,6085774948,,0,1,127,37848,52417,"{""mean"": 99998.14118954969, ""std"": 6303.639114486157, ""sigma"": 3.0}",us,check_quality_intervals,,24.998878933857743,,,
anomaly_seed159346_matrix_02,159346,matrix,target_episode,False,frequency_increase,frequency,6087248829,,0,1,127,,20,"{""min"": 5.000092942250136, ""max"": 15.000278826750408}",frames/window,check_quality_intervals,,26.472846897967514,6086248829,6087248829,
anomaly_seed159346_matrix_02,159346,matrix,target_episode,False,period_violation,period,6095774350,,0,1,127,39012,65580,"{""min"": 69998.69883268478, ""max"": 129997.5835464146}",us,check_quality_intervals,,34.99887093338518,,,
anomaly_seed159346_matrix_02,159346,matrix,target_episode,False,statistical_deviation,three_sigma,6095774350,,0,1,127,39012,65580,"{""mean"": 99998.14118954969, ""std"": 6303.639114486157, ""sigma"": 3.0}",us,check_quality_intervals,,34.99887093338518,,,
anomaly_seed159346_matrix_02,159346,matrix,target_episode,False,burst,burst,6095992346,,0,1,127,39041,4,"{""min_frames"": 4, ""max_interval_us"": 24999.53529738742}",frames,check_quality_intervals,,35.216879795908376,,,
anomaly_seed159346_matrix_02,159346,matrix,target_episode,False,frequency_increase,frequency,6096248829,,0,1,127,,25,"{""min"": 5.000092942250136, ""max"": 15.000278826750408}",frames/window,check_quality_intervals,,35.473377929298366,6095248829,6096248829,
anomaly_seed159346_matrix_02,159346,matrix,target_episode,False,burst,burst,6096518930,,0,1,127,39115,4,"{""min_frames"": 4, ""max_interval_us"": 24999.53529738742}",frames,check_quality_intervals,,35.74349486619771,,,
anomaly_seed159346_matrix_02,159346,matrix,target_episode,False,period_violation,period,6105775173,,0,1,127,40296,53999,"{""min"": 69998.69883268478, ""max"": 129997.5835464146}",us,check_quality_intervals,,45.000284016757405,,,
anomaly_seed159346_matrix_02,159346,matrix,target_episode,False,statistical_deviation,three_sigma,6105775173,,0,1,127,40296,53999,"{""mean"": 99998.14118954969, ""std"": 6303.639114486157, ""sigma"": 3.0}",us,check_quality_intervals,,45.000284016757405,,,
anomaly_seed159346_matrix_02,159346,matrix,target_episode,False,period_violation,period,6106023167,,0,1,127,40321,131557,"{""min"": 69998.69883268478, ""max"": 129997.5835464146}",us,check_quality_intervals,,45.248292649267015,,,
anomaly_seed159346_matrix_02,159346,matrix,target_episode,False,statistical_deviation,three_sigma,6106023167,,0,1,127,40321,131557,"{""mean"": 99998.14118954969, ""std"": 6303.639114486157, ""sigma"": 3.0}",us,check_quality_intervals,,45.248292649267015,,,
anomaly_seed159346_matrix_02,159346,matrix,target_episode,False,period_violation,period,6106523159,,0,1,127,40375,134465,"{""min"": 69998.69883268478, ""max"": 129997.5835464146}",us,check_quality_intervals,,45.748314150535606,,,
anomaly_seed159346_matrix_02,159346,matrix,target_episode,False,statistical_deviation,three_sigma,6106523159,,0,1,127,40375,134465,"{""mean"": 99998.14118954969, ""std"": 6303.639114486157, ""sigma"": 3.0}",us,check_quality_intervals,,45.748314150535606,,,
anomaly_seed159346_matrix_02,159346,matrix,target_episode,False,statistical_deviation,three_sigma,6106896571,,0,1,127,40416,129416,"{""mean"": 99998.14118954969, ""std"": 6303.639114486157, ""sigma"": 3.0}",us,check_quality_intervals,,46.12174818314345,,,
anomaly_seed159346_matrix_02,159346,matrix,target_episode,False,period_violation,period,6107152566,,0,1,127,40441,137996,"{""min"": 69998.69883268478, ""max"": 129997.5835464146}",us,check_quality_intervals,,46.37775828773915,,,
anomaly_seed159346_matrix_02,159346,matrix,target_episode,False,statistical_deviation,three_sigma,6107152566,,0,1,127,40441,137996,"{""mean"": 99998.14118954969, ""std"": 6303.639114486157, ""sigma"": 3.0}",us,check_quality_intervals,,46.37775828773915,,,
anomaly_seed159346_matrix_02,159346,matrix,target_episode,False,period_violation,period,6107524140,,0,1,127,40483,135579,"{""min"": 69998.69883268478, ""max"": 129997.5835464146}",us,check_quality_intervals,,46.749354211899366,,,
anomaly_seed159346_matrix_02,159346,matrix,target_episode,False,statistical_deviation,three_sigma,6107524140,,0,1,127,40483,135579,"{""mean"": 99998.14118954969, ""std"": 6303.639114486157, ""sigma"": 3.0}",us,check_quality_intervals,,46.749354211899366,,,
anomaly_seed159346_matrix_02,159346,matrix,target_episode,False,statistical_deviation,three_sigma,6107891601,,0,1,127,40522,127465,"{""mean"": 99998.14118954969, ""std"": 6303.639114486157, ""sigma"": 3.0}",us,check_quality_intervals,,47.116836893377396,,,
anomaly_seed159346_matrix_02,159346,matrix,target_episode,False,period_violation,period,6108522124,,0,1,127,40589,131999,"{""min"": 69998.69883268478, ""max"": 129997.5835464146}",us,check_quality_intervals,,47.74739709642919,,,
anomaly_seed159346_matrix_02,159346,matrix,target_episode,False,period_violation,period,6108898117,,0,1,127,40630,129999,"{""min"": 69998.69883268478, ""max"": 129997.5835464146}",us,check_quality_intervals,,48.12341228132475,,,
anomaly_seed159346_matrix_02,159346,matrix,target_episode,False,period_violation,period,6109153556,,0,1,127,40655,137442,"{""min"": 69998.69883268478, ""max"": 129997.5835464146}",us,check_quality_intervals,,48.37886635311546,,,
anomaly_seed159346_matrix_02,159346,matrix,target_episode,False,statistical_deviation,three_sigma,6109153556,,0,1,127,40655,137442,"{""mean"": 99998.14118954969, ""std"": 6303.639114486157, ""sigma"": 3.0}",us,check_quality_intervals,,48.37886635311546,,,
anomaly_seed159346_matrix_02,159346,matrix,target_episode,False,statistical_deviation,three_sigma,6109645543,,0,1,127,40710,126438,"{""mean"": 99998.14118954969, ""std"": 6303.639114486157, ""sigma"": 3.0}",us,check_quality_intervals,,48.8708823820606,,,
anomaly_seed159346_matrix_02,159346,matrix,target_episode,False,statistical_deviation,three_sigma,6109890100,,0,1,127,40739,126999,"{""mean"": 99998.14118954969, ""std"": 6303.639114486157, ""sigma"": 3.0}",us,check_quality_intervals,,49.115453811774934,,,
anomaly_seed159346_matrix_02,159346,matrix,target_episode,False,period_violation,period,6110274092,,0,1,127,40781,133997,"{""min"": 69998.69883268478, ""max"": 129997.5835464146}",us,check_quality_intervals,,49.499468468639726,,,
anomaly_seed159346_matrix_02,159346,matrix,target_episode,False,statistical_deviation,three_sigma,6110642086,,0,1,127,40819,124999,"{""mean"": 99998.14118954969, ""std"": 6303.639114486157, ""sigma"": 3.0}",us,check_quality_intervals,,49.86748418156697,,,
anomaly_seed159346_matrix_02,159346,matrix,target_episode,False,period_violation,period,6110897525,,0,1,127,40848,130441,"{""min"": 69998.69883268478, ""max"": 129997.5835464146}",us,check_quality_intervals,,50.12293825335768,,,
anomaly_seed159346_matrix_02,159346,matrix,target_episode,False,period_violation,period,6111151515,,0,1,127,40873,136436,"{""min"": 69998.69883268478, ""max"": 129997.5835464146}",us,check_quality_intervals,,50.376943239651126,,,
anomaly_seed159346_matrix_02,159346,matrix,target_episode,False,statistical_deviation,three_sigma,6111151515,,0,1,127,40873,136436,"{""mean"": 99998.14118954969, ""std"": 6303.639114486157, ""sigma"": 3.0}",us,check_quality_intervals,,50.376943239651126,,,
anomaly_seed159346_matrix_02,159346,matrix,target_episode,False,period_violation,period,6111522070,,0,1,127,40915,133997,"{""min"": 69998.69883268478, ""max"": 129997.5835464146}",us,check_quality_intervals,,50.747520103686526,,,
anomaly_seed159346_matrix_02,159346,matrix,target_episode,False,statistical_deviation,three_sigma,6111522070,,0,1,127,40915,133997,"{""mean"": 99998.14118954969, ""std"": 6303.639114486157, ""sigma"": 3.0}",us,check_quality_intervals,,50.747520103686526,,,
anomaly_seed159346_matrix_02,159346,matrix,target_episode,False,period_violation,period,6111810065,,0,1,127,40947,161997,"{""min"": 69998.69883268478, ""max"": 129997.5835464146}",us,check_quality_intervals,,51.03553209639378,,,
anomaly_seed159346_matrix_02,159346,matrix,target_episode,False,period_violation,period,6115772994,,0,1,127,41385,52529,"{""min"": 69998.69883268478, ""max"": 129997.5835464146}",us,check_quality_intervals,,54.998694923000805,,,
anomaly_seed159346_matrix_02,159346,matrix,target_episode,False,statistical_deviation,three_sigma,6115772994,,0,1,127,41385,52529,"{""mean"": 99998.14118954969, ""std"": 6303.639114486157, ""sigma"": 3.0}",us,check_quality_intervals,,54.998694923000805,,,
anomaly_seed159346_matrix_02,159346,matrix,target_episode,False,frequency_decrease,frequency,6117248829,,0,1,127,,5,"{""min"": 5.000092942250136, ""max"": 15.000278826750408}",frames/window,check_quality_intervals,,56.474617002403676,6116248829,6117248829,
anomaly_seed159346_matrix_02,159346,matrix,other_id_during_episode,False,statistical_deviation,three_sigma,6121927323,,0,1,1763,42020,114908,"{""mean"": 100002.9783212896, ""std"": 4873.925045102525, ""sigma"": 3.0}",us,check_quality_intervals,,61.15338704983625,,,
anomaly_seed159346_matrix_02,159346,matrix,target_episode,False,period_violation,period,6125771398,,0,1,127,42444,50581,"{""min"": 69998.69883268478, ""max"": 129997.5835464146}",us,check_quality_intervals,,64.99768886364323,,,
anomaly_seed159346_matrix_02,159346,matrix,target_episode,False,statistical_deviation,three_sigma,6125771398,,0,1,127,42444,50581,"{""mean"": 99998.14118954969, ""std"": 6303.639114486157, ""sigma"": 3.0}",us,check_quality_intervals,,64.99768886364323,,,
anomaly_seed159346_matrix_02,159346,matrix,target_episode,False,missing_frame,timeout,6126082829,,0,1,127,,311431,299994.42356864904,us,check_quality_intervals,6125771398,65.30913823915648,,,
anomaly_seed159346_matrix_02,159346,matrix,target_episode,False,missing_frame,timeout,6126475804,,0,1,127,,300994,299994.42356864904,us,check_quality_intervals,6126174810,65.70213642604925,,,
anomaly_seed159346_matrix_02,159346,matrix,target_episode,False,missing_frame,timeout,6126882829,,0,1,127,,311587,299994.42356864904,us,check_quality_intervals,6126571242,66.10918544194162,,,
anomaly_seed159346_matrix_02,159346,matrix,target_episode,False,frequency_decrease,frequency,6127248829,,0,1,127,,2,"{""min"": 5.000092942250136, ""max"": 15.000278826750408}",frames/window,check_quality_intervals,,66.47520703721574,6126248829,6127248829,
anomaly_seed159346_matrix_02,159346,matrix,target_episode,False,missing_frame,timeout,6127282829,,0,1,127,,315453,299994.42356864904,us,check_quality_intervals,6126967376,66.50920904333374,,,
anomaly_seed159346_matrix_02,159346,matrix,target_episode,False,missing_frame,timeout,6127672200,,0,1,127,,300411,299994.42356864904,us,check_quality_intervals,6127371789,66.89860301757844,,,
anomaly_seed159346_matrix_02,159346,matrix,target_episode,False,missing_frame,timeout,6128082832,,0,1,127,,316632,299994.42356864904,us,check_quality_intervals,6127766200,67.30925924629601,,,
anomaly_seed159346_matrix_02,159346,matrix,target_episode,False,missing_frame,timeout,6128482829,,0,1,127,,308055,299994.42356864904,us,check_quality_intervals,6128174774,67.70927984751101,,,
anomaly_seed159346_matrix_02,159346,matrix,target_episode,False,missing_frame,timeout,6128882829,,0,1,127,,304642,299994.42356864904,us,check_quality_intervals,6128578187,68.10930344890404,,,
anomaly_seed159346_matrix_02,159346,matrix,target_episode,False,missing_frame,timeout,6129282829,,0,1,127,,306069,299994.42356864904,us,check_quality_intervals,6128976760,68.50932705029615,,,
anomaly_seed159346_matrix_02,159346,matrix,target_episode,False,missing_frame,timeout,6129682829,,0,1,127,,307638,299994.42356864904,us,check_quality_intervals,6129375191,68.90935065168918,,,
anomaly_seed159346_matrix_02,159346,matrix,target_episode,False,missing_frame,timeout,6130082829,,0,1,127,,306084,299994.42356864904,us,check_quality_intervals,6129776745,69.3093742530813,,,
anomaly_seed159346_matrix_02,159346,matrix,target_episode,False,missing_frame,timeout,6130474152,,0,1,127,,300835,299994.42356864904,us,check_quality_intervals,6130173317,69.7007203425004,,,
anomaly_seed159346_matrix_02,159346,matrix,other_id_during_episode,False,statistical_deviation,three_sigma,6130812145,,0,1,1763,42966,84969,"{""mean"": 100002.9783212896, ""std"": 4873.925045102525, ""sigma"": 3.0}",us,check_quality_intervals,,70.03873328526413,,,
anomaly_seed159346_matrix_02,159346,matrix,target_episode,False,missing_frame,timeout,6130871292,,0,1,127,,305560,299994.42356864904,us,check_quality_intervals,6130565732,70.09788377514298,,,
anomaly_seed159346_matrix_02,159346,matrix,target_episode,False,missing_frame,timeout,6131275718,,0,1,127,,300993,299994.42356864904,us,check_quality_intervals,6130974725,70.50233363768491,,,
anomaly_seed159346_matrix_02,159346,matrix,target_episode,False,missing_frame,timeout,6131682829,,0,1,127,,308111,299994.42356864904,us,check_quality_intervals,6131374718,70.90946865865159,,,
anomaly_seed159346_matrix_02,159346,matrix,background_candidate,False,statistical_deviation,three_sigma,6135677629,,0,1,1326,43492,1008982,"{""mean"": 999993.3910614525, ""std"": 2227.0274582018296, ""sigma"": 3.0}",us,check_quality_intervals,,74.9045043657578,,,
anomaly_seed159346_matrix_02,159346,matrix,target_episode,False,missing_frame,timeout,6136014634,,0,1,127,,301414,299994.42356864904,us,check_quality_intervals,6135713220,75.24152925022631,,,
anomaly_seed159346_matrix_02,159346,matrix,target_episode,False,frequency_decrease,frequency,6136248829,,0,1,127,,5,"{""min"": 5.000092942250136, ""max"": 15.000278826750408}",frames/window,check_quality_intervals,,75.47573806854658,6135248829,6136248829,
anomaly_seed159346_matrix_02,159346,matrix,target_episode,False,period_violation,period,6136821622,,0,1,127,43609,1108402,"{""min"": 69998.69883268478, ""max"": 129997.5835464146}",us,check_quality_intervals,,76.04856486532786,,,
anomaly_seed159346_matrix_02,159346,matrix,target_episode,False,statistical_deviation,three_sigma,6136821622,,0,1,127,43609,1108402,"{""mean"": 99998.14118954969, ""std"": 6303.639114486157, ""sigma"": 3.0}",us,check_quality_intervals,,76.04856486532786,,,
anomaly_seed159346_matrix_02,159346,matrix,target_episode,False,missing_frame,timeout,6141031535,,0,1,127,,318984,299994.42356864904,us,check_quality_intervals,6140712551,80.25872626485013,,,
anomaly_seed159346_matrix_02,159346,matrix,target_episode,False,frequency_decrease,frequency,6141248829,,0,1,127,,5,"{""min"": 5.000092942250136, ""max"": 15.000278826750408}",frames/window,check_quality_intervals,,80.47603308595261,6140248829,6141248829,
anomaly_seed159346_matrix_02,159346,matrix,target_recovery,False,period_violation,period,6145823460,,0,1,127,44553,5110909,"{""min"": 69998.69883268478, ""max"": 129997.5835464146}",us,check_quality_intervals,,85.05093400510634,,,
anomaly_seed159346_matrix_02,159346,matrix,target_recovery,False,statistical_deviation,three_sigma,6145823460,,0,1,127,44553,5110909,"{""mean"": 99998.14118954969, ""std"": 6303.639114486157, ""sigma"": 3.0}",us,check_quality_intervals,,85.05093400510634,,,
anomaly_seed159346_matrix_02,159346,matrix,target_episode,False,period_violation,period,6150773359,,0,1,385,45100,15575,"{""min"": 70000.31245136196, ""max"": 130000.58026681504}",us,check_quality_intervals,,90.00112506637915,,,
anomaly_seed159346_matrix_02,159346,matrix,target_episode,False,statistical_deviation,three_sigma,6150773359,,0,1,385,45100,15575,"{""mean"": 100000.4463590885, ""std"": 6438.542116865184, ""sigma"": 3.0}",us,check_quality_intervals,,90.00112506637915,,,
anomaly_seed159346_matrix_02,159346,matrix,target_episode,False,burst,burst,6150806797,,0,1,385,45107,4,"{""min_frames"": 4, ""max_interval_us"": 25000.111589772125}",frames,check_quality_intervals,,90.03456503933793,,,
anomaly_seed159346_matrix_02,159346,matrix,other_id_during_episode,False,statistical_deviation,three_sigma,6152676326,,0,1,1326,45313,1006983,"{""mean"": 999993.3910614525, ""std"": 2227.0274582018296, ""sigma"": 3.0}",us,check_quality_intervals,,91.90420434805675,,,
anomaly_seed159346_matrix_02,159346,matrix,target_episode,False,period_violation,period,6155769691,,0,1,385,45655,1943,"{""min"": 70000.31245136196, ""max"": 130000.58026681504}",us,check_quality_intervals,,94.99775186736102,,,
anomaly_seed159346_matrix_02,159346,matrix,target_episode,False,statistical_deviation,three_sigma,6155769691,,0,1,385,45655,1943,"{""mean"": 100000.4463590885, ""std"": 6438.542116865184, ""sigma"": 3.0}",us,check_quality_intervals,,94.99775186736102,,,
anomaly_seed159346_matrix_02,159346,matrix,target_episode,False,burst,burst,6155786712,,0,1,385,45661,4,"{""min_frames"": 4, ""max_interval_us"": 25000.111589772125}",frames,check_quality_intervals,,95.01477387165893,,,
anomaly_seed159346_matrix_02,159346,matrix,target_episode,False,frequency_increase,frequency,6156248829,,0,1,385,,29,"{""min"": 4.999977682145193, ""max"": 14.99993304643558}",frames/window,check_quality_intervals,,95.47691813817069,6155248829,6156248829,
anomaly_seed159346_matrix_02,159346,matrix,background_candidate,False,statistical_deviation,three_sigma,6160677187,,0,1,1326,46216,1006986,"{""mean"": 999993.3910614525, ""std"": 2227.0274582018296, ""sigma"": 3.0}",us,check_quality_intervals,,99.90553742670883,,,
anomaly_seed159346_matrix_02,159346,matrix,background_candidate,False,statistical_deviation,three_sigma,6163676131,,0,1,1326,46546,1007982,"{""mean"": 999993.3910614525, ""std"": 2227.0274582018296, ""sigma"": 3.0}",us,check_quality_intervals,,102.90465837484471,,,
anomaly_seed159346_matrix_02,159346,matrix,target_episode,False,unknown_id,dbc,6163763067,,0,1,2045,46557,2045,ID in DBC or baseline,,check_quality_intervals,,102.99159950437105,,,
anomaly_seed159346_matrix_02,159346,matrix,target_episode,False,unknown_id,dbc,6168772978,,0,1,2045,47110,2045,ID in DBC or baseline,,check_quality_intervals,,108.00180610656068,,,
anomaly_seed159346_matrix_02,159346,matrix,target_episode,False,dlc_mismatch,dbc,6176772365,,0,1,6,48001,1,2,bytes,check_quality_intervals,,116.00166509824103,,,
anomaly_seed159346_matrix_02,159346,matrix,background_candidate,False,statistical_deviation,three_sigma,6181675808,,0,1,1326,48536,1007972,"{""mean"": 999993.3910614525, ""std"": 2227.0274582018296, ""sigma"": 3.0}",us,check_quality_intervals,,120.90539741844808,,,
anomaly_seed159346_matrix_02,159346,matrix,target_episode,False,dlc_mismatch,dbc,6184773101,,0,1,6,48877,3,2,bytes,check_quality_intervals,,124.0028731695172,,,
anomaly_seed159346_matrix_02,159346,matrix,background_candidate,False,statistical_deviation,three_sigma,6192677615,,0,1,1326,49755,1007985,"{""mean"": 999993.3910614525, ""std"": 2227.0274582018296, ""sigma"": 3.0}",us,check_quality_intervals,,131.90785356336028,,,
anomaly_seed159346_matrix_02,159346,matrix,target_episode,False,signal_out_of_range,dbc,6192764938,,0,1,6,49763,101.0,"{""min"": -100, ""max"": 100}",%,check_quality_intervals,,131.9951817157219,,,AccuFunSpeedIncrease
anomaly_seed159346_matrix_02,159346,matrix,target_episode,False,signal_out_of_range,dbc,6200773956,,0,1,6,50655,-101.0,"{""min"": -100, ""max"": 100}",%,check_quality_intervals,,140.0046722756647,,,AccuFunSpeedIncrease
anomaly_seed159346_matrix_02,159346,matrix,background_candidate,False,statistical_deviation,three_sigma,6212512273,,0,1,1763,51959,84000,"{""mean"": 100002.9783212896, ""std"": 4873.925045102525, ""sigma"": 3.0}",us,check_quality_intervals,,151.74368187723147,,,
anomaly_seed159346_matrix_02,159346,matrix,background_candidate,False,statistical_deviation,three_sigma,6218669152,,0,1,1326,52637,992982,"{""mean"": 999993.3910614525, ""std"": 2227.0274582018296, ""sigma"": 3.0}",us,check_quality_intervals,,157.90092415452594,,,
anomaly_seed159346_matrix_02,159346,matrix,outside_run,False,missing_frame,timeout,6220973829,,0,1,385,,314274,300001.33907726547,us,check_quality_intervals,6220659555,160.20573713849117,,,
anomaly_seed159346_matrix_02,159346,matrix,outside_run,False,missing_frame,timeout,6220973829,,0,1,1873,,305283,300016.36909394077,us,check_quality_intervals,6220668546,160.20573713849117,,,
anomaly_seed159346_matrix_02,159346,matrix,outside_run,False,missing_frame,timeout,6221073829,,0,1,127,,354255,299994.42356864904,us,check_quality_intervals,6220719574,160.30574303883964,,,
anomaly_seed159346_matrix_02,159346,matrix,outside_run,False,missing_frame,timeout,6221073829,,0,1,1280,,332710,299993.9599777652,us,check_quality_intervals,6220741119,160.30574303883964,,,
anomaly_seed159346_matrix_02,159346,matrix,outside_run,False,missing_frame,timeout,6221073829,,0,1,1763,,353703,300008.9349638688,us,check_quality_intervals,6220720126,160.30574303883964,,,
anomaly_seed159346_matrix_02,159346,matrix,outside_run,False,missing_frame,timeout,6221073829,,0,1,1872,,378252,300000.59699833236,us,check_quality_intervals,6220695577,160.30574303883964,,,
anomaly_seed159346_matrix_02,159346,matrix,outside_run,False,frequency_decrease,frequency,6221248829,,0,1,127,,5,"{""min"": 5.000092942250136, ""max"": 15.000278826750408}",frames/window,check_quality_intervals,,160.48075336444904,6220248829,6221248829,
anomaly_seed159346_matrix_02,159346,matrix,outside_run,False,frequency_decrease,frequency,6221248829,,0,1,1037,,2,"{""min"": 2.500016685317144, ""max"": 7.500050055951432}",frames/window,check_quality_intervals,,160.48075336444904,6220248829,6221248829,
anomaly_seed159346_matrix_02,159346,matrix,outside_run,False,frequency_decrease,frequency,6221248829,,0,1,1280,,5,"{""min"": 5.000100669064057, ""max"": 15.000302007192172}",frames/window,check_quality_intervals,,160.48075336444904,6220248829,6221248829,
anomaly_seed159346_matrix_02,159346,matrix,outside_run,False,missing_frame,timeout,6221273829,,0,1,1037,,660270,599995.9955506116,us,check_quality_intervals,6220613559,160.5057548395357,,,
anomaly_seed159346_matrix_02,159346,matrix,outside_run,False,missing_frame,timeout,6221273829,,0,1,1317,,619821,599980.7753058955,us,check_quality_intervals,6220654008,160.5057548395357,,,
anomaly_seed159346_matrix_02,159346,matrix,outside_run,False,missing_frame,timeout,6221373829,,0,1,1039,,645287,600007.8186874307,us,check_quality_intervals,6220728542,160.6057607398842,,,
anomaly_seed159346_matrix_02,159346,matrix,outside_run,False,frequency_decrease,frequency,6222248829,,0,1,385,,0,"{""min"": 4.999977682145193, ""max"": 14.99993304643558}",frames/window,check_quality_intervals,,161.48081236793024,6221248829,6222248829,
anomaly_seed159346_matrix_02,159346,matrix,outside_run,False,frequency_decrease,frequency,6222248829,,0,1,1039,,0,"{""min"": 2.4999674225602266, ""max"": 7.49990226768068}",frames/window,check_quality_intervals,,161.48081236793024,6221248829,6222248829,
anomaly_seed159346_matrix_02,159346,matrix,outside_run,False,frequency_decrease,frequency,6222248829,,0,1,1317,,0,"{""min"": 2.500080105458774, ""max"": 7.500240316376321}",frames/window,check_quality_intervals,,161.48081236793024,6221248829,6222248829,
anomaly_seed159346_matrix_02,159346,matrix,outside_run,False,frequency_decrease,frequency,6222248829,,0,1,1326,,0,"{""min"": 6.6089822259307596e-06, ""max"": 2.000006608982226}",frames/window,check_quality_intervals,,161.48081236793024,6221248829,6222248829,
anomaly_seed159346_matrix_02,159346,matrix,outside_run,False,frequency_decrease,frequency,6222248829,,0,1,1763,,0,"{""min"": 4.999851088370587, ""max"": 14.99955326511176}",frames/window,check_quality_intervals,,161.48081236793024,6221248829,6222248829,
anomaly_seed159346_matrix_02,159346,matrix,outside_run,False,frequency_decrease,frequency,6222248829,,0,1,1872,,0,"{""min"": 4.999990050047594, ""max"": 14.999970150142783}",frames/window,check_quality_intervals,,161.48081236793024,6221248829,6222248829,
anomaly_seed159346_matrix_02,159346,matrix,outside_run,False,frequency_decrease,frequency,6222248829,,0,1,1873,,0,"{""min"": 4.9997271966528, ""max"": 14.9991815899584}",frames/window,check_quality_intervals,,161.48081236793024,6221248829,6222248829,
anomaly_seed159346_matrix_02,159346,matrix,outside_run,False,missing_frame,timeout,6223173829,,0,1,10,,3016360,3000080.698324022,us,check_quality_intervals,6220157469,162.40586694615055,,,
anomaly_seed159346_matrix_02,159346,matrix,outside_run,False,missing_frame,timeout,6223473829,,0,1,1327,,3068271,3000006.0670391065,us,check_quality_intervals,6220405558,162.70588464719418,,,
anomaly_seed159346_matrix_02,159346,matrix,outside_run,False,missing_frame,timeout,6223473829,,0,1,1881,,3032156,3000004.5418994413,us,check_quality_intervals,6220441673,162.70588464719418,,,
anomaly_seed159346_matrix_02,159346,matrix,outside_run,False,missing_frame,timeout,6223673829,,0,1,1326,,3004712,2999980.1731843576,us,check_quality_intervals,6220669117,162.90589644789114,,,
anomaly_seed159346_matrix_03,159346,matrix,outside_run,False,missing_frame,timeout,6230173829,,0,1,127,,382015,299994.42356864904,us,check_quality_intervals,,-2.247030477471262,,,
anomaly_seed159346_matrix_03,159346,matrix,outside_run,False,missing_frame,timeout,6230173829,,0,1,385,,382015,300001.33907726547,us,check_quality_intervals,,-2.247030477471262,,,
anomaly_seed159346_matrix_03,159346,matrix,outside_run,False,missing_frame,timeout,6230173829,,0,1,1280,,382015,299993.9599777652,us,check_quality_intervals,,-2.247030477471262,,,
anomaly_seed159346_matrix_03,159346,matrix,outside_run,False,missing_frame,timeout,6230173829,,0,1,1763,,382015,300008.9349638688,us,check_quality_intervals,,-2.247030477471262,,,
anomaly_seed159346_matrix_03,159346,matrix,outside_run,False,missing_frame,timeout,6230173829,,0,1,1872,,382015,300000.59699833236,us,check_quality_intervals,,-2.247030477471262,,,
anomaly_seed159346_matrix_03,159346,matrix,outside_run,False,missing_frame,timeout,6230173829,,0,1,1873,,382015,300016.36909394077,us,check_quality_intervals,,-2.247030477471262,,,
anomaly_seed159346_matrix_03,159346,matrix,outside_run,False,missing_frame,timeout,6230473829,,0,1,1037,,682015,599995.9955506116,us,check_quality_intervals,,-1.9470356205088188,,,
anomaly_seed159346_matrix_03,159346,matrix,outside_run,False,missing_frame,timeout,6230473829,,0,1,1039,,682015,600007.8186874307,us,check_quality_intervals,,-1.9470356205088188,,,
anomaly_seed159346_matrix_03,159346,matrix,outside_run,False,missing_frame,timeout,6230473829,,0,1,1317,,682015,599980.7753058955,us,check_quality_intervals,,-1.9470356205088188,,,
anomaly_seed159346_matrix_03,159346,matrix,outside_run,False,frequency_decrease,frequency,6230791814,,0,1,127,,0,"{""min"": 5.000092942250136, ""max"": 15.000278826750408}",frames/window,check_quality_intervals,,-1.629056071870116,6229791814,6230791814,
anomaly_seed159346_matrix_03,159346,matrix,outside_run,False,frequency_decrease,frequency,6230791814,,0,1,385,,0,"{""min"": 4.999977682145193, ""max"": 14.99993304643558}",frames/window,check_quality_intervals,,-1.629056071870116,6229791814,6230791814,
anomaly_seed159346_matrix_03,159346,matrix,outside_run,False,frequency_decrease,frequency,6230791814,,0,1,1037,,0,"{""min"": 2.500016685317144, ""max"": 7.500050055951432}",frames/window,check_quality_intervals,,-1.629056071870116,6229791814,6230791814,
anomaly_seed159346_matrix_03,159346,matrix,outside_run,False,frequency_decrease,frequency,6230791814,,0,1,1039,,0,"{""min"": 2.4999674225602266, ""max"": 7.49990226768068}",frames/window,check_quality_intervals,,-1.629056071870116,6229791814,6230791814,
anomaly_seed159346_matrix_03,159346,matrix,outside_run,False,frequency_decrease,frequency,6230791814,,0,1,1280,,0,"{""min"": 5.000100669064057, ""max"": 15.000302007192172}",frames/window,check_quality_intervals,,-1.629056071870116,6229791814,6230791814,
anomaly_seed159346_matrix_03,159346,matrix,outside_run,False,frequency_decrease,frequency,6230791814,,0,1,1317,,0,"{""min"": 2.500080105458774, ""max"": 7.500240316376321}",frames/window,check_quality_intervals,,-1.629056071870116,6229791814,6230791814,
anomaly_seed159346_matrix_03,159346,matrix,outside_run,False,frequency_decrease,frequency,6230791814,,0,1,1326,,0,"{""min"": 6.6089822259307596e-06, ""max"": 2.000006608982226}",frames/window,check_quality_intervals,,-1.629056071870116,6229791814,6230791814,
anomaly_seed159346_matrix_03,159346,matrix,outside_run,False,frequency_decrease,frequency,6230791814,,0,1,1763,,0,"{""min"": 4.999851088370587, ""max"": 14.99955326511176}",frames/window,check_quality_intervals,,-1.629056071870116,6229791814,6230791814,
anomaly_seed159346_matrix_03,159346,matrix,outside_run,False,frequency_decrease,frequency,6230791814,,0,1,1872,,0,"{""min"": 4.999990050047594, ""max"": 14.999970150142783}",frames/window,check_quality_intervals,,-1.629056071870116,6229791814,6230791814,
anomaly_seed159346_matrix_03,159346,matrix,outside_run,False,frequency_decrease,frequency,6230791814,,0,1,1873,,0,"{""min"": 4.9997271966528, ""max"": 14.9991815899584}",frames/window,check_quality_intervals,,-1.629056071870116,6229791814,6230791814,
anomaly_seed159346_matrix_03,159346,matrix,boundary_guard,False,missing_frame,timeout,6232814276,,0,1,1326,,3022462,2999980.1731843576,us,check_quality_intervals,,0.3933712561412844,,,
anomaly_seed159346_matrix_03,159346,matrix,boundary_guard,False,missing_frame,timeout,6232814276,,0,1,1327,,3022462,3000006.0670391065,us,check_quality_intervals,,0.3933712561412844,,,
anomaly_seed159346_matrix_03,159346,matrix,boundary_guard,False,missing_frame,timeout,6232814276,,0,1,1881,,3022462,3000004.5418994413,us,check_quality_intervals,,0.3933712561412844,,,
anomaly_seed159346_matrix_03,159346,matrix,target_episode,False,period_violation,period,6247426083,,0,1,127,54876,62990,"{""min"": 69998.69883268478, ""max"": 129997.5835464146}",us,check_quality_intervals,,15.004927759269709,,,
anomaly_seed159346_matrix_03,159346,matrix,target_episode,False,statistical_deviation,three_sigma,6247426083,,0,1,127,54876,62990,"{""mean"": 99998.14118954969, ""std"": 6303.639114486157, ""sigma"": 3.0}",us,check_quality_intervals,,15.004927759269709,,,
anomaly_seed159346_matrix_03,159346,matrix,target_episode,False,statistical_deviation,three_sigma,6247666070,,0,1,127,54899,73950,"{""mean"": 99998.14118954969, ""std"": 6303.639114486157, ""sigma"": 3.0}",us,check_quality_intervals,,15.244910645063039,,,
anomaly_seed159346_matrix_03,159346,matrix,target_episode,False,statistical_deviation,three_sigma,6247828647,,0,1,127,54921,76998,"{""mean"": 99998.14118954969, ""std"": 6303.639114486157, ""sigma"": 3.0}",us,check_quality_intervals,,15.407484857931433,,,
anomaly_seed159346_matrix_03,159346,matrix,target_episode,False,period_violation,period,6247898645,,0,1,127,54926,69998,"{""min"": 69998.69883268478, ""max"": 129997.5835464146}",us,check_quality_intervals,,15.477481657923734,,,
anomaly_seed159346_matrix_03,159346,matrix,target_episode,False,period_violation,period,6248060642,,0,1,127,54945,67559,"{""min"": 69998.69883268478, ""max"": 129997.5835464146}",us,check_quality_intervals,,15.639475880735432,,,
anomaly_seed159346_matrix_03,159346,matrix,target_episode,False,statistical_deviation,three_sigma,6248060642,,0,1,127,54945,67559,"{""mean"": 99998.14118954969, ""std"": 6303.639114486157, ""sigma"": 3.0}",us,check_quality_intervals,,15.639475880735432,,,
anomaly_seed159346_matrix_03,159346,matrix,target_episode,False,statistical_deviation,three_sigma,6248220639,,0,1,127,54966,78577,"{""mean"": 99998.14118954969, ""std"": 6303.639114486157, ""sigma"": 3.0}",us,check_quality_intervals,,15.799470137833636,,,
anomaly_seed159346_matrix_03,159346,matrix,target_episode,False,statistical_deviation,three_sigma,6248465636,,0,1,127,54990,72561,"{""mean"": 99998.14118954969, ""std"": 6303.639114486157, ""sigma"": 3.0}",us,check_quality_intervals,,16.044462937738107,,,
anomaly_seed159346_matrix_03,159346,matrix,target_episode,False,statistical_deviation,three_sigma,6248699632,,0,1,127,55018,70999,"{""mean"": 99998.14118954969, ""std"": 6303.639114486157, ""sigma"": 3.0}",us,check_quality_intervals,,16.278454926237888,,,
anomaly_seed159346_matrix_03,159346,matrix,target_episode,False,statistical_deviation,three_sigma,6248948628,,0,1,127,55045,77550,"{""mean"": 99998.14118954969, ""std"": 6303.639114486157, ""sigma"": 3.0}",us,check_quality_intervals,,16.527446657586154,,,
anomaly_seed159346_matrix_03,159346,matrix,target_episode,False,statistical_deviation,three_sigma,6249112624,,0,1,127,55065,80470,"{""mean"": 99998.14118954969, ""std"": 6303.639114486157, ""sigma"": 3.0}",us,check_quality_intervals,,16.691439846128155,,,
anomaly_seed159346_matrix_03,159346,matrix,target_episode,False,statistical_deviation,three_sigma,6249504212,,0,1,127,55110,72174,"{""mean"": 99998.14118954969, ""std"": 6303.639114486157, ""sigma"": 3.0}",us,check_quality_intervals,,17.08302113295597,,,
anomaly_seed159346_matrix_03,159346,matrix,target_episode,False,statistical_deviation,three_sigma,6249665053,,0,1,127,55125,77857,"{""mean"": 99998.14118954969, ""std"": 6303.639114486157, ""sigma"": 3.0}",us,check_quality_intervals,,17.243859375585238,,,
anomaly_seed159346_matrix_03,159346,matrix,target_episode,False,statistical_deviation,three_sigma,6249826610,,0,1,127,55147,76997,"{""mean"": 99998.14118954969, ""std"": 6303.639114486157, ""sigma"": 3.0}",us,check_quality_intervals,,17.405413605940257,,,
anomaly_seed159346_matrix_03,159346,matrix,target_episode,False,statistical_deviation,three_sigma,6250224037,,0,1,127,55192,78992,"{""mean"": 99998.14118954969, ""std"": 6303.639114486157, ""sigma"": 3.0}",us,check_quality_intervals,,17.802833792667812,,,
anomaly_seed159346_matrix_03,159346,matrix,other_id_during_episode,False,statistical_deviation,three_sigma,6250332589,,0,1,1326,55204,1006983,"{""mean"": 999993.3910614525, ""std"": 2227.0274582018296, ""sigma"": 3.0}",us,check_quality_intervals,,17.911383931711057,,,
anomaly_seed159346_matrix_03,159346,matrix,target_episode,False,statistical_deviation,three_sigma,6250380022,,0,1,127,55207,69999,"{""mean"": 99998.14118954969, ""std"": 6303.639114486157, ""sigma"": 3.0}",us,check_quality_intervals,,17.958816118546142,,,
anomaly_seed159346_matrix_03,159346,matrix,target_episode,False,statistical_deviation,three_sigma,6250553039,,0,1,127,55226,80439,"{""mean"": 99998.14118954969, ""std"": 6303.639114486157, ""sigma"": 3.0}",us,check_quality_intervals,,18.13183015243687,,,
anomaly_seed159346_matrix_03,159346,matrix,target_episode,False,period_violation,period,6250939591,,0,1,127,55271,68548,"{""min"": 69998.69883268478, ""max"": 129997.5835464146}",us,check_quality_intervals,,18.518375525599566,,,
anomaly_seed159346_matrix_03,159346,matrix,target_episode,False,statistical_deviation,three_sigma,6250939591,,0,1,127,55271,68548,"{""mean"": 99998.14118954969, ""std"": 6303.639114486157, ""sigma"": 3.0}",us,check_quality_intervals,,18.518375525599566,,,
anomaly_seed159346_matrix_03,159346,matrix,target_episode,False,statistical_deviation,three_sigma,6251113030,,0,1,127,55292,80440,"{""mean"": 99998.14118954969, ""std"": 6303.639114486157, ""sigma"": 3.0}",us,check_quality_intervals,,18.691811552255828,,,
anomaly_seed159346_matrix_03,159346,matrix,target_episode,False,period_violation,period,6251179026,,0,1,127,55298,65996,"{""min"": 69998.69883268478, ""max"": 129997.5835464146}",us,check_quality_intervals,,18.75780642085566,,,
anomaly_seed159346_matrix_03,159346,matrix,target_episode,False,period_violation,period,6251339584,,0,1,127,55318,67999,"{""min"": 69998.69883268478, ""max"": 129997.5835464146}",us,check_quality_intervals,,18.918361668337127,,,
anomaly_seed159346_matrix_03,159346,matrix,target_episode,False,statistical_deviation,three_sigma,6251339584,,0,1,127,55318,67999,"{""mean"": 99998.14118954969, ""std"": 6303.639114486157, ""sigma"": 3.0}",us,check_quality_intervals,,18.918361668337127,,,
anomaly_seed159346_matrix_03,159346,matrix,target_episode,False,statistical_deviation,three_sigma,6251507022,,0,1,127,55336,74000,"{""mean"": 99998.14118954969, ""std"": 6303.639114486157, ""sigma"": 3.0}",us,check_quality_intervals,,19.085796797870618,,,
anomaly_seed159346_matrix_03,159346,matrix,target_episode,False,statistical_deviation,three_sigma,6251825154,,0,1,127,55373,75577,"{""mean"": 99998.14118954969, ""std"": 6303.639114486157, ""sigma"": 3.0}",us,check_quality_intervals,,19.403923343988975,,,
anomaly_seed159346_matrix_03,159346,matrix,target_episode,False,statistical_deviation,three_sigma,6252061570,,0,1,127,55397,80997,"{""mean"": 99998.14118954969, ""std"": 6303.639114486157, ""sigma"": 3.0}",us,check_quality_intervals,,19.640335291001396,,,
anomaly_seed159346_matrix_03,159346,matrix,target_episode,False,period_violation,period,6252299988,,0,1,127,55427,68840,"{""min"": 69998.69883268478, ""max"": 129997.5835464146}",us,check_quality_intervals,,19.878749203692788,,,
anomaly_seed159346_matrix_03,159346,matrix,target_episode,False,statistical_deviation,three_sigma,6252299988,,0,1,127,55427,68840,"{""mean"": 99998.14118954969, ""std"": 6303.639114486157, ""sigma"": 3.0}",us,check_quality_intervals,,19.878749203692788,,,
anomaly_seed159346_matrix_03,159346,matrix,target_episode,False,statistical_deviation,three_sigma,6252540561,,0,1,127,55453,74996,"{""mean"": 99998.14118954969, ""std"": 6303.639114486157, ""sigma"": 3.0}",us,check_quality_intervals,,20.119318079440166,,,
anomaly_seed159346_matrix_03,159346,matrix,target_episode,False,statistical_deviation,three_sigma,6252871978,,0,1,127,55488,78420,"{""mean"": 99998.14118954969, ""std"": 6303.639114486157, ""sigma"": 3.0}",us,check_quality_intervals,,20.450729397807706,,,
anomaly_seed159346_matrix_03,159346,matrix,target_episode,False,statistical_deviation,three_sigma,6253112553,,0,1,127,55518,79420,"{""mean"": 99998.14118954969, ""std"": 6303.639114486157, ""sigma"": 3.0}",us,check_quality_intervals,,20.69130027352056,,,
anomaly_seed159346_matrix_03,159346,matrix,target_episode,False,period_violation,period,6253262548,,0,1,127,55533,69557,"{""min"": 69998.69883268478, ""max"": 129997.5835464146}",us,check_quality_intervals,,20.841292702087628,,,
anomaly_seed159346_matrix_03,159346,matrix,target_episode,False,statistical_deviation,three_sigma,6253465126,,0,1,127,55556,119577,"{""mean"": 99998.14118954969, ""std"": 6303.639114486157, ""sigma"": 3.0}",us,check_quality_intervals,,21.043867229200938,,,
anomaly_seed159346_matrix_03,159346,matrix,target_episode,False,period_violation,period,6257426916,,0,1,127,55995,50970,"{""min"": 69998.69883268478, ""max"": 129997.5835464146}",us,check_quality_intervals,,25.0055893104283,,,
anomaly_seed159346_matrix_03,159346,matrix,target_episode,False,statistical_deviation,three_sigma,6257426916,,0,1,127,55995,50970,"{""mean"": 99998.14118954969, ""std"": 6303.639114486157, ""sigma"": 3.0}",us,check_quality_intervals,,25.0055893104283,,,
anomaly_seed159346_matrix_03,159346,matrix,other_id_during_episode,False,statistical_deviation,three_sigma,6257783469,,0,1,1763,56032,115999,"{""mean"": 100002.9783212896, ""std"": 4873.925045102525, ""sigma"": 3.0}",us,check_quality_intervals,,25.362136197877216,,,
anomaly_seed159346_matrix_03,159346,matrix,target_episode,False,frequency_increase,frequency,6258791814,,0,1,127,,20,"{""min"": 5.000092942250136, ""max"": 15.000278826750408}",frames/window,check_quality_intervals,,26.37046391135917,6257791814,6258791814,
anomaly_seed159346_matrix_03,159346,matrix,other_id_during_episode,False,statistical_deviation,three_sigma,6260483420,,0,1,1763,56359,115470,"{""mean"": 100002.9783212896, ""std"": 4873.925045102525, ""sigma"": 3.0}",us,check_quality_intervals,,28.062040911385385,,,
anomaly_seed159346_matrix_03,159346,matrix,target_episode,False,period_violation,period,6267426297,,0,1,127,57159,63998,"{""min"": 69998.69883268478, ""max"": 129997.5835464146}",us,check_quality_intervals,,35.00479888647876,,,
anomaly_seed159346_matrix_03,159346,matrix,target_episode,False,statistical_deviation,three_sigma,6267426297,,0,1,127,57159,63998,"{""mean"": 99998.14118954969, ""std"": 6303.639114486157, ""sigma"": 3.0}",us,check_quality_intervals,,35.00479888647876,,,
anomaly_seed159346_matrix_03,159346,matrix,target_episode,False,frequency_increase,frequency,6267791814,,0,1,127,,21,"{""min"": 5.000092942250136, ""max"": 15.000278826750408}",frames/window,check_quality_intervals,,35.3703096202543,6266791814,6267791814,
anomaly_seed159346_matrix_03,159346,matrix,target_episode,False,burst,burst,6268169879,,0,1,127,57262,4,"{""min_frames"": 4, ""max_interval_us"": 24999.53529738742}",frames,check_quality_intervals,,35.74836813891345,,,
anomaly_seed159346_matrix_03,159346,matrix,target_episode,False,burst,burst,6269347264,,0,1,127,57427,4,"{""min_frames"": 4, ""max_interval_us"": 24999.53529738742}",frames,check_quality_intervals,,36.925732954465346,,,
anomaly_seed159346_matrix_03,159346,matrix,target_episode,False,burst,burst,6270345838,,0,1,127,57568,4,"{""min_frames"": 4, ""max_interval_us"": 24999.53529738742}",frames,check_quality_intervals,,37.92428983545601,,,
anomaly_seed159346_matrix_03,159346,matrix,target_episode,False,burst,burst,6271346667,,0,1,127,57709,4,"{""min_frames"": 4, ""max_interval_us"": 24999.53529738742}",frames,check_quality_intervals,,38.9251016777876,,,
anomaly_seed159346_matrix_03,159346,matrix,target_episode,False,burst,burst,6271647223,,0,1,127,57749,4,"{""min_frames"": 4, ""max_interval_us"": 24999.53529738742}",frames,check_quality_intervals,,39.225652525219154,,,
anomaly_seed159346_matrix_03,159346,matrix,target_episode,False,burst,burst,6272345211,,0,1,127,57850,4,"{""min_frames"": 4, ""max_interval_us"": 24999.53529738742}",frames,check_quality_intervals,,39.92362855929241,,,
anomaly_seed159346_matrix_03,159346,matrix,target_episode,False,burst,burst,6273346632,,0,1,127,57990,4,"{""min_frames"": 4, ""max_interval_us"": 24999.53529738742}",frames,check_quality_intervals,,40.925032391475405,,,
anomaly_seed159346_matrix_03,159346,matrix,target_episode,False,period_violation,period,6277426560,,0,1,127,58440,63439,"{""min"": 69998.69883268478, ""max"": 129997.5835464146}",us,check_quality_intervals,,45.00489044740896,,,
anomaly_seed159346_matrix_03,159346,matrix,target_episode,False,statistical_deviation,three_sigma,6277426560,,0,1,127,58440,63439,"{""mean"": 99998.14118954969, ""std"": 6303.639114486157, ""sigma"": 3.0}",us,check_quality_intervals,,45.00489044740896,,,
anomaly_seed159346_matrix_03,159346,matrix,other_id_during_episode,False,statistical_deviation,three_sigma,6279324072,,0,1,1326,58646,992562,"{""mean"": 999993.3910614525, ""std"": 2227.0274582018296, ""sigma"": 3.0}",us,check_quality_intervals,,46.90236991749576,,,
anomaly_seed159346_matrix_03,159346,matrix,target_episode,False,period_violation,period,6279431677,,0,1,127,58656,131150,"{""min"": 69998.69883268478, ""max"": 129997.5835464146}",us,check_quality_intervals,,47.009973072773406,,,
anomaly_seed159346_matrix_03,159346,matrix,target_episode,False,statistical_deviation,three_sigma,6279669502,,0,1,127,58681,122971,"{""mean"": 99998.14118954969, ""std"": 6303.639114486157, ""sigma"": 3.0}",us,check_quality_intervals,,47.24779399563111,,,
anomaly_seed159346_matrix_03,159346,matrix,target_episode,False,period_violation,period,6279805077,,0,1,127,58697,135575,"{""min"": 69998.69883268478, ""max"": 129997.5835464146}",us,check_quality_intervals,,47.3833666714073,,,
anomaly_seed159346_matrix_03,159346,matrix,target_episode,False,statistical_deviation,three_sigma,6280547486,,0,1,127,58776,128419,"{""mean"": 99998.14118954969, ""std"": 6303.639114486157, ""sigma"": 3.0}",us,check_quality_intervals,,48.125762943951614,,,
anomaly_seed159346_matrix_03,159346,matrix,target_episode,False,period_violation,period,6280808501,,0,1,127,58805,137017,"{""min"": 69998.69883268478, ""max"": 129997.5835464146}",us,check_quality_intervals,,48.38677346925246,,,
anomaly_seed159346_matrix_03,159346,matrix,target_episode,False,period_violation,period,6281058496,,0,1,127,58829,139859,"{""min"": 69998.69883268478, ""max"": 129997.5835464146}",us,check_quality_intervals,,48.63676418347337,,,
anomaly_seed159346_matrix_03,159346,matrix,target_episode,False,statistical_deviation,three_sigma,6281058496,,0,1,127,58829,139859,"{""mean"": 99998.14118954969, ""std"": 6303.639114486157, ""sigma"": 3.0}",us,check_quality_intervals,,48.63676418347337,,,
anomaly_seed159346_matrix_03,159346,matrix,target_episode,False,statistical_deviation,three_sigma,6281296052,,0,1,127,58860,123998,"{""mean"": 99998.14118954969, ""std"": 6303.639114486157, ""sigma"": 3.0}",us,check_quality_intervals,,48.87431611094255,,,
anomaly_seed159346_matrix_03,159346,matrix,target_episode,False,period_violation,period,6281807470,,0,1,127,58914,137427,"{""min"": 69998.69883268478, ""max"": 129997.5835464146}",us,check_quality_intervals,,49.385725343470575,,,
anomaly_seed159346_matrix_03,159346,matrix,target_episode,False,statistical_deviation,three_sigma,6282294033,,0,1,127,58969,125417,"{""mean"": 99998.14118954969, ""std"": 6303.639114486157, ""sigma"": 3.0}",us,check_quality_intervals,,49.87228000209953,,,
anomaly_seed159346_matrix_03,159346,matrix,target_episode,False,period_violation,period,6282683028,,0,1,127,59007,138550,"{""min"": 69998.69883268478, ""max"": 129997.5835464146}",us,check_quality_intervals,,50.261268333381075,,,
anomaly_seed159346_matrix_03,159346,matrix,target_episode,False,period_violation,period,6283465607,,0,1,127,59093,161150,"{""min"": 69998.69883268478, ""max"": 129997.5835464146}",us,check_quality_intervals,,51.04383391727206,,,
anomaly_seed159346_matrix_03,159346,matrix,target_episode,False,period_violation,period,6287425943,,0,1,127,59532,62999,"{""min"": 69998.69883268478, ""max"": 129997.5835464146}",us,check_quality_intervals,,55.004102023425816,,,
anomaly_seed159346_matrix_03,159346,matrix,target_episode,False,statistical_deviation,three_sigma,6287425943,,0,1,127,59532,62999,"{""mean"": 99998.14118954969, ""std"": 6303.639114486157, ""sigma"": 3.0}",us,check_quality_intervals,,55.004102023425816,,,
anomaly_seed159346_matrix_03,159346,matrix,target_episode,False,frequency_decrease,frequency,6288791814,,0,1,127,,5,"{""min"": 5.000092942250136, ""max"": 15.000278826750408}",frames/window,check_quality_intervals,,56.36994960767626,6287791814,6288791814,
anomaly_seed159346_matrix_03,159346,matrix,target_episode,False,period_violation,period,6297426764,,0,1,127,60606,63578,"{""min"": 69998.69883268478, ""max"": 129997.5835464146}",us,check_quality_intervals,,65.0047515747897,,,
anomaly_seed159346_matrix_03,159346,matrix,target_episode,False,statistical_deviation,three_sigma,6297426764,,0,1,127,60606,63578,"{""mean"": 99998.14118954969, ""std"": 6303.639114486157, ""sigma"": 3.0}",us,check_quality_intervals,,65.0047515747897,,,
anomaly_seed159346_matrix_03,159346,matrix,target_episode,False,missing_frame,timeout,6297754756,,0,1,127,,327992,299994.42356864904,us,check_quality_intervals,6297426764,65.3327379518737,,,
anomaly_seed159346_matrix_03,159346,matrix,target_episode,False,missing_frame,timeout,6298127170,,0,1,127,,300833,299994.42356864904,us,check_quality_intervals,6297826337,65.70514556741011,,,
anomaly_seed159346_matrix_03,159346,matrix,target_episode,False,missing_frame,timeout,6298526177,,0,1,127,,304426,299994.42356864904,us,check_quality_intervals,6298221751,66.10414572705112,,,
anomaly_seed159346_matrix_03,159346,matrix,target_episode,False,frequency_decrease,frequency,6298791814,,0,1,127,,3,"{""min"": 5.000092942250136, ""max"": 15.000278826750408}",frames/window,check_quality_intervals,,66.3697781731153,6297791814,6298791814,
anomaly_seed159346_matrix_03,159346,matrix,target_episode,False,missing_frame,timeout,6298929155,,0,1,127,,301412,299994.42356864904,us,check_quality_intervals,6298627743,66.50711681861554,,,
anomaly_seed159346_matrix_03,159346,matrix,other_id_during_episode,False,statistical_deviation,three_sigma,6299331138,,0,1,1326,60801,1006826,"{""mean"": 999993.3910614525, ""std"": 2227.0274582018296, ""sigma"": 3.0}",us,check_quality_intervals,,66.90909292723737,,,
anomaly_seed159346_matrix_03,159346,matrix,target_episode,False,missing_frame,timeout,6299358179,,0,1,127,,328444,299994.42356864904,us,check_quality_intervals,6299029735,66.93613346366146,,,
anomaly_seed159346_matrix_03,159346,matrix,target_episode,False,missing_frame,timeout,6299754721,,0,1,127,,333992,299994.42356864904,us,check_quality_intervals,6299420729,67.3326686655615,,,
anomaly_seed159346_matrix_03,159346,matrix,target_episode,False,missing_frame,timeout,6300128152,,0,1,127,,301851,299994.42356864904,us,check_quality_intervals,6299826301,67.70609326366353,,,
anomaly_seed159346_matrix_03,159346,matrix,target_episode,False,missing_frame,timeout,6300524699,,0,1,127,,302983,299994.42356864904,us,check_quality_intervals,6300221716,68.10263346547681,,,
anomaly_seed159346_matrix_03,159346,matrix,target_episode,False,missing_frame,timeout,6300962139,,0,1,127,,331011,299994.42356864904,us,check_quality_intervals,6300631128,68.54006596624399,,,
anomaly_seed159346_matrix_03,159346,matrix,target_episode,False,missing_frame,timeout,6301353692,,0,1,127,,323541,299994.42356864904,us,check_quality_intervals,6301030151,68.9316122536718,,,
anomaly_seed159346_matrix_03,159346,matrix,other_id_during_episode,False,statistical_deviation,three_sigma,6301482692,,0,1,1763,61009,116409,"{""mean"": 100002.9783212896, ""std"": 4873.925045102525, ""sigma"": 3.0}",us,check_quality_intervals,,69.06061004216586,,,
anomaly_seed159346_matrix_03,159346,matrix,target_episode,False,missing_frame,timeout,6301754684,,0,1,127,,335572,299994.42356864904,us,check_quality_intervals,6301419112,69.33259737928383,,,
anomaly_seed159346_matrix_03,159346,matrix,target_episode,False,missing_frame,timeout,6302127151,,0,1,127,,300464,299994.42356864904,us,check_quality_intervals,6301826687,69.7050579939114,,,
anomaly_seed159346_matrix_03,159346,matrix,target_episode,False,missing_frame,timeout,6302550251,,0,1,127,,317573,299994.42356864904,us,check_quality_intervals,6302232678,70.1281507405151,,,
anomaly_seed159346_matrix_03,159346,matrix,target_episode,False,missing_frame,timeout,6302929084,,0,1,127,,302413,299994.42356864904,us,check_quality_intervals,6302626671,70.50697724600886,,,
anomaly_seed159346_matrix_03,159346,matrix,target_episode,False,missing_frame,timeout,6303355659,,0,1,127,,324995,299994.42356864904,us,check_quality_intervals,6303030664,70.93354493303858,,,
anomaly_seed159346_matrix_03,159346,matrix,target_episode,False,missing_frame,timeout,6307683104,,0,1,127,,318928,299994.42356864904,us,check_quality_intervals,6307364176,75.2609157456751,,,
anomaly_seed159346_matrix_03,159346,matrix,target_episode,False,period_violation,period,6308468150,,0,1,127,61755,1103974,"{""min"": 69998.69883268478, ""max"": 129997.5835464146}",us,check_quality_intervals,,76.04594828727343,,,
anomaly_seed159346_matrix_03,159346,matrix,target_episode,False,statistical_deviation,three_sigma,6308468150,,0,1,127,61755,1103974,"{""mean"": 99998.14118954969, ""std"": 6303.639114486157, ""sigma"": 3.0}",us,check_quality_intervals,,76.04594828727343,,,
anomaly_seed159346_matrix_03,159346,matrix,target_recovery,False,frequency_decrease,frequency,6308791814,,0,1,127,,4,"{""min"": 5.000092942250136, ""max"": 15.000278826750408}",frames/window,check_quality_intervals,,76.36960673855432,6307791814,6308791814,
anomaly_seed159346_matrix_03,159346,matrix,target_episode,False,missing_frame,timeout,6312682492,,0,1,127,,317461,299994.42356864904,us,check_quality_intervals,6312365031,80.26021803888659,,,
anomaly_seed159346_matrix_03,159346,matrix,target_episode,False,frequency_decrease,frequency,6313791814,,0,1,127,,0,"{""min"": 5.000092942250136, ""max"": 15.000278826750408}",frames/window,check_quality_intervals,,81.36952102127384,6312791814,6313791814,
anomaly_seed159346_matrix_03,159346,matrix,target_episode,False,period_violation,period,6317465410,,0,1,127,62699,5100379,"{""min"": 69998.69883268478, ""max"": 129997.5835464146}",us,check_quality_intervals,,85.04305404314172,,,
anomaly_seed159346_matrix_03,159346,matrix,target_episode,False,statistical_deviation,three_sigma,6317465410,,0,1,127,62699,5100379,"{""mean"": 99998.14118954969, ""std"": 6303.639114486157, ""sigma"": 3.0}",us,check_quality_intervals,,85.04305404314172,,,
anomaly_seed159346_matrix_03,159346,matrix,target_episode,False,period_violation,period,6322429887,,0,1,385,63250,16576,"{""min"": 70000.31245136196, ""max"": 130000.58026681504}",us,check_quality_intervals,,90.00744593484868,,,
anomaly_seed159346_matrix_03,159346,matrix,target_episode,False,statistical_deviation,three_sigma,6322429887,,0,1,385,63250,16576,"{""mean"": 100000.4463590885, ""std"": 6438.542116865184, ""sigma"": 3.0}",us,check_quality_intervals,,90.00744593484868,,,
anomaly_seed159346_matrix_03,159346,matrix,target_episode,False,burst,burst,6322463306,,0,1,385,63253,4,"{""min_frames"": 4, ""max_interval_us"": 25000.111589772125}",frames,check_quality_intervals,,90.04086436193093,,,
anomaly_seed159346_matrix_03,159346,matrix,target_episode,False,period_violation,period,6327426219,,0,1,385,63805,1997,"{""min"": 70000.31245136196, ""max"": 130000.58026681504}",us,check_quality_intervals,,95.0036922804501,,,
anomaly_seed159346_matrix_03,159346,matrix,target_episode,False,statistical_deviation,three_sigma,6327426219,,0,1,385,63805,1997,"{""mean"": 100000.4463590885, ""std"": 6438.542116865184, ""sigma"": 3.0}",us,check_quality_intervals,,95.0036922804501,,,
anomaly_seed159346_matrix_03,159346,matrix,target_episode,False,burst,burst,6327442638,,0,1,385,63807,4,"{""min_frames"": 4, ""max_interval_us"": 25000.111589772125}",frames,check_quality_intervals,,95.02011099897219,,,
anomaly_seed159346_matrix_03,159346,matrix,target_episode,False,frequency_increase,frequency,6327791814,,0,1,385,,30,"{""min"": 4.999977682145193, ""max"": 14.99993304643558}",frames/window,check_quality_intervals,,95.36928101288848,6326791814,6327791814,
anomaly_seed159346_matrix_03,159346,matrix,target_episode,False,unknown_id,dbc,6335427014,,0,1,2045,64708,2045,ID in DBC or baseline,,check_quality_intervals,,103.0043501191722,,,
anomaly_seed159346_matrix_03,159346,matrix,target_episode,False,unknown_id,dbc,6340426343,,0,1,2045,65261,2045,ID in DBC or baseline,,check_quality_intervals,,108.0035934133952,,,
anomaly_seed159346_matrix_03,159346,matrix,target_episode,False,dlc_mismatch,dbc,6348424733,,0,1,6,616,1,2,bytes,check_quality_intervals,,116.00184629334713,,,
anomaly_seed159346_matrix_03,159346,matrix,target_episode,False,dlc_mismatch,dbc,6356422628,,0,1,6,1501,3,2,bytes,check_quality_intervals,,123.99960418178576,,,
anomaly_seed159346_matrix_03,159346,matrix,target_episode,False,signal_out_of_range,dbc,6364425046,,0,1,6,2378,101.0,"{""min"": -100, ""max"": 100}",%,check_quality_intervals,,132.00188499268413,,,AccuFunSpeedIncrease
anomaly_seed159346_matrix_03,159346,matrix,target_episode,False,signal_out_of_range,dbc,6372424902,,0,1,6,3267,-101.0,"{""min"": -100, ""max"": 100}",%,check_quality_intervals,,140.00160384750347,,,AccuFunSpeedIncrease
anomaly_seed159346_matrix_03,159346,matrix,outside_run,False,missing_frame,timeout,6392715829,,0,1,127,,352752,299994.42356864904,us,check_quality_intervals,6392363077,160.29218299088728,,,
anomaly_seed159346_matrix_03,159346,matrix,outside_run,False,missing_frame,timeout,6392715829,,0,1,385,,389326,300001.33907726547,us,check_quality_intervals,6392326503,160.29218299088728,,,
anomaly_seed159346_matrix_03,159346,matrix,outside_run,False,missing_frame,timeout,6392715829,,0,1,1280,,318763,299993.9599777652,us,check_quality_intervals,6392397066,160.29218299088728,,,
anomaly_seed159346_matrix_03,159346,matrix,outside_run,False,missing_frame,timeout,6392715829,,0,1,1763,,340267,300008.9349638688,us,check_quality_intervals,6392375562,160.29218299088728,,,
anomaly_seed159346_matrix_03,159346,matrix,outside_run,False,missing_frame,timeout,6392715829,,0,1,1872,,360756,300000.59699833236,us,check_quality_intervals,6392355073,160.29218299088728,,,
anomaly_seed159346_matrix_03,159346,matrix,outside_run,False,missing_frame,timeout,6392715829,,0,1,1873,,388755,300016.36909394077,us,check_quality_intervals,6392327074,160.29218299088728,,,
anomaly_seed159346_matrix_03,159346,matrix,outside_run,False,missing_frame,timeout,6392915829,,0,1,1037,,650764,599995.9955506116,us,check_quality_intervals,6392265065,160.4921795621959,,,
anomaly_seed159346_matrix_03,159346,matrix,outside_run,False,missing_frame,timeout,6392915829,,0,1,1317,,609876,599980.7753058955,us,check_quality_intervals,6392305953,160.4921795621959,,,
anomaly_seed159346_matrix_03,159346,matrix,outside_run,False,missing_frame,timeout,6393015829,,0,1,1039,,631761,600007.8186874307,us,check_quality_intervals,6392384068,160.59217784785065,,,
anomaly_seed159346_matrix_03,159346,matrix,outside_run,False,frequency_decrease,frequency,6393791814,,0,1,127,,0,"{""min"": 5.000092942250136, ""max"": 15.000278826750408}",frames/window,check_quality_intervals,,161.3681495447861,6392791814,6393791814,
anomaly_seed159346_matrix_03,159346,matrix,outside_run,False,frequency_decrease,frequency,6393791814,,0,1,385,,0,"{""min"": 4.999977682145193, ""max"": 14.99993304643558}",frames/window,check_quality_intervals,,161.3681495447861,6392791814,6393791814,
anomaly_seed159346_matrix_03,159346,matrix,outside_run,False,frequency_decrease,frequency,6393791814,,0,1,1037,,0,"{""min"": 2.500016685317144, ""max"": 7.500050055951432}",frames/window,check_quality_intervals,,161.3681495447861,6392791814,6393791814,
anomaly_seed159346_matrix_03,159346,matrix,outside_run,False,frequency_decrease,frequency,6393791814,,0,1,1039,,0,"{""min"": 2.4999674225602266, ""max"": 7.49990226768068}",frames/window,check_quality_intervals,,161.3681495447861,6392791814,6393791814,
anomaly_seed159346_matrix_03,159346,matrix,outside_run,False,frequency_decrease,frequency,6393791814,,0,1,1280,,0,"{""min"": 5.000100669064057, ""max"": 15.000302007192172}",frames/window,check_quality_intervals,,161.3681495447861,6392791814,6393791814,
anomaly_seed159346_matrix_03,159346,matrix,outside_run,False,frequency_decrease,frequency,6393791814,,0,1,1317,,0,"{""min"": 2.500080105458774, ""max"": 7.500240316376321}",frames/window,check_quality_intervals,,161.3681495447861,6392791814,6393791814,
anomaly_seed159346_matrix_03,159346,matrix,outside_run,False,frequency_decrease,frequency,6393791814,,0,1,1326,,0,"{""min"": 6.6089822259307596e-06, ""max"": 2.000006608982226}",frames/window,check_quality_intervals,,161.3681495447861,6392791814,6393791814,
anomaly_seed159346_matrix_03,159346,matrix,outside_run,False,frequency_decrease,frequency,6393791814,,0,1,1763,,0,"{""min"": 4.999851088370587, ""max"": 14.99955326511176}",frames/window,check_quality_intervals,,161.3681495447861,6392791814,6393791814,
anomaly_seed159346_matrix_03,159346,matrix,outside_run,False,frequency_decrease,frequency,6393791814,,0,1,1872,,0,"{""min"": 4.999990050047594, ""max"": 14.999970150142783}",frames/window,check_quality_intervals,,161.3681495447861,6392791814,6393791814,
anomaly_seed159346_matrix_03,159346,matrix,outside_run,False,frequency_decrease,frequency,6393791814,,0,1,1873,,0,"{""min"": 4.9997271966528, ""max"": 14.9991815899584}",frames/window,check_quality_intervals,,161.3681495447861,6392791814,6393791814,
anomaly_seed159346_matrix_03,159346,matrix,outside_run,False,missing_frame,timeout,6394915829,,0,1,10,,3092852,3000080.698324022,us,check_quality_intervals,6391822977,162.4921452752837,,,
anomaly_seed159346_matrix_03,159346,matrix,outside_run,False,missing_frame,timeout,6395115829,,0,1,1327,,3057763,3000006.0670391065,us,check_quality_intervals,6392058066,162.69214184659322,,,
anomaly_seed159346_matrix_03,159346,matrix,outside_run,False,missing_frame,timeout,6395115829,,0,1,1881,,3008370,3000004.5418994413,us,check_quality_intervals,6392107459,162.69214184659322,,,
anomaly_seed159346_matrix_03,159346,matrix,outside_run,False,missing_frame,timeout,6395415829,,0,1,1326,,3087767,2999980.1731843576,us,check_quality_intervals,6392328062,162.99213670355564,,,
anomaly_seed42_matrix_01,42,matrix,outside_run,False,missing_frame,timeout,15330972845,,0,1,13,,300015,299983.0957683745,us,check_quality_intervals,,-2.2986585960347528,,,
anomaly_seed42_matrix_01,42,matrix,outside_run,False,missing_frame,timeout,15330972845,,0,1,1028,,300015,299993.79621380876,us,check_quality_intervals,,-2.2986585960347528,,,
anomaly_seed42_matrix_01,42,matrix,outside_run,False,missing_frame,timeout,15330972845,,0,1,1280,,300015,299952.3992204901,us,check_quality_intervals,,-2.2986585960347528,,,
anomaly_seed42_matrix_01,42,matrix,outside_run,False,missing_frame,timeout,15330972845,,0,1,1553,,300015,299985.0534521154,us,check_quality_intervals,,-2.2986585960347528,,,
anomaly_seed42_matrix_01,42,matrix,outside_run,False,missing_frame,timeout,15330972845,,0,1,1760,,300015,299966.2316258352,us,check_quality_intervals,,-2.2986585960347528,,,
anomaly_seed42_matrix_01,42,matrix,outside_run,False,missing_frame,timeout,15331072845,,0,1,26,,400015,300027.4927616924,us,check_quality_intervals,,-2.198656568896523,,,
anomaly_seed42_matrix_01,42,matrix,outside_run,False,missing_frame,timeout,15331272845,,0,1,1036,,600015,599983.1183035711,us,check_quality_intervals,,-1.9986525146218819,,,
anomaly_seed42_matrix_01,42,matrix,outside_run,False,missing_frame,timeout,15331272845,,0,1,1317,,600015,599980.1450892863,us,check_quality_intervals,,-1.9986525146218819,,,
anomaly_seed42_matrix_01,42,matrix,outside_run,False,missing_frame,timeout,15331372845,,0,1,1038,,700015,600039.2845982139,us,check_quality_intervals,,-1.8986504874836518,,,
anomaly_seed42_matrix_01,42,matrix,outside_run,False,frequency_decrease,frequency,15331672830,,0,1,13,,0,"{""min"": 5.000281753069822, ""max"": 15.000845259209466}",frames/window,check_quality_intervals,,-1.5986594063744723,15330672830,15331672830,
anomaly_seed42_matrix_01,42,matrix,outside_run,False,frequency_decrease,frequency,15331672830,,0,1,26,,0,"{""min"": 4.9995418292930545, ""max"": 14.998625487879163}",frames/window,check_quality_intervals,,-1.5986594063744723,15330672830,15331672830,
anomaly_seed42_matrix_01,42,matrix,outside_run,False,frequency_decrease,frequency,15331672830,,0,1,1028,,0,"{""min"": 5.000103398574729, ""max"": 15.000310195724186}",frames/window,check_quality_intervals,,-1.5986594063744723,15330672830,15331672830,
anomaly_seed42_matrix_01,42,matrix,outside_run,False,frequency_decrease,frequency,15331672830,,0,1,1036,,0,"{""min"": 2.5000703423809516, ""max"": 7.500211027142855}",frames/window,check_quality_intervals,,-1.5986594063744723,15330672830,15331672830,
anomaly_seed42_matrix_01,42,matrix,outside_run,False,frequency_decrease,frequency,15331672830,,0,1,1038,,0,"{""min"": 2.499836324890627, ""max"": 7.4995089746718815}",frames/window,check_quality_intervals,,-1.5986594063744723,15330672830,15331672830,
anomaly_seed42_matrix_01,42,matrix,outside_run,False,frequency_decrease,frequency,15331672830,,0,1,1280,,0,"{""min"": 5.00079347222482, ""max"": 15.002380416674459}",frames/window,check_quality_intervals,,-1.5986594063744723,15330672830,15331672830,
anomaly_seed42_matrix_01,42,matrix,outside_run,False,frequency_decrease,frequency,15331672830,,0,1,1317,,0,"{""min"": 2.5000827315323524, ""max"": 7.500248194597058}",frames/window,check_quality_intervals,,-1.5986594063744723,15330672830,15331672830,
anomaly_seed42_matrix_01,42,matrix,outside_run,False,frequency_decrease,frequency,15331672830,,0,1,1326,,0,"{""min"": 5.1434463549826503e-05, ""max"": 2.0000514344635496}",frames/window,check_quality_intervals,,-1.5986594063744723,15330672830,15331672830,
anomaly_seed42_matrix_01,42,matrix,outside_run,False,frequency_decrease,frequency,15331672830,,0,1,1553,,0,"{""min"": 5.000249121543101, ""max"": 15.000747364629303}",frames/window,check_quality_intervals,,-1.5986594063744723,15330672830,15331672830,
anomaly_seed42_matrix_01,42,matrix,outside_run,False,frequency_decrease,frequency,15331672830,,0,1,1760,,0,"{""min"": 5.0005628695933835, ""max"": 15.00168860878015}",frames/window,check_quality_intervals,,-1.5986594063744723,15330672830,15331672830,
anomaly_seed42_matrix_01,42,matrix,outside_run,False,frequency_decrease,frequency,15331672830,,0,1,2026,,0,"{""min"": 3.7705967141032914e-05, ""max"": 2.000037705967141}",frames/window,check_quality_intervals,,-1.5986594063744723,15330672830,15331672830,
anomaly_seed42_matrix_01,42,matrix,boundary_guard,False,missing_frame,timeout,15333679607,,0,1,1326,,3006777,2999845.7045454546,us,check_quality_intervals,,0.40815827376249675,,,
anomaly_seed42_matrix_01,42,matrix,boundary_guard,False,missing_frame,timeout,15333679607,,0,1,1327,,3006777,3000158.3181818193,us,check_quality_intervals,,0.40815827376249675,,,
anomaly_seed42_matrix_01,42,matrix,boundary_guard,False,missing_frame,timeout,15333679607,,0,1,2026,,3006777,2999886.886363636,us,check_quality_intervals,,0.40815827376249675,,,
anomaly_seed42_matrix_01,42,matrix,boundary_guard,False,statistical_deviation,three_sigma,15334740416,,0,1,1326,19491,986380,"{""mean"": 999948.5681818182, ""std"": 3928.582001283134, ""sigma"": 3.0}",us,check_quality_intervals,,1.4689887778239419,,,
anomaly_seed42_matrix_01,42,matrix,background_candidate,False,statistical_deviation,three_sigma,15341837325,,0,1,2026,20273,1013001,"{""mean"": 999962.2954545453, ""std"": 3434.6972446937166, ""sigma"": 3.0}",us,check_quality_intervals,,8.566041641953483,,,
anomaly_seed42_matrix_01,42,matrix,background_candidate,False,statistical_deviation,three_sigma,15342753315,,0,1,1326,20374,1013017,"{""mean"": 999948.5681818182, ""std"": 3928.582001283134, ""sigma"": 3.0}",us,check_quality_intervals,,9.482050210333133,,,
anomaly_seed42_matrix_01,42,matrix,target_episode,False,period_violation,period,15348274196,,0,1,13,20987,972,"{""min"": 69996.0556792874, ""max"": 129992.6748329623}",us,check_quality_intervals,,15.003043126202806,,,
anomaly_seed42_matrix_01,42,matrix,target_episode,False,statistical_deviation,three_sigma,15348274196,,0,1,13,20987,972,"{""mean"": 99994.36525612485, ""std"": 5335.312179171525, ""sigma"": 3.0}",us,check_quality_intervals,,15.003043126202806,,,
anomaly_seed42_matrix_01,42,matrix,target_episode,False,statistical_deviation,three_sigma,15348514769,,0,1,13,21011,70576,"{""mean"": 99994.36525612485, ""std"": 5335.312179171525, ""sigma"": 3.0}",us,check_quality_intervals,,15.243621002948316,,,
anomaly_seed42_matrix_01,42,matrix,target_episode,False,statistical_deviation,three_sigma,15349158758,,0,1,13,21084,81559,"{""mean"": 99994.36525612485, ""std"": 5335.312179171525, ""sigma"": 3.0}",us,check_quality_intervals,,15.887623057493338,,,
anomaly_seed42_matrix_01,42,matrix,target_episode,False,period_violation,period,15349550749,,0,1,13,21129,69551,"{""min"": 69996.0556792874, ""max"": 129992.6748329623}",us,check_quality_intervals,,16.279622003691745,,,
anomaly_seed42_matrix_01,42,matrix,target_episode,False,statistical_deviation,three_sigma,15349550749,,0,1,13,21129,69551,"{""mean"": 99994.36525612485, ""std"": 5335.312179171525, ""sigma"": 3.0}",us,check_quality_intervals,,16.279622003691745,,,
anomaly_seed42_matrix_01,42,matrix,target_episode,False,period_violation,period,15349710748,,0,1,13,21148,65999,"{""min"": 69996.0556792874, ""max"": 129992.6748329623}",us,check_quality_intervals,,16.439624247091576,,,
anomaly_seed42_matrix_01,42,matrix,target_episode,False,statistical_deviation,three_sigma,15349710748,,0,1,13,21148,65999,"{""mean"": 99994.36525612485, ""std"": 5335.312179171525, ""sigma"": 3.0}",us,check_quality_intervals,,16.439624247091576,,,
anomaly_seed42_matrix_01,42,matrix,target_episode,False,statistical_deviation,three_sigma,15349875187,,0,1,13,21169,78001,"{""mean"": 99994.36525612485, ""std"": 5335.312179171525, ""sigma"": 3.0}",us,check_quality_intervals,,16.604066580496944,,,
anomaly_seed42_matrix_01,42,matrix,target_episode,False,statistical_deviation,three_sigma,15350040743,,0,1,13,21184,78406,"{""mean"": 99994.36525612485, ""std"": 5335.312179171525, ""sigma"": 3.0}",us,check_quality_intervals,,16.769625936545232,,,
anomaly_seed42_matrix_01,42,matrix,target_episode,False,statistical_deviation,three_sigma,15350597172,,0,1,13,21249,77999,"{""mean"": 99994.36525612485, ""std"": 5335.312179171525, ""sigma"": 3.0}",us,check_quality_intervals,,17.326066216128396,,,
anomaly_seed42_matrix_01,42,matrix,target_episode,False,statistical_deviation,three_sigma,15350920148,,0,1,13,21285,77419,"{""mean"": 99994.36525612485, ""std"": 5335.312179171525, ""sigma"": 3.0}",us,check_quality_intervals,,17.649048763296665,,,
anomaly_seed42_matrix_01,42,matrix,target_episode,False,statistical_deviation,three_sigma,15351317720,,0,1,13,21329,73000,"{""mean"": 99994.36525612485, ""std"": 5335.312179171525, ""sigma"": 3.0}",us,check_quality_intervals,,18.046628822629074,,,
anomaly_seed42_matrix_01,42,matrix,target_episode,False,statistical_deviation,three_sigma,15351639294,,0,1,13,21363,73578,"{""mean"": 99994.36525612485, ""std"": 5335.312179171525, ""sigma"": 3.0}",us,check_quality_intervals,,18.36820934137882,,,
anomaly_seed42_matrix_01,42,matrix,other_id_during_episode,False,statistical_deviation,three_sigma,15351741143,,0,1,1326,21378,987971,"{""mean"": 999948.5681818182, ""std"": 3928.582001283134, ""sigma"": 3.0}",us,check_quality_intervals,,18.470060405997227,,,
anomaly_seed42_matrix_01,42,matrix,target_episode,False,statistical_deviation,three_sigma,15351960303,,0,1,13,21402,76590,"{""mean"": 99994.36525612485, ""std"": 5335.312179171525, ""sigma"": 3.0}",us,check_quality_intervals,,18.68922484867313,,,
anomaly_seed42_matrix_01,42,matrix,target_episode,False,statistical_deviation,three_sigma,15352362298,,0,1,13,21446,78123,"{""mean"": 99994.36525612485, ""std"": 5335.312179171525, ""sigma"": 3.0}",us,check_quality_intervals,,19.091227997666167,,,
anomaly_seed42_matrix_01,42,matrix,target_episode,False,statistical_deviation,three_sigma,15352679696,,0,1,13,21484,76557,"{""mean"": 99994.36525612485, ""std"": 5335.312179171525, ""sigma"": 3.0}",us,check_quality_intervals,,19.40863243176044,,,
anomaly_seed42_matrix_01,42,matrix,target_episode,False,statistical_deviation,three_sigma,15352920693,,0,1,13,21510,77560,"{""mean"": 99994.36525612485, ""std"": 5335.312179171525, ""sigma"": 3.0}",us,check_quality_intervals,,19.649634317102674,,,
anomaly_seed42_matrix_01,42,matrix,target_episode,False,period_violation,period,15353071130,,0,1,13,21526,69991,"{""min"": 69996.0556792874, ""max"": 129992.6748329623}",us,check_quality_intervals,,19.800074366668305,,,
anomaly_seed42_matrix_01,42,matrix,target_episode,False,statistical_deviation,three_sigma,15353317686,,0,1,13,21554,79998,"{""mean"": 99994.36525612485, ""std"": 5335.312179171525, ""sigma"": 3.0}",us,check_quality_intervals,,20.046635364698396,,,
anomaly_seed42_matrix_01,42,matrix,target_episode,False,statistical_deviation,three_sigma,15353552680,,0,1,13,21580,70575,"{""mean"": 99994.36525612485, ""std"": 5335.312179171525, ""sigma"": 3.0}",us,check_quality_intervals,,20.281634128351126,,,
anomaly_seed42_matrix_01,42,matrix,target_episode,False,period_violation,period,15353711677,,0,1,13,21599,66419,"{""min"": 69996.0556792874, ""max"": 129992.6748329623}",us,check_quality_intervals,,20.440634351438153,,,
anomaly_seed42_matrix_01,42,matrix,target_episode,False,statistical_deviation,three_sigma,15353711677,,0,1,13,21599,66419,"{""mean"": 99994.36525612485, ""std"": 5335.312179171525, ""sigma"": 3.0}",us,check_quality_intervals,,20.440634351438153,,,
anomaly_seed42_matrix_01,42,matrix,target_episode,False,statistical_deviation,three_sigma,15353878097,,0,1,13,21620,78978,"{""mean"": 99994.36525612485, ""std"": 5335.312179171525, ""sigma"": 3.0}",us,check_quality_intervals,,20.60705772500237,,,
anomaly_seed42_matrix_01,42,matrix,target_episode,False,statistical_deviation,three_sigma,15354115672,,0,1,13,21644,73001,"{""mean"": 99994.36525612485, ""std"": 5335.312179171525, ""sigma"": 3.0}",us,check_quality_intervals,,20.844637540974354,,,
anomaly_seed42_matrix_01,42,matrix,target_recovery,False,period_violation,period,15354380261,,0,1,13,21675,179592,"{""min"": 69996.0556792874, ""max"": 129992.6748329623}",us,check_quality_intervals,,21.109231904558502,,,
anomaly_seed42_matrix_01,42,matrix,target_recovery,False,statistical_deviation,three_sigma,15354380261,,0,1,13,21675,179592,"{""mean"": 99994.36525612485, ""std"": 5335.312179171525, ""sigma"": 3.0}",us,check_quality_intervals,,21.109231904558502,,,
anomaly_seed42_matrix_01,42,matrix,other_id_during_episode,False,statistical_deviation,three_sigma,15354827238,,0,1,2026,21724,989562,"{""mean"": 999962.2954545453, ""std"": 3434.6972446937166, ""sigma"": 3.0}",us,check_quality_intervals,,21.55621796539813,,,
anomaly_seed42_matrix_01,42,matrix,target_episode,False,period_violation,period,15358285041,,0,1,13,22106,1441,"{""min"": 69996.0556792874, ""max"": 129992.6748329623}",us,check_quality_intervals,,25.01409105983141,,,
anomaly_seed42_matrix_01,42,matrix,target_episode,False,statistical_deviation,three_sigma,15358285041,,0,1,13,22106,1441,"{""mean"": 99994.36525612485, ""std"": 5335.312179171525, ""sigma"": 3.0}",us,check_quality_intervals,,25.01409105983141,,,
anomaly_seed42_matrix_01,42,matrix,target_episode,False,frequency_increase,frequency,15359672830,,0,1,13,,20,"{""min"": 5.000281753069822, ""max"": 15.000845259209466}",frames/window,check_quality_intervals,,26.401908192228074,15358672830,15359672830,
anomaly_seed42_matrix_01,42,matrix,target_episode,False,period_violation,period,15368274865,,0,1,13,23252,969,"{""min"": 69996.0556792874, ""max"": 129992.6748329623}",us,check_quality_intervals,,35.00411756733671,,,
anomaly_seed42_matrix_01,42,matrix,target_episode,False,statistical_deviation,three_sigma,15368274865,,0,1,13,23252,969,"{""mean"": 99994.36525612485, ""std"": 5335.312179171525, ""sigma"": 3.0}",us,check_quality_intervals,,35.00411756733671,,,
anomaly_seed42_matrix_01,42,matrix,target_episode,False,frequency_increase,frequency,15368672830,,0,1,13,,23,"{""min"": 5.000281753069822, ""max"": 15.000845259209466}",frames/window,check_quality_intervals,,35.40209063463604,15367672830,15368672830,
anomaly_seed42_matrix_01,42,matrix,other_id_during_episode,False,statistical_deviation,three_sigma,15368740846,,0,1,1326,23319,987976,"{""mean"": 999948.5681818182, ""std"": 3928.582001283134, ""sigma"": 3.0}",us,check_quality_intervals,,35.47010801341521,,,
anomaly_seed42_matrix_01,42,matrix,target_episode,False,burst,burst,15369949398,,0,1,13,23489,4,"{""min_frames"": 4, ""max_interval_us"": 24998.59131403121}",frames,check_quality_intervals,,36.678684512430486,,,
anomaly_seed42_matrix_01,42,matrix,target_episode,False,burst,burst,15372949937,,0,1,13,23910,4,"{""min_frames"": 4, ""max_interval_us"": 24998.59131403121}",frames,check_quality_intervals,,39.6792843374915,,,
anomaly_seed42_matrix_01,42,matrix,target_episode,False,burst,burst,15373949327,,0,1,13,24050,4,"{""min_frames"": 4, ""max_interval_us"": 24998.59131403121}",frames,check_quality_intervals,,40.67869459650548,,,
anomaly_seed42_matrix_01,42,matrix,background_candidate,False,statistical_deviation,three_sigma,15375752730,,0,1,1326,24258,1013011,"{""mean"": 999948.5681818182, ""std"": 3928.582001283134, ""sigma"": 3.0}",us,check_quality_intervals,,42.48213415397046,,,
anomaly_seed42_matrix_01,42,matrix,target_episode,False,period_violation,period,15378270249,,0,1,13,24536,998,"{""min"": 69996.0556792874, ""max"": 129992.6748329623}",us,check_quality_intervals,,44.999704187550485,,,
anomaly_seed42_matrix_01,42,matrix,target_episode,False,statistical_deviation,three_sigma,15378270249,,0,1,13,24536,998,"{""mean"": 99994.36525612485, ""std"": 5335.312179171525, ""sigma"": 3.0}",us,check_quality_intervals,,44.999704187550485,,,
anomaly_seed42_matrix_01,42,matrix,target_episode,False,period_violation,period,15378529248,,0,1,13,24562,131000,"{""min"": 69996.0556792874, ""max"": 129992.6748329623}",us,check_quality_intervals,,45.25870843781878,,,
anomaly_seed42_matrix_01,42,matrix,target_episode,False,period_violation,period,15378774242,,0,1,13,24592,129999,"{""min"": 69996.0556792874, ""max"": 129992.6748329623}",us,check_quality_intervals,,45.50370740418369,,,
anomaly_seed42_matrix_01,42,matrix,target_episode,False,statistical_deviation,three_sigma,15378774242,,0,1,13,24592,129999,"{""mean"": 99994.36525612485, ""std"": 5335.312179171525, ""sigma"": 3.0}",us,check_quality_intervals,,45.50370740418369,,,
anomaly_seed42_matrix_01,42,matrix,target_episode,False,statistical_deviation,three_sigma,15379773221,,0,1,13,24701,128996,"{""mean"": 99994.36525612485, ""std"": 5335.312179171525, ""sigma"": 3.0}",us,check_quality_intervals,,46.50270665486524,,,
anomaly_seed42_matrix_01,42,matrix,target_episode,False,period_violation,period,15380027641,,0,1,13,24727,129998,"{""min"": 69996.0556792874, ""max"": 129992.6748329623}",us,check_quality_intervals,,46.75713181231052,,,
anomaly_seed42_matrix_01,42,matrix,target_episode,False,period_violation,period,15380408657,,0,1,13,24770,130002,"{""min"": 69996.0556792874, ""max"": 129992.6748329623}",us,check_quality_intervals,,47.138155536029494,,,
anomaly_seed42_matrix_01,42,matrix,target_episode,False,period_violation,period,15381659616,,0,1,13,24901,130002,"{""min"": 69996.0556792874, ""max"": 129992.6748329623}",us,check_quality_intervals,,48.389139894693955,,,
anomaly_seed42_matrix_01,42,matrix,target_episode,False,statistical_deviation,three_sigma,15382774171,,0,1,13,25026,128998,"{""mean"": 99994.36525612485, ""std"": 5335.312179171525, ""sigma"": 3.0}",us,check_quality_intervals,,49.50371748825869,,,
anomaly_seed42_matrix_01,42,matrix,target_episode,False,period_violation,period,15383031762,,0,1,13,25052,133593,"{""min"": 69996.0556792874, ""max"": 129992.6748329623}",us,check_quality_intervals,,49.7613137099848,,,
anomaly_seed42_matrix_01,42,matrix,target_episode,False,period_violation,period,15383779154,,0,1,13,25134,131998,"{""min"": 69996.0556792874, ""max"": 129992.6748329623}",us,check_quality_intervals,,50.50872086065035,,,
anomaly_seed42_matrix_01,42,matrix,target_episode,False,statistical_deviation,three_sigma,15383779154,,0,1,13,25134,131998,"{""mean"": 99994.36525612485, ""std"": 5335.312179171525, ""sigma"": 3.0}",us,check_quality_intervals,,50.50872086065035,,,
anomaly_seed42_matrix_01,42,matrix,target_recovery,False,period_violation,period,15384380145,,0,1,13,25197,229998,"{""min"": 69996.0556792874, ""max"": 129992.6748329623}",us,check_quality_intervals,,51.109724043565826,,,
anomaly_seed42_matrix_01,42,matrix,target_episode,False,period_violation,period,15388270077,,0,1,13,25628,1002,"{""min"": 69996.0556792874, ""max"": 129992.6748329623}",us,check_quality_intervals,,54.99973489785041,,,
anomaly_seed42_matrix_01,42,matrix,target_episode,False,statistical_deviation,three_sigma,15388270077,,0,1,13,25628,1002,"{""mean"": 99994.36525612485, ""std"": 5335.312179171525, ""sigma"": 3.0}",us,check_quality_intervals,,54.99973489785041,,,
anomaly_seed42_matrix_01,42,matrix,other_id_during_episode,False,statistical_deviation,three_sigma,15388753476,,0,1,1326,25679,1012961,"{""mean"": 999948.5681818182, ""std"": 3928.582001283134, ""sigma"": 3.0}",us,check_quality_intervals,,55.48314369701523,,,
anomaly_seed42_matrix_01,42,matrix,target_episode,False,frequency_decrease,frequency,15389672830,,0,1,13,,5,"{""min"": 5.000281753069822, ""max"": 15.000845259209466}",frames/window,check_quality_intervals,,56.40251633358795,15388672830,15389672830,
anomaly_seed42_matrix_01,42,matrix,other_id_during_episode,False,statistical_deviation,three_sigma,15390739444,,0,1,1326,25891,987983,"{""mean"": 999948.5681818182, ""std"": 3928.582001283134, ""sigma"": 3.0}",us,check_quality_intervals,,57.46915195532544,,,
anomaly_seed42_matrix_01,42,matrix,other_id_during_episode,False,statistical_deviation,three_sigma,15391826015,,0,1,2026,26004,988982,"{""mean"": 999962.2954545453, ""std"": 3434.6972446937166, ""sigma"": 3.0}",us,check_quality_intervals,,58.555744981617444,,,
anomaly_seed42_matrix_01,42,matrix,target_episode,True,period_violation,period,15393276429,,0,1,13,26155,199014,"{""min"": 69996.0556792874, ""max"": 129992.6748329623}",us,check_quality_intervals,,60.006188383507855,,,
anomaly_seed42_matrix_01,42,matrix,target_episode,True,statistical_deviation,three_sigma,15393276429,,0,1,13,26155,199014,"{""mean"": 99994.36525612485, ""std"": 5335.312179171525, ""sigma"": 3.0}",us,check_quality_intervals,,60.006188383507855,,,
anomaly_seed42_matrix_01,42,matrix,target_episode,True,frequency_decrease,frequency,15394005132,,0,1,13,,5,"{""min"": 5.000281753069822, ""max"": 15.000845259209466}",frames/window,check_quality_intervals,,60.734906155322975,15393005132,15394005132,
anomaly_seed42_matrix_01,42,matrix,target_recovery,True,missing_frame,timeout,15394373390,,0,1,13,,301995,299983.0957683745,us,check_quality_intervals,15394071395,61.10317162042077,,,
anomaly_seed42_matrix_01,42,matrix,background_candidate,False,statistical_deviation,three_sigma,15396753920,,0,1,1326,26534,1014563,"{""mean"": 999948.5681818182, ""std"": 3928.582001283134, ""sigma"": 3.0}",us,check_quality_intervals,,63.48374987704435,,,
anomaly_seed42_matrix_01,42,matrix,target_episode,False,period_violation,period,15398284903,,0,1,13,26702,562,"{""min"": 69996.0556792874, ""max"": 129992.6748329623}",us,check_quality_intervals,,65.01476391218104,,,
anomaly_seed42_matrix_01,42,matrix,target_episode,False,statistical_deviation,three_sigma,15398284903,,0,1,13,26702,562,"{""mean"": 99994.36525612485, ""std"": 5335.312179171525, ""sigma"": 3.0}",us,check_quality_intervals,,65.01476391218104,,,
anomaly_seed42_matrix_01,42,matrix,target_episode,False,missing_frame,timeout,15398604845,,0,1,13,,319942,299983.0957683745,us,check_quality_intervals,15398284903,65.33471239784654,,,
anomaly_seed42_matrix_01,42,matrix,target_episode,False,missing_frame,timeout,15398980323,,0,1,13,,301989,299983.0957683745,us,check_quality_intervals,15398678334,65.7101980093032,,,
anomaly_seed42_matrix_01,42,matrix,target_episode,False,frequency_decrease,frequency,15399005132,,0,1,13,,5,"{""min"": 5.000281753069822, ""max"": 15.000845259209466}",frames/window,check_quality_intervals,,65.73500751221628,15398005132,15399005132,
anomaly_seed42_matrix_01,42,matrix,target_episode,False,missing_frame,timeout,15399394884,,0,1,13,,317576,299983.0957683745,us,check_quality_intervals,15399077308,66.1247674130258,,,
anomaly_seed42_matrix_01,42,matrix,target_episode,False,missing_frame,timeout,15399786459,,0,1,13,,307578,299983.0957683745,us,check_quality_intervals,15399478881,66.51635035079237,,,
anomaly_seed42_matrix_01,42,matrix,target_episode,False,missing_frame,timeout,15400186870,,0,1,13,,306551,299983.0957683745,us,check_quality_intervals,15399880319,66.91676946767409,,,
anomaly_seed42_matrix_01,42,matrix,target_episode,False,missing_frame,timeout,15400583274,,0,1,13,,305987,299983.0957683745,us,check_quality_intervals,15400277287,67.31318150333065,,,
anomaly_seed42_matrix_01,42,matrix,other_id_during_episode,False,statistical_deviation,three_sigma,15400837281,,0,1,2026,26967,1011983,"{""mean"": 999962.2954545453, ""std"": 3434.6972446937166, ""sigma"": 3.0}",us,check_quality_intervals,,67.56719365240228,,,
anomaly_seed42_matrix_01,42,matrix,target_episode,False,missing_frame,timeout,15400988857,,0,1,13,,308995,299983.0957683745,us,check_quality_intervals,15400679862,67.71877272505698,,,
anomaly_seed42_matrix_01,42,matrix,target_episode,False,missing_frame,timeout,15401380843,,0,1,13,,303570,299983.0957683745,us,check_quality_intervals,15401077273,68.11076667115415,,,
anomaly_seed42_matrix_01,42,matrix,target_episode,False,missing_frame,timeout,15401773834,,0,1,13,,301985,299983.0957683745,us,check_quality_intervals,15401471849,68.50376563762232,,,
anomaly_seed42_matrix_01,42,matrix,target_episode,False,missing_frame,timeout,15402195428,,0,1,13,,313584,299983.0957683745,us,check_quality_intervals,15401881844,68.92536818391523,,,
anomaly_seed42_matrix_01,42,matrix,target_episode,False,missing_frame,timeout,15402576822,,0,1,13,,306989,299983.0957683745,us,check_quality_intervals,15402269833,69.30676991529742,,,
anomaly_seed42_matrix_01,42,matrix,other_id_during_episode,False,statistical_deviation,three_sigma,15402838262,,0,1,2026,27172,1010828,"{""mean"": 999962.2954545453, ""std"": 3434.6972446937166, ""sigma"": 3.0}",us,check_quality_intervals,,69.56821521504506,,,
anomaly_seed42_matrix_01,42,matrix,target_episode,False,missing_frame,timeout,15402991822,,0,1,13,,310576,299983.0957683745,us,check_quality_intervals,15402681246,69.72177832791861,,,
anomaly_seed42_matrix_01,42,matrix,target_episode,False,missing_frame,timeout,15403378386,,0,1,13,,302565,299983.0957683745,us,check_quality_intervals,15403075821,70.1083501641042,,,
anomaly_seed42_matrix_01,42,matrix,target_episode,False,missing_frame,timeout,15403788389,,0,1,13,,305156,299983.0957683745,us,check_quality_intervals,15403483233,70.51836147542932,,,
anomaly_seed42_matrix_01,42,matrix,target_episode,False,missing_frame,timeout,15404196240,,0,1,13,,315014,299983.0957683745,us,check_quality_intervals,15403881226,70.92622074313131,,,
anomaly_seed42_matrix_01,42,matrix,target_episode,False,missing_frame,timeout,15408582715,,0,1,13,,309516,299983.0957683745,us,check_quality_intervals,15408273199,75.31278466302818,,,
anomaly_seed42_matrix_01,42,matrix,target_episode,False,frequency_decrease,frequency,15409005132,,0,1,13,,3,"{""min"": 5.000281753069822, ""max"": 15.000845259209466}",frames/window,check_quality_intervals,,75.73521022600292,15408005132,15409005132,
anomaly_seed42_matrix_01,42,matrix,target_recovery,False,period_violation,period,15409383129,,0,1,13,27873,1109930,"{""min"": 69996.0556792874, ""max"": 129992.6748329623}",us,check_quality_intervals,,76.11321488852283,,,
anomaly_seed42_matrix_01,42,matrix,target_recovery,False,statistical_deviation,three_sigma,15409383129,,0,1,13,27873,1109930,"{""mean"": 99994.36525612485, ""std"": 5335.312179171525, ""sigma"": 3.0}",us,check_quality_intervals,,76.11321488852283,,,
anomaly_seed42_matrix_01,42,matrix,background_candidate,False,statistical_deviation,three_sigma,15412753642,,0,1,1326,28245,1013545,"{""mean"": 999948.5681818182, ""std"": 3928.582001283134, ""sigma"": 3.0}",us,check_quality_intervals,,79.48379621346798,,,
anomaly_seed42_matrix_01,42,matrix,target_episode,False,missing_frame,timeout,15413588636,,0,1,13,,314993,299983.0957683745,us,check_quality_intervals,15413273643,80.31880713994828,,,
anomaly_seed42_matrix_01,42,matrix,target_episode,False,frequency_decrease,frequency,15414005132,,0,1,13,,3,"{""min"": 5.000281753069822, ""max"": 15.000845259209466}",frames/window,check_quality_intervals,,80.73531158289623,15413005132,15414005132,
anomaly_seed42_matrix_01,42,matrix,target_recovery,False,period_violation,period,15418382552,,0,1,13,28816,5108909,"{""min"": 69996.0556792874, ""max"": 129992.6748329623}",us,check_quality_intervals,,85.1128203192335,,,
anomaly_seed42_matrix_01,42,matrix,target_recovery,False,statistical_deviation,three_sigma,15418382552,,0,1,13,28816,5108909,"{""mean"": 99994.36525612485, ""std"": 5335.312179171525, ""sigma"": 3.0}",us,check_quality_intervals,,85.1128203192335,,,
anomaly_seed42_matrix_01,42,matrix,background_candidate,False,statistical_deviation,three_sigma,15422739905,,0,1,1326,29287,987977,"{""mean"": 999948.5681818182, ""std"": 3928.582001283134, ""sigma"": 3.0}",us,check_quality_intervals,,89.47026164878737,,,
anomaly_seed42_matrix_01,42,matrix,background_candidate,False,statistical_deviation,three_sigma,15422823068,,0,1,2026,29296,989575,"{""mean"": 999962.2954545453, ""std"": 3434.6972446937166, ""sigma"": 3.0}",us,check_quality_intervals,,89.55342633461537,,,
anomaly_seed42_matrix_01,42,matrix,target_episode,False,period_violation,period,15423273900,,0,1,26,29345,17020,"{""min"": 70006.41497772821, ""max"": 130011.9135300667}",us,check_quality_intervals,,90.004267473602,,,
anomaly_seed42_matrix_01,42,matrix,target_episode,False,statistical_deviation,three_sigma,15423273900,,0,1,26,29345,17020,"{""mean"": 100009.16425389746, ""std"": 6859.905965583714, ""sigma"": 3.0}",us,check_quality_intervals,,90.004267473602,,,
anomaly_seed42_matrix_01,42,matrix,other_id_during_episode,False,statistical_deviation,three_sigma,15424753428,,0,1,1326,29512,1014560,"{""mean"": 999948.5681818182, ""std"": 3928.582001283134, ""sigma"": 3.0}",us,check_quality_intervals,,91.48382546567417,,,
anomaly_seed42_matrix_01,42,matrix,background_candidate,False,statistical_deviation,three_sigma,15427752800,,0,1,1326,29843,1012964,"{""mean"": 999948.5681818182, ""std"": 3928.582001283134, ""sigma"": 3.0}",us,check_quality_intervals,,94.48325826707996,,,
anomaly_seed42_matrix_01,42,matrix,background_candidate,False,statistical_deviation,three_sigma,15427826391,,0,1,2026,29852,988984,"{""mean"": 999962.2954545453, ""std"": 3434.6972446937166, ""sigma"": 3.0}",us,check_quality_intervals,,94.55685075887129,,,
anomaly_seed42_matrix_01,42,matrix,target_episode,False,period_violation,period,15428273813,,0,1,26,29901,17440,"{""min"": 70006.41497772821, ""max"": 130011.9135300667}",us,check_quality_intervals,,95.00428182873135,,,
anomaly_seed42_matrix_01,42,matrix,target_episode,False,statistical_deviation,three_sigma,15428273813,,0,1,26,29901,17440,"{""mean"": 100009.16425389746, ""std"": 6859.905965583714, ""sigma"": 3.0}",us,check_quality_intervals,,95.00428182873135,,,
anomaly_seed42_matrix_01,42,matrix,target_episode,False,burst,burst,15428290966,,0,1,26,29907,4,"{""min_frames"": 4, ""max_interval_us"": 25002.291063474364}",frames,check_quality_intervals,,95.021435176447,,,
anomaly_seed42_matrix_01,42,matrix,target_episode,False,frequency_increase,frequency,15429005132,,0,1,26,,29,"{""min"": 4.9995418292930545, ""max"": 14.998625487879163}",frames/window,check_quality_intervals,,95.73561565357616,15428005132,15429005132,
anomaly_seed42_matrix_01,42,matrix,other_id_during_episode,False,statistical_deviation,three_sigma,15429739784,,0,1,1326,30083,986421,"{""mean"": 999948.5681818182, ""std"": 3928.582001283134, ""sigma"": 3.0}",us,check_quality_intervals,,96.47028254598422,,,
anomaly_seed42_matrix_01,42,matrix,background_candidate,False,statistical_deviation,three_sigma,15432740714,,0,1,1326,30414,987404,"{""mean"": 999948.5681818182, ""std"": 3928.582001283134, ""sigma"": 3.0}",us,check_quality_intervals,,99.47127337897275,,,
anomaly_seed42_matrix_01,42,matrix,target_episode,False,unknown_id,dbc,15436285167,,0,1,2045,30801,2045,ID in DBC or baseline,,check_quality_intervals,,103.0157982299221,,,
anomaly_seed42_matrix_01,42,matrix,other_id_during_episode,False,statistical_deviation,three_sigma,15436655675,,0,1,1324,30842,986903,"{""mean"": 1000028.863636364, ""std"": 4358.929653027374, ""sigma"": 3.0}",us,check_quality_intervals,,103.38631374063003,,,
anomaly_seed42_matrix_01,42,matrix,other_id_during_episode,False,statistical_deviation,three_sigma,15436753662,,0,1,1326,30854,1013000,"{""mean"": 999948.5681818182, ""std"": 3928.582001283134, ""sigma"": 3.0}",us,check_quality_intervals,,103.4843027269608,,,
anomaly_seed42_matrix_01,42,matrix,target_episode,False,unknown_id,dbc,15441273525,,0,1,2045,31354,2045,ID in DBC or baseline,,check_quality_intervals,,108.00425735081653,,,
anomaly_seed42_matrix_01,42,matrix,background_candidate,False,statistical_deviation,three_sigma,15444752502,,0,1,1326,31745,1012962,"{""mean"": 999948.5681818182, ""std"": 3928.582001283134, ""sigma"": 3.0}",us,check_quality_intervals,,111.48330487447551,,,
anomaly_seed42_matrix_01,42,matrix,background_candidate,True,statistical_deviation,three_sigma,15446753486,,0,1,1326,31966,1013980,"{""mean"": 999948.5681818182, ""std"": 3928.582001283134, ""sigma"": 3.0}",us,check_quality_intervals,,113.48432943718011,,,
anomaly_seed42_matrix_01,42,matrix,target_episode,False,dlc_mismatch,dbc,15449281577,,0,1,13,32245,7,8,bytes,check_quality_intervals,,116.0124716850702,,,
anomaly_seed42_matrix_01,42,matrix,target_episode,False,period_violation,period,15449281577,,0,1,13,32245,562,"{""min"": 69996.0556792874, ""max"": 129992.6748329623}",us,check_quality_intervals,,116.0124716850702,,,
anomaly_seed42_matrix_01,42,matrix,target_episode,False,statistical_deviation,three_sigma,15449281577,,0,1,13,32245,562,"{""mean"": 99994.36525612485, ""std"": 5335.312179171525, ""sigma"": 3.0}",us,check_quality_intervals,,116.0124716850702,,,
anomaly_seed42_matrix_01,42,matrix,target_episode,False,dlc_mismatch,dbc,15449381995,,0,1,13,32259,7,8,bytes,check_quality_intervals,,116.11289172068149,,,
anomaly_seed42_matrix_01,42,matrix,target_episode,False,dlc_mismatch,dbc,15449480992,,0,1,13,32270,7,8,bytes,check_quality_intervals,,116.21189072748813,,,
anomaly_seed42_matrix_01,42,matrix,target_episode,False,dlc_mismatch,dbc,15457275773,,0,1,1034,33133,2,1,bytes,check_quality_intervals,,124.00682973844405,,,
anomaly_seed42_matrix_01,42,matrix,other_id_during_episode,False,statistical_deviation,three_sigma,15457740279,,0,1,1326,33190,987984,"{""mean"": 999948.5681818182, ""std"": 3928.582001283134, ""sigma"": 3.0}",us,check_quality_intervals,,124.47134515462133,,,
anomaly_seed42_matrix_01,42,matrix,target_episode,False,signal_out_of_range,dbc,15465275211,,0,1,6,34022,101.0,"{""min"": -100, ""max"": 100}",%,check_quality_intervals,,132.0064298980816,,,AccuFunSpeedIncrease
anomaly_seed42_matrix_01,42,matrix,other_id_during_episode,False,statistical_deviation,three_sigma,15465753157,,0,1,1326,34077,1013985,"{""mean"": 999948.5681818182, ""std"": 3928.582001283134, ""sigma"": 3.0}",us,check_quality_intervals,,132.484385586705,,,
anomaly_seed42_matrix_01,42,matrix,background_candidate,False,statistical_deviation,three_sigma,15471753053,,0,1,1326,34741,1012999,"{""mean"": 999948.5681818182, ""std"": 3928.582001283134, ""sigma"": 3.0}",us,check_quality_intervals,,138.48440321286992,,,
anomaly_seed42_matrix_01,42,matrix,background_candidate,False,statistical_deviation,three_sigma,15478753068,,0,1,1326,35518,1014120,"{""mean"": 999948.5681818182, ""std"": 3928.582001283134, ""sigma"": 3.0}",us,check_quality_intervals,,145.48456011282425,,,
anomaly_seed42_matrix_01,42,matrix,target_episode,False,signal_out_of_range,dbc,15481274947,,0,1,6,35786,110.0,"{""min"": -100, ""max"": 100}",%,check_quality_intervals,,148.0064902347883,,,AccuFunSpeedIncrease
anomaly_seed42_matrix_01,42,matrix,outside_run,False,missing_frame,timeout,15488495845,,0,1,13,,311508,299983.0957683745,us,check_quality_intervals,15488184337,155.22753461234552,,,
anomaly_seed42_matrix_01,42,matrix,outside_run,False,missing_frame,timeout,15488495845,,0,1,26,,331515,300027.4927616924,us,check_quality_intervals,15488164330,155.22753461234552,,,
anomaly_seed42_matrix_01,42,matrix,outside_run,False,missing_frame,timeout,15488495845,,0,1,1553,,303070,299985.0534521154,us,check_quality_intervals,15488192775,155.22753461234552,,,
anomaly_seed42_matrix_01,42,matrix,outside_run,False,missing_frame,timeout,15488595845,,0,1,1028,,346517,299993.79621380876,us,check_quality_intervals,15488249328,155.32753663948375,,,
anomaly_seed42_matrix_01,42,matrix,outside_run,False,missing_frame,timeout,15488595845,,0,1,1280,,356935,299952.3992204901,us,check_quality_intervals,15488238910,155.32753663948375,,,
anomaly_seed42_matrix_01,42,matrix,outside_run,False,missing_frame,timeout,15488595845,,0,1,1760,,355506,299966.2316258352,us,check_quality_intervals,15488240339,155.32753663948375,,,
anomaly_seed42_matrix_01,42,matrix,outside_run,False,missing_frame,timeout,15488795845,,0,1,1036,,622095,599983.1183035711,us,check_quality_intervals,15488173750,155.52754069376022,,,
anomaly_seed42_matrix_01,42,matrix,outside_run,False,missing_frame,timeout,15488795845,,0,1,1038,,679975,600039.2845982139,us,check_quality_intervals,15488115870,155.52754069376022,,,
anomaly_seed42_matrix_01,42,matrix,outside_run,False,missing_frame,timeout,15488795845,,0,1,1317,,672153,599980.1450892863,us,check_quality_intervals,15488123692,155.52754069376022,,,
anomaly_seed42_matrix_01,42,matrix,outside_run,False,frequency_decrease,frequency,15489610132,,0,1,13,,0,"{""min"": 5.000281753069822, ""max"": 15.000845259209466}",frames/window,check_quality_intervals,,156.34184420047956,15488610132,15489610132,
anomaly_seed42_matrix_01,42,matrix,outside_run,False,frequency_decrease,frequency,15489610132,,0,1,26,,0,"{""min"": 4.9995418292930545, ""max"": 14.998625487879163}",frames/window,check_quality_intervals,,156.34184420047956,15488610132,15489610132,
anomaly_seed42_matrix_01,42,matrix,outside_run,False,frequency_decrease,frequency,15489610132,,0,1,1028,,0,"{""min"": 5.000103398574729, ""max"": 15.000310195724186}",frames/window,check_quality_intervals,,156.34184420047956,15488610132,15489610132,
anomaly_seed42_matrix_01,42,matrix,outside_run,False,frequency_decrease,frequency,15489610132,,0,1,1036,,0,"{""min"": 2.5000703423809516, ""max"": 7.500211027142855}",frames/window,check_quality_intervals,,156.34184420047956,15488610132,15489610132,
anomaly_seed42_matrix_01,42,matrix,outside_run,False,frequency_decrease,frequency,15489610132,,0,1,1038,,0,"{""min"": 2.499836324890627, ""max"": 7.4995089746718815}",frames/window,check_quality_intervals,,156.34184420047956,15488610132,15489610132,
anomaly_seed42_matrix_01,42,matrix,outside_run,False,frequency_decrease,frequency,15489610132,,0,1,1280,,0,"{""min"": 5.00079347222482, ""max"": 15.002380416674459}",frames/window,check_quality_intervals,,156.34184420047956,15488610132,15489610132,
anomaly_seed42_matrix_01,42,matrix,outside_run,False,frequency_decrease,frequency,15489610132,,0,1,1317,,0,"{""min"": 2.5000827315323524, ""max"": 7.500248194597058}",frames/window,check_quality_intervals,,156.34184420047956,15488610132,15489610132,
anomaly_seed42_matrix_01,42,matrix,outside_run,False,frequency_decrease,frequency,15489610132,,0,1,1326,,0,"{""min"": 5.1434463549826503e-05, ""max"": 2.0000514344635496}",frames/window,check_quality_intervals,,156.34184420047956,15488610132,15489610132,
anomaly_seed42_matrix_01,42,matrix,outside_run,False,frequency_decrease,frequency,15489610132,,0,1,1553,,0,"{""min"": 5.000249121543101, ""max"": 15.000747364629303}",frames/window,check_quality_intervals,,156.34184420047956,15488610132,15489610132,
anomaly_seed42_matrix_01,42,matrix,outside_run,False,frequency_decrease,frequency,15489610132,,0,1,1760,,0,"{""min"": 5.0005628695933835, ""max"": 15.00168860878015}",frames/window,check_quality_intervals,,156.34184420047956,15488610132,15489610132,
anomaly_seed42_matrix_01,42,matrix,outside_run,False,frequency_decrease,frequency,15489610132,,0,1,2026,,0,"{""min"": 3.7705967141032914e-05, ""max"": 2.000037705967141}",frames/window,check_quality_intervals,,156.34184420047956,15488610132,15489610132,
anomaly_seed42_matrix_01,42,matrix,outside_run,False,missing_frame,timeout,15490695830,,0,1,1324,,3039961,3000086.5909090918,us,check_quality_intervals,15487655869,157.4275642090756,,,
anomaly_seed42_matrix_01,42,matrix,outside_run,False,missing_frame,timeout,15490795845,,0,1,1326,,3043071,2999845.7045454546,us,check_quality_intervals,15487752774,157.52758123651753,,,
anomaly_seed42_matrix_01,42,matrix,outside_run,False,missing_frame,timeout,15490896556,,0,1,2026,,3069772,2999886.886363636,us,check_quality_intervals,15487826784,157.62829427806747,,,
anomaly_seed42_matrix_01,42,matrix,outside_run,False,missing_frame,timeout,15491295845,,0,1,1327,,3080514,3000158.3181818193,us,check_quality_intervals,15488215331,158.02759137220687,,,
anomaly_seed42_matrix_02,42,matrix,outside_run,False,missing_frame,timeout,15651198845,,0,1,13,,300000,299983.0957683745,us,check_quality_intervals,,-2.609011227561517,,,
anomaly_seed42_matrix_02,42,matrix,outside_run,False,missing_frame,timeout,15651198845,,0,1,1028,,300000,299993.79621380876,us,check_quality_intervals,,-2.609011227561517,,,
anomaly_seed42_matrix_02,42,matrix,outside_run,False,missing_frame,timeout,15651198845,,0,1,1280,,300000,299952.3992204901,us,check_quality_intervals,,-2.609011227561517,,,
anomaly_seed42_matrix_02,42,matrix,outside_run,False,missing_frame,timeout,15651198845,,0,1,1553,,300000,299985.0534521154,us,check_quality_intervals,,-2.609011227561517,,,
anomaly_seed42_matrix_02,42,matrix,outside_run,False,missing_frame,timeout,15651198845,,0,1,1760,,300000,299966.2316258352,us,check_quality_intervals,,-2.609011227561517,,,
anomaly_seed42_matrix_02,42,matrix,outside_run,False,missing_frame,timeout,15651298845,,0,1,26,,400000,300027.4927616924,us,check_quality_intervals,,-2.5090114488124824,,,
anomaly_seed42_matrix_02,42,matrix,outside_run,False,missing_frame,timeout,15651498845,,0,1,1036,,600000,599983.1183035711,us,check_quality_intervals,,-2.3090118913107758,,,
anomaly_seed42_matrix_02,42,matrix,outside_run,False,missing_frame,timeout,15651498845,,0,1,1317,,600000,599980.1450892863,us,check_quality_intervals,,-2.3090118913107758,,,
anomaly_seed42_matrix_02,42,matrix,outside_run,False,missing_frame,timeout,15651598848,,0,1,1038,,700003,600039.2845982139,us,check_quality_intervals,,-2.2090091125673634,,,
anomaly_seed42_matrix_02,42,matrix,outside_run,False,frequency_decrease,frequency,15651898845,,0,1,13,,0,"{""min"": 5.000281753069822, ""max"": 15.000845259209466}",frames/window,check_quality_intervals,,-1.9090127763091815,15650898845,15651898845,
anomaly_seed42_matrix_02,42,matrix,outside_run,False,frequency_decrease,frequency,15651898845,,0,1,26,,0,"{""min"": 4.9995418292930545, ""max"": 14.998625487879163}",frames/window,check_quality_intervals,,-1.9090127763091815,15650898845,15651898845,
anomaly_seed42_matrix_02,42,matrix,outside_run,False,frequency_decrease,frequency,15651898845,,0,1,1028,,0,"{""min"": 5.000103398574729, ""max"": 15.000310195724186}",frames/window,check_quality_intervals,,-1.9090127763091815,15650898845,15651898845,
anomaly_seed42_matrix_02,42,matrix,outside_run,False,frequency_decrease,frequency,15651898845,,0,1,1036,,0,"{""min"": 2.5000703423809516, ""max"": 7.500211027142855}",frames/window,check_quality_intervals,,-1.9090127763091815,15650898845,15651898845,
anomaly_seed42_matrix_02,42,matrix,outside_run,False,frequency_decrease,frequency,15651898845,,0,1,1038,,0,"{""min"": 2.499836324890627, ""max"": 7.4995089746718815}",frames/window,check_quality_intervals,,-1.9090127763091815,15650898845,15651898845,
anomaly_seed42_matrix_02,42,matrix,outside_run,False,frequency_decrease,frequency,15651898845,,0,1,1280,,0,"{""min"": 5.00079347222482, ""max"": 15.002380416674459}",frames/window,check_quality_intervals,,-1.9090127763091815,15650898845,15651898845,
anomaly_seed42_matrix_02,42,matrix,outside_run,False,frequency_decrease,frequency,15651898845,,0,1,1317,,0,"{""min"": 2.5000827315323524, ""max"": 7.500248194597058}",frames/window,check_quality_intervals,,-1.9090127763091815,15650898845,15651898845,
anomaly_seed42_matrix_02,42,matrix,outside_run,False,frequency_decrease,frequency,15651898845,,0,1,1326,,0,"{""min"": 5.1434463549826503e-05, ""max"": 2.0000514344635496}",frames/window,check_quality_intervals,,-1.9090127763091815,15650898845,15651898845,
anomaly_seed42_matrix_02,42,matrix,outside_run,False,frequency_decrease,frequency,15651898845,,0,1,1553,,0,"{""min"": 5.000249121543101, ""max"": 15.000747364629303}",frames/window,check_quality_intervals,,-1.9090127763091815,15650898845,15651898845,
anomaly_seed42_matrix_02,42,matrix,outside_run,False,frequency_decrease,frequency,15651898845,,0,1,1760,,0,"{""min"": 5.0005628695933835, ""max"": 15.00168860878015}",frames/window,check_quality_intervals,,-1.9090127763091815,15650898845,15651898845,
anomaly_seed42_matrix_02,42,matrix,outside_run,False,frequency_decrease,frequency,15651898845,,0,1,2026,,0,"{""min"": 3.7705967141032914e-05, ""max"": 2.000037705967141}",frames/window,check_quality_intervals,,-1.9090127763091815,15650898845,15651898845,
anomaly_seed42_matrix_02,42,matrix,boundary_guard,False,missing_frame,timeout,15653912432,,0,1,1324,,3013587,3000086.5909090918,us,check_quality_intervals,,0.10456976863889912,,,
anomaly_seed42_matrix_02,42,matrix,boundary_guard,False,missing_frame,timeout,15653912432,,0,1,1326,,3013587,2999845.7045454546,us,check_quality_intervals,,0.10456976863889912,,,
anomaly_seed42_matrix_02,42,matrix,boundary_guard,False,missing_frame,timeout,15653912432,,0,1,1327,,3013587,3000158.3181818193,us,check_quality_intervals,,0.10456976863889912,,,
anomaly_seed42_matrix_02,42,matrix,boundary_guard,False,missing_frame,timeout,15653912432,,0,1,2026,,3013587,2999886.886363636,us,check_quality_intervals,,0.10456976863889912,,,
anomaly_seed42_matrix_02,42,matrix,background_candidate,False,statistical_deviation,three_sigma,15666283213,,0,1,1326,43032,1014983,"{""mean"": 999948.5681818182, ""std"": 3928.582001283134, ""sigma"": 3.0}",us,check_quality_intervals,,12.475323398347939,,,
anomaly_seed42_matrix_02,42,matrix,target_episode,False,period_violation,period,15668808599,,0,1,13,43311,1421,"{""min"": 69996.0556792874, ""max"": 129992.6748329623}",us,check_quality_intervals,,15.00070381094312,,,
anomaly_seed42_matrix_02,42,matrix,target_episode,False,statistical_deviation,three_sigma,15668808599,,0,1,13,43311,1421,"{""mean"": 99994.36525612485, ""std"": 5335.312179171525, ""sigma"": 3.0}",us,check_quality_intervals,,15.00070381094312,,,
anomaly_seed42_matrix_02,42,matrix,target_episode,False,period_violation,period,15669043175,,0,1,13,43338,69559,"{""min"": 69996.0556792874, ""max"": 129992.6748329623}",us,check_quality_intervals,,15.235279291945611,,,
anomaly_seed42_matrix_02,42,matrix,target_episode,False,statistical_deviation,three_sigma,15669043175,,0,1,13,43338,69559,"{""mean"": 99994.36525612485, ""std"": 5335.312179171525, ""sigma"": 3.0}",us,check_quality_intervals,,15.235279291945611,,,
anomaly_seed42_matrix_02,42,matrix,target_episode,False,statistical_deviation,three_sigma,15669530586,,0,1,13,43392,77998,"{""mean"": 99994.36525612485, ""std"": 5335.312179171525, ""sigma"": 3.0}",us,check_quality_intervals,,15.722689213551226,,,
anomaly_seed42_matrix_02,42,matrix,target_episode,False,period_violation,period,15670000753,,0,1,13,43446,68001,"{""min"": 69996.0556792874, ""max"": 129992.6748329623}",us,check_quality_intervals,,16.19285517330853,,,
anomaly_seed42_matrix_02,42,matrix,target_episode,False,statistical_deviation,three_sigma,15670000753,,0,1,13,43446,68001,"{""mean"": 99994.36525612485, ""std"": 5335.312179171525, ""sigma"": 3.0}",us,check_quality_intervals,,16.19285517330853,,,
anomaly_seed42_matrix_02,42,matrix,target_episode,False,statistical_deviation,three_sigma,15670163600,,0,1,13,43464,78003,"{""mean"": 99994.36525612485, ""std"": 5335.312179171525, ""sigma"": 3.0}",us,check_quality_intervals,,16.355701813009944,,,
anomaly_seed42_matrix_02,42,matrix,target_episode,False,statistical_deviation,three_sigma,15670406570,,0,1,13,43492,73999,"{""mean"": 99994.36525612485, ""std"": 5335.312179171525, ""sigma"": 3.0}",us,check_quality_intervals,,16.598671275439337,,,
anomaly_seed42_matrix_02,42,matrix,target_episode,False,statistical_deviation,three_sigma,15670570569,,0,1,13,43510,77418,"{""mean"": 99994.36525612485, ""std"": 5335.312179171525, ""sigma"": 3.0}",us,check_quality_intervals,,16.762669912592685,,,
anomaly_seed42_matrix_02,42,matrix,target_episode,False,statistical_deviation,three_sigma,15670888563,,0,1,13,43548,78420,"{""mean"": 99994.36525612485, ""std"": 5335.312179171525, ""sigma"": 3.0}",us,check_quality_intervals,,17.080663209033425,,,
anomaly_seed42_matrix_02,42,matrix,target_episode,False,statistical_deviation,three_sigma,15671210556,,0,1,13,43582,81419,"{""mean"": 99994.36525612485, ""std"": 5335.312179171525, ""sigma"": 3.0}",us,check_quality_intervals,,17.402655496625055,,,
anomaly_seed42_matrix_02,42,matrix,target_episode,False,statistical_deviation,three_sigma,15671534134,,0,1,13,43622,79582,"{""mean"": 99994.36525612485, ""std"": 5335.312179171525, ""sigma"": 3.0}",us,check_quality_intervals,,17.726232780709857,,,
anomaly_seed42_matrix_02,42,matrix,target_episode,False,statistical_deviation,three_sigma,15671927562,,0,1,13,43664,73016,"{""mean"": 99994.36525612485, ""std"": 5335.312179171525, ""sigma"": 3.0}",us,check_quality_intervals,,18.119659910253553,,,
anomaly_seed42_matrix_02,42,matrix,target_episode,False,period_violation,period,15672239559,,0,1,13,43700,64438,"{""min"": 69996.0556792874, ""max"": 129992.6748329623}",us,check_quality_intervals,,18.4316562199606,,,
anomaly_seed42_matrix_02,42,matrix,target_episode,False,statistical_deviation,three_sigma,15672239559,,0,1,13,43700,64438,"{""mean"": 99994.36525612485, ""std"": 5335.312179171525, ""sigma"": 3.0}",us,check_quality_intervals,,18.4316562199606,,,
anomaly_seed42_matrix_02,42,matrix,target_episode,False,statistical_deviation,three_sigma,15672401119,,0,1,13,43718,77001,"{""mean"": 99994.36525612485, ""std"": 5335.312179171525, ""sigma"": 3.0}",us,check_quality_intervals,,18.593215862510355,,,
anomaly_seed42_matrix_02,42,matrix,target_episode,False,statistical_deviation,three_sigma,15672572533,,0,1,13,43736,83415,"{""mean"": 99994.36525612485, ""std"": 5335.312179171525, ""sigma"": 3.0}",us,check_quality_intervals,,18.764629483258087,,,
anomaly_seed42_matrix_02,42,matrix,target_episode,False,period_violation,period,15673041546,,0,1,13,43790,68437,"{""min"": 69996.0556792874, ""max"": 129992.6748329623}",us,check_quality_intervals,,19.233641445569024,,,
anomaly_seed42_matrix_02,42,matrix,target_episode,False,statistical_deviation,three_sigma,15673041546,,0,1,13,43790,68437,"{""mean"": 99994.36525612485, ""std"": 5335.312179171525, ""sigma"": 3.0}",us,check_quality_intervals,,19.233641445569024,,,
anomaly_seed42_matrix_02,42,matrix,target_episode,False,statistical_deviation,three_sigma,15673209542,,0,1,13,43807,81859,"{""mean"": 99994.36525612485, ""std"": 5335.312179171525, ""sigma"": 3.0}",us,check_quality_intervals,,19.401637073878828,,,
anomaly_seed42_matrix_02,42,matrix,target_episode,False,statistical_deviation,three_sigma,15673450518,,0,1,13,43836,77421,"{""mean"": 99994.36525612485, ""std"": 5335.312179171525, ""sigma"": 3.0}",us,check_quality_intervals,,19.642612540719742,,,
anomaly_seed42_matrix_02,42,matrix,target_episode,False,statistical_deviation,three_sigma,15673928091,,0,1,13,43889,74000,"{""mean"": 99994.36525612485, ""std"": 5335.312179171525, ""sigma"": 3.0}",us,check_quality_intervals,,20.12018448409194,,,
anomaly_seed42_matrix_02,42,matrix,target_episode,False,period_violation,period,15674240504,,0,1,13,43925,65422,"{""min"": 69996.0556792874, ""max"": 129992.6748329623}",us,check_quality_intervals,,20.43259679287936,,,
anomaly_seed42_matrix_02,42,matrix,target_episode,False,statistical_deviation,three_sigma,15674240504,,0,1,13,43925,65422,"{""mean"": 99994.36525612485, ""std"": 5335.312179171525, ""sigma"": 3.0}",us,check_quality_intervals,,20.43259679287936,,,
anomaly_seed42_matrix_02,42,matrix,target_episode,False,statistical_deviation,three_sigma,15674401522,,0,1,13,43943,77018,"{""mean"": 99994.36525612485, ""std"": 5335.312179171525, ""sigma"": 3.0}",us,check_quality_intervals,,20.593614436628517,,,
anomaly_seed42_matrix_02,42,matrix,target_episode,False,statistical_deviation,three_sigma,15674645517,,0,1,13,43970,73019,"{""mean"": 99994.36525612485, ""std"": 5335.312179171525, ""sigma"": 3.0}",us,check_quality_intervals,,20.837608896791497,,,
anomaly_seed42_matrix_02,42,matrix,target_recovery,False,period_violation,period,15674908074,,0,1,13,43999,179999,"{""min"": 69996.0556792874, ""max"": 129992.6748329623}",us,check_quality_intervals,,21.100165315885434,,,
anomaly_seed42_matrix_02,42,matrix,target_episode,False,period_violation,period,15678807584,,0,1,13,44430,580,"{""min"": 69996.0556792874, ""max"": 129992.6748329623}",us,check_quality_intervals,,24.99966668823793,,,
anomaly_seed42_matrix_02,42,matrix,target_episode,False,statistical_deviation,three_sigma,15678807584,,0,1,13,44430,580,"{""mean"": 99994.36525612485, ""std"": 5335.312179171525, ""sigma"": 3.0}",us,check_quality_intervals,,24.99966668823793,,,
anomaly_seed42_matrix_02,42,matrix,target_episode,False,frequency_increase,frequency,15679898845,,0,1,13,,20,"{""min"": 5.000281753069822, ""max"": 15.000845259209466}",frames/window,check_quality_intervals,,26.090925273827885,15678898845,15679898845,
anomaly_seed42_matrix_02,42,matrix,background_candidate,False,statistical_deviation,three_sigma,15686268864,,0,1,1326,45315,987392,"{""mean"": 999948.5681818182, ""std"": 3928.582001283134, ""sigma"": 3.0}",us,check_quality_intervals,,32.46093018019199,,,
anomaly_seed42_matrix_02,42,matrix,target_episode,False,period_violation,period,15688807269,,0,1,13,45594,845,"{""min"": 69996.0556792874, ""max"": 129992.6748329623}",us,check_quality_intervals,,34.9993295639845,,,
anomaly_seed42_matrix_02,42,matrix,target_episode,False,statistical_deviation,three_sigma,15688807269,,0,1,13,45594,845,"{""mean"": 99994.36525612485, ""std"": 5335.312179171525, ""sigma"": 3.0}",us,check_quality_intervals,,34.9993295639845,,,
anomaly_seed42_matrix_02,42,matrix,target_episode,False,frequency_increase,frequency,15689898845,,0,1,13,,40,"{""min"": 5.000281753069822, ""max"": 15.000845259209466}",frames/window,check_quality_intervals,,36.09090314887684,15688898845,15689898845,
anomaly_seed42_matrix_02,42,matrix,target_episode,False,burst,burst,15690600796,,0,1,13,45846,4,"{""min_frames"": 4, ""max_interval_us"": 24998.59131403121}",frames,check_quality_intervals,,36.79285259581461,,,
anomaly_seed42_matrix_02,42,matrix,target_episode,False,burst,burst,15693477749,,0,1,13,46251,4,"{""min_frames"": 4, ""max_interval_us"": 24998.59131403121}",frames,check_quality_intervals,,39.669799230569225,,,
anomaly_seed42_matrix_02,42,matrix,target_episode,False,burst,burst,15694475732,,0,1,13,46391,4,"{""min_frames"": 4, ""max_interval_us"": 24998.59131403121}",frames,check_quality_intervals,,40.66778002253783,,,
anomaly_seed42_matrix_02,42,matrix,other_id_during_episode,False,statistical_deviation,three_sigma,15695268703,,0,1,1326,46488,984560,"{""mean"": 999948.5681818182, ""std"": 3928.582001283134, ""sigma"": 3.0}",us,check_quality_intervals,,41.46074926809232,,,
anomaly_seed42_matrix_02,42,matrix,background_candidate,False,statistical_deviation,three_sigma,15698282653,,0,1,1326,46819,1013985,"{""mean"": 999948.5681818182, ""std"": 3928.582001283134, ""sigma"": 3.0}",us,check_quality_intervals,,44.47469259974318,,,
anomaly_seed42_matrix_02,42,matrix,target_episode,False,period_violation,period,15698810655,,0,1,13,46878,998,"{""min"": 69996.0556792874, ""max"": 129992.6748329623}",us,check_quality_intervals,,45.00269343154044,,,
anomaly_seed42_matrix_02,42,matrix,target_episode,False,statistical_deviation,three_sigma,15698810655,,0,1,13,46878,998,"{""mean"": 99994.36525612485, ""std"": 5335.312179171525, ""sigma"": 3.0}",us,check_quality_intervals,,45.00269343154044,,,
anomaly_seed42_matrix_02,42,matrix,target_episode,False,statistical_deviation,three_sigma,15699176069,,0,1,13,46917,124969,"{""mean"": 99994.36525612485, ""std"": 5335.312179171525, ""sigma"": 3.0}",us,check_quality_intervals,,45.36810662306363,,,
anomaly_seed42_matrix_02,42,matrix,target_episode,False,period_violation,period,15699437645,,0,1,13,46947,136421,"{""min"": 69996.0556792874, ""max"": 129992.6748329623}",us,check_quality_intervals,,45.629682044328796,,,
anomaly_seed42_matrix_02,42,matrix,target_episode,False,statistical_deviation,three_sigma,15699677078,,0,1,13,46972,125997,"{""mean"": 99994.36525612485, ""std"": 5335.312179171525, ""sigma"": 3.0}",us,check_quality_intervals,,45.8691145145851,,,
anomaly_seed42_matrix_02,42,matrix,target_episode,False,period_violation,period,15699813076,,0,1,13,46987,135998,"{""min"": 69996.0556792874, ""max"": 129992.6748329623}",us,check_quality_intervals,,46.00511221368994,,,
anomaly_seed42_matrix_02,42,matrix,target_episode,False,statistical_deviation,three_sigma,15700175209,,0,1,13,47026,124130,"{""mean"": 99994.36525612485, ""std"": 5335.312179171525, ""sigma"": 3.0}",us,check_quality_intervals,,46.36724441247299,,,
anomaly_seed42_matrix_02,42,matrix,target_episode,False,period_violation,period,15700437205,,0,1,13,47056,135999,"{""min"": 69996.0556792874, ""max"": 129992.6748329623}",us,check_quality_intervals,,46.62923983280739,,,
anomaly_seed42_matrix_02,42,matrix,target_episode,False,statistical_deviation,three_sigma,15700676619,,0,1,13,47082,126994,"{""mean"": 99994.36525612485, ""std"": 5335.312179171525, ""sigma"": 3.0}",us,check_quality_intervals,,46.86865330310476,,,
anomaly_seed42_matrix_02,42,matrix,target_episode,False,period_violation,period,15700813058,,0,1,13,47096,136439,"{""min"": 69996.0556792874, ""max"": 129992.6748329623}",us,check_quality_intervals,,47.005092001234026,,,
anomaly_seed42_matrix_02,42,matrix,target_episode,False,statistical_deviation,three_sigma,15701176613,,0,1,13,47135,125547,"{""mean"": 99994.36525612485, ""std"": 5335.312179171525, ""sigma"": 3.0}",us,check_quality_intervals,,47.36864619687027,,,
anomaly_seed42_matrix_02,42,matrix,target_episode,False,period_violation,period,15701436610,,0,1,13,47165,136579,"{""min"": 69996.0556792874, ""max"": 129992.6748329623}",us,check_quality_intervals,,47.628642621629204,,,
anomaly_seed42_matrix_02,42,matrix,target_episode,False,period_violation,period,15701813041,,0,1,13,47204,137017,"{""min"": 69996.0556792874, ""max"": 129992.6748329623}",us,check_quality_intervals,,48.00507278877623,,,
anomaly_seed42_matrix_02,42,matrix,target_episode,False,statistical_deviation,three_sigma,15701813041,,0,1,13,47204,137017,"{""mean"": 99994.36525612485, ""std"": 5335.312179171525, ""sigma"": 3.0}",us,check_quality_intervals,,48.00507278877623,,,
anomaly_seed42_matrix_02,42,matrix,target_episode,False,statistical_deviation,three_sigma,15702175175,,0,1,13,47243,123159,"{""mean"": 99994.36525612485, ""std"": 5335.312179171525, ""sigma"": 3.0}",us,check_quality_intervals,,48.367205987557405,,,
anomaly_seed42_matrix_02,42,matrix,target_episode,False,period_violation,period,15702313592,,0,1,13,47259,138417,"{""min"": 69996.0556792874, ""max"": 129992.6748329623}",us,check_quality_intervals,,48.50562268131059,,,
anomaly_seed42_matrix_02,42,matrix,target_episode,False,period_violation,period,15702813025,,0,1,13,47312,135999,"{""min"": 69996.0556792874, ""max"": 129992.6748329623}",us,check_quality_intervals,,49.00505457631657,,,
anomaly_seed42_matrix_02,42,matrix,target_episode,False,statistical_deviation,three_sigma,15702813025,,0,1,13,47312,135999,"{""mean"": 99994.36525612485, ""std"": 5335.312179171525, ""sigma"": 3.0}",us,check_quality_intervals,,49.00505457631657,,,
anomaly_seed42_matrix_02,42,matrix,target_episode,False,period_violation,period,15703183575,,0,1,13,47351,132995,"{""min"": 69996.0556792874, ""max"": 129992.6748329623}",us,check_quality_intervals,,49.375603756476146,,,
anomaly_seed42_matrix_02,42,matrix,target_episode,False,statistical_deviation,three_sigma,15703183575,,0,1,13,47351,132995,"{""mean"": 99994.36525612485, ""std"": 5335.312179171525, ""sigma"": 3.0}",us,check_quality_intervals,,49.375603756476146,,,
anomaly_seed42_matrix_02,42,matrix,other_id_during_episode,False,statistical_deviation,three_sigma,15703367013,,0,1,2026,47372,1013001,"{""mean"": 999962.2954545453, ""std"": 3434.6972446937166, ""sigma"": 3.0}",us,check_quality_intervals,,49.55904135062049,,,
anomaly_seed42_matrix_02,42,matrix,target_episode,False,period_violation,period,15703687568,,0,1,13,47406,138557,"{""min"": 69996.0556792874, ""max"": 129992.6748329623}",us,check_quality_intervals,,49.87959564139437,,,
anomaly_seed42_matrix_02,42,matrix,target_episode,False,statistical_deviation,three_sigma,15703687568,,0,1,13,47406,138557,"{""mean"": 99994.36525612485, ""std"": 5335.312179171525, ""sigma"": 3.0}",us,check_quality_intervals,,49.87959564139437,,,
anomaly_seed42_matrix_02,42,matrix,target_episode,False,period_violation,period,15704182560,,0,1,13,47459,132576,"{""min"": 69996.0556792874, ""max"": 129992.6748329623}",us,check_quality_intervals,,50.3745865462269,,,
anomaly_seed42_matrix_02,42,matrix,target_episode,False,statistical_deviation,three_sigma,15704182560,,0,1,13,47459,132576,"{""mean"": 99994.36525612485, ""std"": 5335.312179171525, ""sigma"": 3.0}",us,check_quality_intervals,,50.3745865462269,,,
anomaly_seed42_matrix_02,42,matrix,target_episode,False,period_violation,period,15704685974,,0,1,13,47514,137419,"{""min"": 69996.0556792874, ""max"": 129992.6748329623}",us,check_quality_intervals,,50.87799943242659,,,
anomaly_seed42_matrix_02,42,matrix,target_episode,False,statistical_deviation,three_sigma,15704685974,,0,1,13,47514,137419,"{""mean"": 99994.36525612485, ""std"": 5335.312179171525, ""sigma"": 3.0}",us,check_quality_intervals,,50.87799943242659,,,
anomaly_seed42_matrix_02,42,matrix,other_id_during_episode,False,statistical_deviation,three_sigma,15705281553,,0,1,1326,47580,1012006,"{""mean"": 999948.5681818182, ""std"": 3928.582001283134, ""sigma"": 3.0}",us,check_quality_intervals,,51.473577114711695,,,
anomaly_seed42_matrix_02,42,matrix,target_episode,False,period_violation,period,15708811058,,0,1,13,47970,579,"{""min"": 69996.0556792874, ""max"": 129992.6748329623}",us,check_quality_intervals,,55.003074305697766,,,
anomaly_seed42_matrix_02,42,matrix,target_episode,False,statistical_deviation,three_sigma,15708811058,,0,1,13,47970,579,"{""mean"": 99994.36525612485, ""std"": 5335.312179171525, ""sigma"": 3.0}",us,check_quality_intervals,,55.003074305697766,,,
anomaly_seed42_matrix_02,42,matrix,target_episode,False,frequency_decrease,frequency,15709898845,,0,1,13,,5,"{""min"": 5.000281753069822, ""max"": 15.000845259209466}",frames/window,check_quality_intervals,,56.090858898974744,15708898845,15709898845,
anomaly_seed42_matrix_02,42,matrix,target_episode,True,period_violation,period,15711005442,,0,1,13,48202,205998,"{""min"": 69996.0556792874, ""max"": 129992.6748329623}",us,check_quality_intervals,,57.197453450634264,,,
anomaly_seed42_matrix_02,42,matrix,target_episode,True,statistical_deviation,three_sigma,15711005442,,0,1,13,48202,205998,"{""mean"": 99994.36525612485, ""std"": 5335.312179171525, ""sigma"": 3.0}",us,check_quality_intervals,,57.197453450634264,,,
anomaly_seed42_matrix_02,42,matrix,target_episode,True,frequency_decrease,frequency,15711748436,,0,1,13,,5,"{""min"": 5.000281753069822, ""max"": 15.000845259209466}",frames/window,check_quality_intervals,,57.940445806763854,15710748436,15711748436,
anomaly_seed42_matrix_02,42,matrix,other_id_during_episode,True,frequency_increase,frequency,15711748436,,0,1,1327,,2,"{""min"": 0, ""max"": 1.9999472300575407}",frames/window,check_quality_intervals,,57.940445806763854,15710748436,15711748436,
anomaly_seed42_matrix_02,42,matrix,target_recovery,False,missing_frame,timeout,15714900808,,0,1,13,,301991,299983.0957683745,us,check_quality_intervals,15714598817,61.09281083215671,,,
anomaly_seed42_matrix_02,42,matrix,target_episode,False,period_violation,period,15718808304,,0,1,13,49044,998,"{""min"": 69996.0556792874, ""max"": 129992.6748329623}",us,check_quality_intervals,,65.00029818684075,,,
anomaly_seed42_matrix_02,42,matrix,target_episode,False,statistical_deviation,three_sigma,15718808304,,0,1,13,49044,998,"{""mean"": 99994.36525612485, ""std"": 5335.312179171525, ""sigma"": 3.0}",us,check_quality_intervals,,65.00029818684075,,,
anomaly_seed42_matrix_02,42,matrix,target_episode,False,missing_frame,timeout,15719122299,,0,1,13,,313995,299983.0957683745,us,check_quality_intervals,15718808304,65.31429249212877,,,
anomaly_seed42_matrix_02,42,matrix,target_episode,False,missing_frame,timeout,15719508286,,0,1,13,,303551,299983.0957683745,us,check_quality_intervals,15719204735,65.7002786381341,,,
anomaly_seed42_matrix_02,42,matrix,target_episode,False,frequency_decrease,frequency,15719748436,,0,1,13,,4,"{""min"": 5.000281753069822, ""max"": 15.000845259209466}",frames/window,check_quality_intervals,,65.94042810680303,15718748436,15719748436,
anomaly_seed42_matrix_02,42,matrix,target_episode,False,missing_frame,timeout,15719922729,,0,1,13,,314001,299983.0957683745,us,check_quality_intervals,15719608728,66.11472072118065,,,
anomaly_seed42_matrix_02,42,matrix,target_episode,False,missing_frame,timeout,15720309273,,0,1,13,,300549,299983.0957683745,us,check_quality_intervals,15720008724,66.5012638659548,,,
anomaly_seed42_matrix_02,42,matrix,target_episode,False,missing_frame,timeout,15720713752,,0,1,13,,312056,299983.0957683745,us,check_quality_intervals,15720401696,66.9057419710459,,,
anomaly_seed42_matrix_02,42,matrix,target_episode,False,missing_frame,timeout,15721106701,,0,1,13,,305853,299983.0957683745,us,check_quality_intervals,15720800848,67.29869010164911,,,
anomaly_seed42_matrix_02,42,matrix,other_id_during_episode,False,statistical_deviation,three_sigma,15721280252,,0,1,1326,49288,1011987,"{""mean"": 999948.5681818182, ""std"": 3928.582001283134, ""sigma"": 3.0}",us,check_quality_intervals,,67.47224071766823,,,
anomaly_seed42_matrix_02,42,matrix,target_episode,False,missing_frame,timeout,15721512686,,0,1,13,,305985,299983.0957683745,us,check_quality_intervals,15721206701,67.7046742034087,,,
anomaly_seed42_matrix_02,42,matrix,target_episode,False,missing_frame,timeout,15721920845,,0,1,13,,313170,299983.0957683745,us,check_quality_intervals,15721607675,68.11283230035944,,,
anomaly_seed42_matrix_02,42,matrix,target_episode,False,missing_frame,timeout,15722313664,,0,1,13,,308414,299983.0957683745,us,check_quality_intervals,15722005250,68.5056504312481,,,
anomaly_seed42_matrix_02,42,matrix,target_episode,False,missing_frame,timeout,15722712668,,0,1,13,,306423,299983.0957683745,us,check_quality_intervals,15722406245,68.90465354845449,,,
anomaly_seed42_matrix_02,42,matrix,other_id_during_episode,False,frequency_increase,frequency,15722748436,,0,1,1327,,2,"{""min"": 0, ""max"": 1.9999472300575407}",frames/window,check_quality_intervals,,68.9404214693177,15721748436,15722748436,
anomaly_seed42_matrix_02,42,matrix,target_episode,False,missing_frame,timeout,15723120845,,0,1,13,,311610,299983.0957683745,us,check_quality_intervals,15722809235,69.31282964536422,,,
anomaly_seed42_matrix_02,42,matrix,target_episode,False,missing_frame,timeout,15723509632,,0,1,13,,302966,299983.0957683745,us,check_quality_intervals,15723206666,69.70161578517475,,,
anomaly_seed42_matrix_02,42,matrix,target_episode,False,missing_frame,timeout,15723920845,,0,1,13,,313031,299983.0957683745,us,check_quality_intervals,15723607814,70.11282787536923,,,
anomaly_seed42_matrix_02,42,matrix,target_episode,False,missing_frame,timeout,15724309792,,0,1,13,,303138,299983.0957683745,us,check_quality_intervals,15724006654,70.50177401482536,,,
anomaly_seed42_matrix_02,42,matrix,target_episode,False,missing_frame,timeout,15724720830,,0,1,13,,319201,299983.0957683745,us,check_quality_intervals,15724401629,70.91281110540598,,,
anomaly_seed42_matrix_02,42,matrix,other_id_during_episode,False,frequency_increase,frequency,15724748436,,0,1,1327,,2,"{""min"": 0, ""max"": 1.9999472300575407}",frames/window,check_quality_intervals,,70.94041704432749,15723748436,15724748436,
anomaly_seed42_matrix_02,42,matrix,other_id_during_episode,False,statistical_deviation,three_sigma,15725282178,,0,1,1326,49701,1013401,"{""mean"": 999948.5681818182, ""std"": 3928.582001283134, ""sigma"": 3.0}",us,check_quality_intervals,,71.47415786342555,,,
anomaly_seed42_matrix_02,42,matrix,background_candidate,False,frequency_increase,frequency,15726748436,,0,1,1327,,2,"{""min"": 0, ""max"": 1.9999472300575407}",frames/window,check_quality_intervals,,72.94041261933728,15725748436,15726748436,
anomaly_seed42_matrix_02,42,matrix,background_candidate,False,frequency_increase,frequency,15728748436,,0,1,1327,,2,"{""min"": 0, ""max"": 1.9999472300575407}",frames/window,check_quality_intervals,,74.94040819434707,15727748436,15728748436,
anomaly_seed42_matrix_02,42,matrix,target_episode,False,missing_frame,timeout,15729121124,,0,1,13,,310993,299983.0957683745,us,check_quality_intervals,15728810131,75.31309536977618,,,
anomaly_seed42_matrix_02,42,matrix,target_episode,False,frequency_decrease,frequency,15729748436,,0,1,13,,1,"{""min"": 5.000281753069822, ""max"": 15.000845259209466}",frames/window,check_quality_intervals,,75.94040598185197,15728748436,15729748436,
anomaly_seed42_matrix_02,42,matrix,target_recovery,False,period_violation,period,15729907703,,0,1,13,50200,1097572,"{""min"": 69996.0556792874, ""max"": 129992.6748329623}",us,check_quality_intervals,,76.09967262947542,,,
anomaly_seed42_matrix_02,42,matrix,target_recovery,False,statistical_deviation,three_sigma,15729907703,,0,1,13,50200,1097572,"{""mean"": 99994.36525612485, ""std"": 5335.312179171525, ""sigma"": 3.0}",us,check_quality_intervals,,76.09967262947542,,,
anomaly_seed42_matrix_02,42,matrix,target_episode,False,missing_frame,timeout,15734108028,,0,1,13,,304984,299983.0957683745,us,check_quality_intervals,15733803044,80.29998833627671,,,
anomaly_seed42_matrix_02,42,matrix,target_episode,False,frequency_decrease,frequency,15734748436,,0,1,13,,1,"{""min"": 5.000281753069822, ""max"": 15.000845259209466}",frames/window,check_quality_intervals,,80.94039491937644,15733748436,15734748436,
anomaly_seed42_matrix_02,42,matrix,other_id_during_episode,False,statistical_deviation,three_sigma,15735367015,,0,1,2026,50787,1013981,"{""mean"": 999962.2954545453, ""std"": 3434.6972446937166, ""sigma"": 3.0}",us,check_quality_intervals,,81.55897255077339,,,
anomaly_seed42_matrix_02,42,matrix,other_id_during_episode,False,frequency_increase,frequency,15737748436,,0,1,1327,,2,"{""min"": 0, ""max"": 1.9999472300575407}",frames/window,check_quality_intervals,,83.94038828189113,15736748436,15737748436,
anomaly_seed42_matrix_02,42,matrix,target_recovery,False,period_violation,period,15738913951,,0,1,13,51143,5110907,"{""min"": 69996.0556792874, ""max"": 129992.6748329623}",us,check_quality_intervals,,85.1059007031955,,,
anomaly_seed42_matrix_02,42,matrix,target_recovery,False,statistical_deviation,three_sigma,15738913951,,0,1,13,51143,5110907,"{""mean"": 99994.36525612485, ""std"": 5335.312179171525, ""sigma"": 3.0}",us,check_quality_intervals,,85.1059007031955,,,
anomaly_seed42_matrix_02,42,matrix,other_id_during_episode,False,frequency_increase,frequency,15739748436,,0,1,1327,,2,"{""min"": 0, ""max"": 1.9999472300575407}",frames/window,check_quality_intervals,,85.94038385690092,15738748436,15739748436,
anomaly_seed42_matrix_02,42,matrix,background_candidate,False,frequency_increase,frequency,15742748436,,0,1,1327,,2,"{""min"": 0, ""max"": 1.9999472300575407}",frames/window,check_quality_intervals,,88.94037721941561,15741748436,15742748436,
anomaly_seed42_matrix_02,42,matrix,target_episode,False,period_violation,period,15743809859,,0,1,26,51684,17542,"{""min"": 70006.41497772821, ""max"": 130011.9135300667}",us,check_quality_intervals,,90.00179787102343,,,
anomaly_seed42_matrix_02,42,matrix,target_episode,False,statistical_deviation,three_sigma,15743809859,,0,1,26,51684,17542,"{""mean"": 100009.16425389746, ""std"": 6859.905965583714, ""sigma"": 3.0}",us,check_quality_intervals,,90.00179787102343,,,
anomaly_seed42_matrix_02,42,matrix,target_episode,False,burst,burst,15743843277,,0,1,26,51691,4,"{""min_frames"": 4, ""max_interval_us"": 25002.291063474364}",frames,check_quality_intervals,,90.03521579708534,,,
anomaly_seed42_matrix_02,42,matrix,background_candidate,False,frequency_increase,frequency,15747748436,,0,1,1327,,2,"{""min"": 0, ""max"": 1.9999472300575407}",frames/window,check_quality_intervals,,93.94036615694009,15746748436,15747748436,
anomaly_seed42_matrix_02,42,matrix,target_episode,False,period_violation,period,15748808772,,0,1,26,52240,16970,"{""min"": 70006.41497772821, ""max"": 130011.9135300667}",us,check_quality_intervals,,95.00069981095234,,,
anomaly_seed42_matrix_02,42,matrix,target_episode,False,statistical_deviation,three_sigma,15748808772,,0,1,26,52240,16970,"{""mean"": 100009.16425389746, ""std"": 6859.905965583714, ""sigma"": 3.0}",us,check_quality_intervals,,95.00069981095234,,,
anomaly_seed42_matrix_02,42,matrix,target_episode,False,burst,burst,15748826771,,0,1,26,52243,4,"{""min_frames"": 4, ""max_interval_us"": 25002.291063474364}",frames,check_quality_intervals,,95.01869877112932,,,
anomaly_seed42_matrix_02,42,matrix,target_episode,False,frequency_increase,frequency,15749748436,,0,1,26,,29,"{""min"": 4.9995418292930545, ""max"": 14.998625487879163}",frames/window,check_quality_intervals,,95.94036173194988,15748748436,15749748436,
anomaly_seed42_matrix_02,42,matrix,background_candidate,False,statistical_deviation,three_sigma,15752268288,,0,1,1326,52642,987561,"{""mean"": 999948.5681818182, ""std"": 3928.582001283134, ""sigma"": 3.0}",us,check_quality_intervals,,98.46020815678911,,,
anomaly_seed42_matrix_02,42,matrix,background_candidate,False,statistical_deviation,three_sigma,15755269076,,0,1,1326,52973,986823,"{""mean"": 999948.5681818182, ""std"": 3928.582001283134, ""sigma"": 3.0}",us,check_quality_intervals,,101.46098951756154,,,
anomaly_seed42_matrix_02,42,matrix,target_episode,False,unknown_id,dbc,15756800148,,0,1,2045,53143,2045,ID in DBC or baseline,,check_quality_intervals,,102.99205813007201,,,
anomaly_seed42_matrix_02,42,matrix,other_id_during_episode,False,statistical_deviation,three_sigma,15757282622,,0,1,1326,53195,1014985,"{""mean"": 999948.5681818182, ""std"": 3928.582001283134, ""sigma"": 3.0}",us,check_quality_intervals,,103.474531062601,,,
anomaly_seed42_matrix_02,42,matrix,other_id_during_episode,False,frequency_increase,frequency,15757748436,,0,1,1327,,2,"{""min"": 0, ""max"": 1.9999472300575407}",frames/window,check_quality_intervals,,103.94034403198904,15756748436,15757748436,
anomaly_seed42_matrix_02,42,matrix,background_candidate,False,statistical_deviation,three_sigma,15759268585,,0,1,1326,53415,984983,"{""mean"": 999948.5681818182, ""std"": 3928.582001283134, ""sigma"": 3.0}",us,check_quality_intervals,,105.46048966866677,,,
anomaly_seed42_matrix_02,42,matrix,background_candidate,False,frequency_increase,frequency,15760748436,,0,1,1327,,2,"{""min"": 0, ""max"": 1.9999472300575407}",frames/window,check_quality_intervals,,106.94033739450373,15759748436,15760748436,
anomaly_seed42_matrix_02,42,matrix,target_episode,False,unknown_id,dbc,15761809075,,0,1,2045,53696,2045,ID in DBC or baseline,,check_quality_intervals,,108.00097404784448,,,
anomaly_seed42_matrix_02,42,matrix,other_id_during_episode,False,statistical_deviation,three_sigma,15764282917,,0,1,1326,53975,1014821,"{""mean"": 999948.5681818182, ""std"": 3928.582001283134, ""sigma"": 3.0}",us,check_quality_intervals,,110.4748105744824,,,
anomaly_seed42_matrix_02,42,matrix,background_candidate,False,frequency_increase,frequency,15765748436,,0,1,1327,,2,"{""min"": 0, ""max"": 1.9999472300575407}",frames/window,check_quality_intervals,,111.9403263320282,15764748436,15765748436,
anomaly_seed42_matrix_02,42,matrix,background_candidate,False,statistical_deviation,three_sigma,15766268464,,0,1,1326,54197,986405,"{""mean"": 999948.5681818182, ""std"": 3928.582001283134, ""sigma"": 3.0}",us,check_quality_intervals,,112.46035318146961,,,
anomaly_seed42_matrix_02,42,matrix,background_candidate,False,statistical_deviation,three_sigma,15766363912,,0,1,2026,54206,1010952,"{""mean"": 999962.2954545453, ""std"": 3434.6972446937166, ""sigma"": 3.0}",us,check_quality_intervals,,112.55580097029141,,,
anomaly_seed42_matrix_02,42,matrix,target_episode,False,dlc_mismatch,dbc,15769809395,,0,1,13,54587,7,8,bytes,check_quality_intervals,,116.00127634717666,,,
anomaly_seed42_matrix_02,42,matrix,target_episode,False,period_violation,period,15769809395,,0,1,13,54587,980,"{""min"": 69996.0556792874, ""max"": 129992.6748329623}",us,check_quality_intervals,,116.00127634717666,,,
anomaly_seed42_matrix_02,42,matrix,target_episode,False,statistical_deviation,three_sigma,15769809395,,0,1,13,54587,980,"{""mean"": 99994.36525612485, ""std"": 5335.312179171525, ""sigma"": 3.0}",us,check_quality_intervals,,116.00127634717666,,,
anomaly_seed42_matrix_02,42,matrix,target_episode,False,dlc_mismatch,dbc,15769913395,,0,1,13,54601,7,8,bytes,check_quality_intervals,,116.10527611707653,,,
anomaly_seed42_matrix_02,42,matrix,target_episode,False,dlc_mismatch,dbc,15770011971,,0,1,13,54612,7,8,bytes,check_quality_intervals,,116.20385189897793,,,
anomaly_seed42_matrix_02,42,matrix,other_id_during_episode,False,statistical_deviation,three_sigma,15770282814,,0,1,1326,54643,1014403,"{""mean"": 999948.5681818182, ""std"": 3928.582001283134, ""sigma"": 3.0}",us,check_quality_intervals,,116.47469429973935,,,
anomaly_seed42_matrix_02,42,matrix,other_id_during_episode,False,frequency_increase,frequency,15770748436,,0,1,1327,,2,"{""min"": 0, ""max"": 1.9999472300575407}",frames/window,check_quality_intervals,,116.94031526955268,15769748436,15770748436,
anomaly_seed42_matrix_02,42,matrix,other_id_during_episode,False,frequency_increase,frequency,15772748436,,0,1,1327,,2,"{""min"": 0, ""max"": 1.9999472300575407}",frames/window,check_quality_intervals,,118.94031084456246,15771748436,15772748436,
anomaly_seed42_matrix_02,42,matrix,background_candidate,False,frequency_increase,frequency,15777748436,,0,1,1327,,2,"{""min"": 0, ""max"": 1.9999472300575407}",frames/window,check_quality_intervals,,123.94029978208694,15776748436,15777748436,
anomaly_seed42_matrix_02,42,matrix,target_episode,False,dlc_mismatch,dbc,15777808592,,0,1,1034,55475,2,1,bytes,check_quality_intervals,,124.00045564899165,,,
anomaly_seed42_matrix_02,42,matrix,other_id_during_episode,False,statistical_deviation,three_sigma,15779268236,,0,1,1326,55641,984982,"{""mean"": 999948.5681818182, ""std"": 3928.582001283134, ""sigma"": 3.0}",us,check_quality_intervals,,125.46009641953691,,,
anomaly_seed42_matrix_02,42,matrix,background_candidate,False,frequency_increase,frequency,15782748436,,0,1,1327,,2,"{""min"": 0, ""max"": 1.9999472300575407}",frames/window,check_quality_intervals,,128.94028871961143,15781748436,15782748436,
anomaly_seed42_matrix_02,42,matrix,background_candidate,False,frequency_increase,frequency,15785748436,,0,1,1327,,2,"{""min"": 0, ""max"": 1.9999472300575407}",frames/window,check_quality_intervals,,131.94028208212612,15784748436,15785748436,
anomaly_seed42_matrix_02,42,matrix,target_episode,False,signal_out_of_range,dbc,15785808030,,0,1,6,56352,101.0,"{""min"": -100, ""max"": 100}",%,check_quality_intervals,,131.99987595027497,,,AccuFunSpeedIncrease
anomaly_seed42_matrix_02,42,matrix,other_id_during_episode,False,statistical_deviation,three_sigma,15788281080,,0,1,1326,56628,1013403,"{""mean"": 999948.5681818182, ""std"": 3928.582001283134, ""sigma"": 3.0}",us,check_quality_intervals,,134.47292047866446,,,
anomaly_seed42_matrix_02,42,matrix,background_candidate,False,frequency_increase,frequency,15789748436,,0,1,1327,,2,"{""min"": 0, ""max"": 1.9999472300575407}",frames/window,check_quality_intervals,,135.9402732321457,15788748436,15789748436,
anomaly_seed42_matrix_02,42,matrix,background_candidate,False,frequency_increase,frequency,15791748436,,0,1,1327,,2,"{""min"": 0, ""max"": 1.9999472300575407}",frames/window,check_quality_intervals,,137.9402688071555,15790748436,15791748436,
anomaly_seed42_matrix_02,42,matrix,target_episode,True,signal_out_of_range,dbc,15793808888,,0,1,6,57236,-101.0,"{""min"": -100, ""max"": 100}",%,check_quality_intervals,,140.00071624841522,,,AccuFunSpeedIncrease
anomaly_seed42_matrix_02,42,matrix,background_candidate,False,statistical_deviation,three_sigma,15798282905,,0,1,1326,57734,1013984,"{""mean"": 999948.5681818182, ""std"": 3928.582001283134, ""sigma"": 3.0}",us,check_quality_intervals,,144.47472334967497,,,
anomaly_seed42_matrix_02,42,matrix,target_episode,False,signal_out_of_range,dbc,15801806749,,0,1,6,58125,110.0,"{""min"": -100, ""max"": 100}",%,check_quality_intervals,,147.99855955318674,,,AccuFunSpeedIncrease
anomaly_seed42_matrix_02,42,matrix,outside_run,True,missing_frame,timeout,15814061845,,0,1,13,,351200,299983.0957683745,us,check_quality_intervals,15813710645,160.2536284388476,,,
anomaly_seed42_matrix_02,42,matrix,outside_run,True,missing_frame,timeout,15814061845,,0,1,1553,,342198,299985.0534521154,us,check_quality_intervals,15813719647,160.2536284388476,,,
anomaly_seed42_matrix_02,42,matrix,outside_run,True,missing_frame,timeout,15814161845,,0,1,26,,370208,300027.4927616924,us,check_quality_intervals,15813791637,160.35362821759847,,,
anomaly_seed42_matrix_02,42,matrix,outside_run,True,missing_frame,timeout,15814161845,,0,1,1028,,373616,299993.79621380876,us,check_quality_intervals,15813788229,160.35362821759847,,,
anomaly_seed42_matrix_02,42,matrix,outside_run,True,missing_frame,timeout,15814161845,,0,1,1280,,397207,299952.3992204901,us,check_quality_intervals,15813764638,160.35362821759847,,,
anomaly_seed42_matrix_02,42,matrix,outside_run,True,missing_frame,timeout,15814161845,,0,1,1760,,381199,299966.2316258352,us,check_quality_intervals,15813780646,160.35362821759847,,,
anomaly_seed42_matrix_02,42,matrix,outside_run,True,missing_frame,timeout,15814261845,,0,1,1038,,624758,600039.2845982139,us,check_quality_intervals,15813637087,160.45362799634933,,,
anomaly_seed42_matrix_02,42,matrix,outside_run,True,missing_frame,timeout,15814261845,,0,1,1317,,601897,599980.1450892863,us,check_quality_intervals,15813659948,160.45362799634933,,,
anomaly_seed42_matrix_02,42,matrix,outside_run,True,missing_frame,timeout,15814361848,,0,1,1036,,662209,599983.1183035711,us,check_quality_intervals,15813699639,160.55363077509273,,,
anomaly_seed42_matrix_02,42,matrix,outside_run,True,frequency_decrease,frequency,15814671667,,0,1,13,,1,"{""min"": 5.000281753069822, ""max"": 15.000845259209466}",frames/window,check_quality_intervals,,160.86344908961976,15813671667,15814671667,
anomaly_seed42_matrix_02,42,matrix,outside_run,True,frequency_decrease,frequency,15814671667,,0,1,26,,2,"{""min"": 4.9995418292930545, ""max"": 14.998625487879163}",frames/window,check_quality_intervals,,160.86344908961976,15813671667,15814671667,
anomaly_seed42_matrix_02,42,matrix,outside_run,True,frequency_decrease,frequency,15814671667,,0,1,1028,,2,"{""min"": 5.000103398574729, ""max"": 15.000310195724186}",frames/window,check_quality_intervals,,160.86344908961976,15813671667,15814671667,
anomaly_seed42_matrix_02,42,matrix,outside_run,True,frequency_decrease,frequency,15814671667,,0,1,1036,,1,"{""min"": 2.5000703423809516, ""max"": 7.500211027142855}",frames/window,check_quality_intervals,,160.86344908961976,15813671667,15814671667,
anomaly_seed42_matrix_02,42,matrix,outside_run,True,frequency_decrease,frequency,15814671667,,0,1,1038,,0,"{""min"": 2.499836324890627, ""max"": 7.4995089746718815}",frames/window,check_quality_intervals,,160.86344908961976,15813671667,15814671667,
anomaly_seed42_matrix_02,42,matrix,outside_run,True,frequency_decrease,frequency,15814671667,,0,1,1280,,1,"{""min"": 5.00079347222482, ""max"": 15.002380416674459}",frames/window,check_quality_intervals,,160.86344908961976,15813671667,15814671667,
anomaly_seed42_matrix_02,42,matrix,outside_run,True,frequency_decrease,frequency,15814671667,,0,1,1317,,0,"{""min"": 2.5000827315323524, ""max"": 7.500248194597058}",frames/window,check_quality_intervals,,160.86344908961976,15813671667,15814671667,
anomaly_seed42_matrix_02,42,matrix,outside_run,True,frequency_decrease,frequency,15814671667,,0,1,1326,,0,"{""min"": 5.1434463549826503e-05, ""max"": 2.0000514344635496}",frames/window,check_quality_intervals,,160.86344908961976,15813671667,15814671667,
anomaly_seed42_matrix_02,42,matrix,outside_run,True,frequency_decrease,frequency,15814671667,,0,1,1553,,1,"{""min"": 5.000249121543101, ""max"": 15.000747364629303}",frames/window,check_quality_intervals,,160.86344908961976,15813671667,15814671667,
anomaly_seed42_matrix_02,42,matrix,outside_run,True,frequency_decrease,frequency,15814671667,,0,1,1760,,2,"{""min"": 5.0005628695933835, ""max"": 15.00168860878015}",frames/window,check_quality_intervals,,160.86344908961976,15813671667,15814671667,
anomaly_seed42_matrix_02,42,matrix,outside_run,True,frequency_decrease,frequency,15814671667,,0,1,2026,,0,"{""min"": 3.7705967141032914e-05, ""max"": 2.000037705967141}",frames/window,check_quality_intervals,,160.86344908961976,15813671667,15814671667,
anomaly_seed42_matrix_03,42,matrix,outside_run,False,missing_frame,timeout,15827861845,,0,1,13,,300000,299983.0957683745,us,check_quality_intervals,,-1.6689996701717047,,,
anomaly_seed42_matrix_03,42,matrix,outside_run,False,missing_frame,timeout,15827861845,,0,1,1028,,300000,299993.79621380876,us,check_quality_intervals,,-1.6689996701717047,,,
anomaly_seed42_matrix_03,42,matrix,outside_run,False,missing_frame,timeout,15827861845,,0,1,1280,,300000,299952.3992204901,us,check_quality_intervals,,-1.6689996701717047,,,
anomaly_seed42_matrix_03,42,matrix,outside_run,False,missing_frame,timeout,15827861845,,0,1,1553,,300000,299985.0534521154,us,check_quality_intervals,,-1.6689996701717047,,,
anomaly_seed42_matrix_03,42,matrix,outside_run,False,missing_frame,timeout,15827861845,,0,1,1760,,300000,299966.2316258352,us,check_quality_intervals,,-1.6689996701717047,,,
anomaly_seed42_matrix_03,42,matrix,outside_run,False,missing_frame,timeout,15827961845,,0,1,26,,400000,300027.4927616924,us,check_quality_intervals,,-1.5689963944390402,,,
anomaly_seed42_matrix_03,42,matrix,outside_run,False,missing_frame,timeout,15828161845,,0,1,1036,,600000,599983.1183035711,us,check_quality_intervals,,-1.368989842973711,,,
anomaly_seed42_matrix_03,42,matrix,outside_run,False,missing_frame,timeout,15828161845,,0,1,1317,,600000,599980.1450892863,us,check_quality_intervals,,-1.368989842973711,,,
anomaly_seed42_matrix_03,42,matrix,outside_run,False,missing_frame,timeout,15828261845,,0,1,1038,,700000,600039.2845982139,us,check_quality_intervals,,-1.2689865672410465,,,
anomaly_seed42_matrix_03,42,matrix,outside_run,False,frequency_decrease,frequency,15828561845,,0,1,13,,0,"{""min"": 5.000281753069822, ""max"": 15.000845259209466}",frames/window,check_quality_intervals,,-0.968976740044872,15827561845,15828561845,
anomaly_seed42_matrix_03,42,matrix,outside_run,False,frequency_decrease,frequency,15828561845,,0,1,26,,0,"{""min"": 4.9995418292930545, ""max"": 14.998625487879163}",frames/window,check_quality_intervals,,-0.968976740044872,15827561845,15828561845,
anomaly_seed42_matrix_03,42,matrix,outside_run,False,frequency_decrease,frequency,15828561845,,0,1,1028,,0,"{""min"": 5.000103398574729, ""max"": 15.000310195724186}",frames/window,check_quality_intervals,,-0.968976740044872,15827561845,15828561845,
anomaly_seed42_matrix_03,42,matrix,outside_run,False,frequency_decrease,frequency,15828561845,,0,1,1036,,0,"{""min"": 2.5000703423809516, ""max"": 7.500211027142855}",frames/window,check_quality_intervals,,-0.968976740044872,15827561845,15828561845,
anomaly_seed42_matrix_03,42,matrix,outside_run,False,frequency_decrease,frequency,15828561845,,0,1,1038,,0,"{""min"": 2.499836324890627, ""max"": 7.4995089746718815}",frames/window,check_quality_intervals,,-0.968976740044872,15827561845,15828561845,
anomaly_seed42_matrix_03,42,matrix,outside_run,False,frequency_decrease,frequency,15828561845,,0,1,1280,,0,"{""min"": 5.00079347222482, ""max"": 15.002380416674459}",frames/window,check_quality_intervals,,-0.968976740044872,15827561845,15828561845,
anomaly_seed42_matrix_03,42,matrix,outside_run,False,frequency_decrease,frequency,15828561845,,0,1,1317,,0,"{""min"": 2.5000827315323524, ""max"": 7.500248194597058}",frames/window,check_quality_intervals,,-0.968976740044872,15827561845,15828561845,
anomaly_seed42_matrix_03,42,matrix,outside_run,False,frequency_decrease,frequency,15828561845,,0,1,1326,,0,"{""min"": 5.1434463549826503e-05, ""max"": 2.0000514344635496}",frames/window,check_quality_intervals,,-0.968976740044872,15827561845,15828561845,
anomaly_seed42_matrix_03,42,matrix,outside_run,False,frequency_decrease,frequency,15828561845,,0,1,1553,,0,"{""min"": 5.000249121543101, ""max"": 15.000747364629303}",frames/window,check_quality_intervals,,-0.968976740044872,15827561845,15828561845,
anomaly_seed42_matrix_03,42,matrix,outside_run,False,frequency_decrease,frequency,15828561845,,0,1,1760,,0,"{""min"": 5.0005628695933835, ""max"": 15.00168860878015}",frames/window,check_quality_intervals,,-0.968976740044872,15827561845,15828561845,
anomaly_seed42_matrix_03,42,matrix,outside_run,False,frequency_decrease,frequency,15828561845,,0,1,2026,,0,"{""min"": 3.7705967141032914e-05, ""max"": 2.000037705967141}",frames/window,check_quality_intervals,,-0.968976740044872,15827561845,15828561845,
anomaly_seed42_matrix_03,42,matrix,background_candidate,False,statistical_deviation,three_sigma,15835916828,,0,1,1324,60645,1013141,"{""mean"": 1000028.863636364, ""std"": 4358.929653027374, ""sigma"": 3.0}",us,check_quality_intervals,,6.386247189508237,,,
anomaly_seed42_matrix_03,42,matrix,background_candidate,False,statistical_deviation,three_sigma,15835987665,,0,1,1326,60656,987980,"{""mean"": 999948.5681818182, ""std"": 3928.582001283134, ""sigma"": 3.0}",us,check_quality_intervals,,6.457086509939846,,,
anomaly_seed42_matrix_03,42,matrix,target_episode,False,period_violation,period,15844532105,,0,1,13,61588,999,"{""min"": 69996.0556792874, ""max"": 129992.6748329623}",us,check_quality_intervals,,15.00180640292051,,,
anomaly_seed42_matrix_03,42,matrix,target_episode,False,statistical_deviation,three_sigma,15844532105,,0,1,13,61588,999,"{""mean"": 99994.36525612485, ""std"": 5335.312179171525, ""sigma"": 3.0}",us,check_quality_intervals,,15.00180640292051,,,
anomaly_seed42_matrix_03,42,matrix,target_episode,False,period_violation,period,15844919521,,0,1,13,61630,67418,"{""min"": 69996.0556792874, ""max"": 129992.6748329623}",us,check_quality_intervals,,15.389235093631134,,,
anomaly_seed42_matrix_03,42,matrix,target_episode,False,statistical_deviation,three_sigma,15845169520,,0,1,13,61659,78001,"{""mean"": 99994.36525612485, ""std"": 5335.312179171525, ""sigma"": 3.0}",us,check_quality_intervals,,15.639242282928791,,,
anomaly_seed42_matrix_03,42,matrix,target_episode,False,period_violation,period,15845318093,,0,1,13,61675,69554,"{""min"": 69996.0556792874, ""max"": 129992.6748329623}",us,check_quality_intervals,,15.787820149782938,,,
anomaly_seed42_matrix_03,42,matrix,target_episode,False,statistical_deviation,three_sigma,15845565090,,0,1,13,61704,71579,"{""mean"": 99994.36525612485, ""std"": 5335.312179171525, ""sigma"": 3.0}",us,check_quality_intervals,,16.034825240743643,,,
anomaly_seed42_matrix_03,42,matrix,target_episode,False,statistical_deviation,three_sigma,15845802523,,0,1,13,61731,71017,"{""mean"": 99994.36525612485, ""std"": 5335.312179171525, ""sigma"": 3.0}",us,check_quality_intervals,,16.27226601841335,,,
anomaly_seed42_matrix_03,42,matrix,target_episode,False,statistical_deviation,three_sigma,15846047499,,0,1,13,61761,74417,"{""mean"": 99994.36525612485, ""std"": 5335.312179171525, ""sigma"": 3.0}",us,check_quality_intervals,,16.517250043171266,,,
anomaly_seed42_matrix_03,42,matrix,other_id_during_episode,False,statistical_deviation,three_sigma,15846086532,,0,1,2026,61762,1010434,"{""mean"": 999962.2954545453, ""std"": 3434.6972446937166, ""sigma"": 3.0}",us,check_quality_intervals,,16.55628432178696,,,
anomaly_seed42_matrix_03,42,matrix,target_episode,False,statistical_deviation,three_sigma,15846370524,,0,1,13,61795,81449,"{""mean"": 99994.36525612485, ""std"": 5335.312179171525, ""sigma"": 3.0}",us,check_quality_intervals,,16.84028562460522,,,
anomaly_seed42_matrix_03,42,matrix,target_episode,False,statistical_deviation,three_sigma,15846692068,,0,1,13,61830,80995,"{""mean"": 99994.36525612485, ""std"": 5335.312179171525, ""sigma"": 3.0}",us,check_quality_intervals,,17.161840157526246,,,
anomaly_seed42_matrix_03,42,matrix,target_episode,False,statistical_deviation,three_sigma,15847011065,,0,1,13,61868,81580,"{""mean"": 99994.36525612485, ""std"": 5335.312179171525, ""sigma"": 3.0}",us,check_quality_intervals,,17.480847607014322,,,
anomaly_seed42_matrix_03,42,matrix,target_episode,False,statistical_deviation,three_sigma,15847407586,,0,1,13,61912,83527,"{""mean"": 99994.36525612485, ""std"": 5335.312179171525, ""sigma"": 3.0}",us,check_quality_intervals,,17.877381595979553,,,
anomaly_seed42_matrix_03,42,matrix,target_episode,False,statistical_deviation,three_sigma,15847800048,,0,1,13,61957,71551,"{""mean"": 99994.36525612485, ""std"": 5335.312179171525, ""sigma"": 3.0}",us,check_quality_intervals,,18.269856451983852,,,
anomaly_seed42_matrix_03,42,matrix,target_episode,False,statistical_deviation,three_sigma,15848125469,,0,1,13,61993,79422,"{""mean"": 99994.36525612485, ""std"": 5335.312179171525, ""sigma"": 3.0}",us,check_quality_intervals,,18.595288111906033,,,
anomaly_seed42_matrix_03,42,matrix,target_episode,False,statistical_deviation,three_sigma,15848366041,,0,1,13,62020,75000,"{""mean"": 99994.36525612485, ""std"": 5335.312179171525, ""sigma"": 3.0}",us,check_quality_intervals,,18.835867992399535,,,
anomaly_seed42_matrix_03,42,matrix,target_episode,False,statistical_deviation,three_sigma,15848682037,,0,1,13,62055,71000,"{""mean"": 99994.36525612485, ""std"": 5335.312179171525, ""sigma"": 3.0}",us,check_quality_intervals,,19.151874343583753,,,
anomaly_seed42_matrix_03,42,matrix,target_episode,False,period_violation,period,15848920480,,0,1,13,62082,68449,"{""min"": 69996.0556792874, ""max"": 129992.6748329623}",us,check_quality_intervals,,19.390325154338313,,,
anomaly_seed42_matrix_03,42,matrix,target_episode,False,statistical_deviation,three_sigma,15848920480,,0,1,13,62082,68449,"{""mean"": 99994.36525612485, ""std"": 5335.312179171525, ""sigma"": 3.0}",us,check_quality_intervals,,19.390325154338313,,,
anomaly_seed42_matrix_03,42,matrix,target_episode,False,statistical_deviation,three_sigma,15849169025,,0,1,13,62111,77000,"{""mean"": 99994.36525612485, ""std"": 5335.312179171525, ""sigma"": 3.0}",us,check_quality_intervals,,19.638878296005718,,,
anomaly_seed42_matrix_03,42,matrix,target_episode,False,statistical_deviation,three_sigma,15849561022,,0,1,13,62155,72002,"{""mean"": 99994.36525612485, ""std"": 5335.312179171525, ""sigma"": 3.0}",us,check_quality_intervals,,20.030888136778692,,,
anomaly_seed42_matrix_03,42,matrix,target_episode,False,statistical_deviation,three_sigma,15849802594,,0,1,13,62182,75577,"{""mean"": 99994.36525612485, ""std"": 5335.312179171525, ""sigma"": 3.0}",us,check_quality_intervals,,20.27246805003154,,,
anomaly_seed42_matrix_03,42,matrix,target_episode,False,statistical_deviation,three_sigma,15850039012,,0,1,13,62212,73000,"{""mean"": 99994.36525612485, ""std"": 5335.312179171525, ""sigma"": 3.0}",us,check_quality_intervals,,20.508893794450923,,,
anomaly_seed42_matrix_03,42,matrix,target_episode,False,statistical_deviation,three_sigma,15850290586,,0,1,13,62236,82976,"{""mean"": 99994.36525612485, ""std"": 5335.312179171525, ""sigma"": 3.0}",us,check_quality_intervals,,20.760476035341593,,,
anomaly_seed42_matrix_03,42,matrix,target_recovery,False,period_violation,period,15850630580,,0,1,13,62276,181996,"{""min"": 69996.0556792874, ""max"": 129992.6748329623}",us,check_quality_intervals,,21.100481172634804,,,
anomaly_seed42_matrix_03,42,matrix,background_candidate,False,statistical_deviation,three_sigma,15851987387,,0,1,1326,62426,985407,"{""mean"": 999948.5681818182, ""std"": 3928.582001283134, ""sigma"": 3.0}",us,check_quality_intervals,,22.45733261800008,,,
anomaly_seed42_matrix_03,42,matrix,background_candidate,False,statistical_deviation,three_sigma,15853085378,,0,1,2026,62545,1013402,"{""mean"": 999962.2954545453, ""std"": 3434.6972446937166, ""sigma"": 3.0}",us,check_quality_intervals,,23.555359585246475,,,
anomaly_seed42_matrix_03,42,matrix,target_episode,False,period_violation,period,15854522373,,0,1,13,62704,972,"{""min"": 69996.0556792874, ""max"": 129992.6748329623}",us,check_quality_intervals,,24.992401657355874,,,
anomaly_seed42_matrix_03,42,matrix,target_episode,False,statistical_deviation,three_sigma,15854522373,,0,1,13,62704,972,"{""mean"": 99994.36525612485, ""std"": 5335.312179171525, ""sigma"": 3.0}",us,check_quality_intervals,,24.992401657355874,,,
anomaly_seed42_matrix_03,42,matrix,target_episode,False,frequency_increase,frequency,15855362079,,0,1,13,,19,"{""min"": 5.000281753069822, ""max"": 15.000845259209466}",frames/window,check_quality_intervals,,25.832135163877208,15854362079,15855362079,
anomaly_seed42_matrix_03,42,matrix,other_id_during_episode,False,statistical_deviation,three_sigma,15859987246,,0,1,1326,63364,987980,"{""mean"": 999948.5681818182, ""std"": 3928.582001283134, ""sigma"": 3.0}",us,check_quality_intervals,,30.457453671966736,,,
anomaly_seed42_matrix_03,42,matrix,background_candidate,False,statistical_deviation,three_sigma,15864084206,,0,1,2026,63819,1010423,"{""mean"": 999962.2954545453, ""std"": 3434.6972446937166, ""sigma"": 3.0}",us,check_quality_intervals,,34.55454787740775,,,
anomaly_seed42_matrix_03,42,matrix,target_episode,False,period_violation,period,15864531756,,0,1,13,63871,999,"{""min"": 69996.0556792874, ""max"": 129992.6748329623}",us,check_quality_intervals,,35.002112537948435,,,
anomaly_seed42_matrix_03,42,matrix,target_episode,False,statistical_deviation,three_sigma,15864531756,,0,1,13,63871,999,"{""mean"": 99994.36525612485, ""std"": 5335.312179171525, ""sigma"": 3.0}",us,check_quality_intervals,,35.002112537948435,,,
anomaly_seed42_matrix_03,42,matrix,target_episode,False,frequency_increase,frequency,15865362079,,0,1,13,,36,"{""min"": 5.000281753069822, ""max"": 15.000845259209466}",frames/window,check_quality_intervals,,35.83246273710728,15864362079,15865362079,
anomaly_seed42_matrix_03,42,matrix,target_episode,False,burst,burst,15866196731,,0,1,13,64105,4,"{""min_frames"": 4, ""max_interval_us"": 24998.59131403121}",frames,check_quality_intervals,,36.66714207807199,,,
anomaly_seed42_matrix_03,42,matrix,target_episode,False,burst,burst,15867196711,,0,1,13,64246,4,"{""min_frames"": 4, ""max_interval_us"": 24998.59131403121}",frames,check_quality_intervals,,37.66715483474036,,,
anomaly_seed42_matrix_03,42,matrix,target_episode,False,burst,burst,15868196134,,0,1,13,64386,4,"{""min_frames"": 4, ""max_interval_us"": 24998.59131403121}",frames,check_quality_intervals,,38.666610573161684,,,
anomaly_seed42_matrix_03,42,matrix,target_episode,False,burst,burst,15868743105,,0,1,13,64463,4,"{""min_frames"": 4, ""max_interval_us"": 24998.59131403121}",frames,check_quality_intervals,,39.21359949046717,,,
anomaly_seed42_matrix_03,42,matrix,target_episode,False,burst,burst,15869144676,,0,1,13,64520,4,"{""min_frames"": 4, ""max_interval_us"": 24998.59131403121}",frames,check_quality_intervals,,39.615183644858455,,,
anomaly_seed42_matrix_03,42,matrix,background_candidate,False,statistical_deviation,three_sigma,15872516196,,0,1,13,64928,83576,"{""mean"": 99994.36525612485, ""std"": 5335.312179171525, ""sigma"": 3.0}",us,check_quality_intervals,,42.98681408682872,,,
anomaly_seed42_matrix_03,42,matrix,target_episode,False,period_violation,period,15874524162,,0,1,13,65149,577,"{""min"": 69996.0556792874, ""max"": 129992.6748329623}",us,check_quality_intervals,,44.994845862418785,,,
anomaly_seed42_matrix_03,42,matrix,target_episode,False,statistical_deviation,three_sigma,15874524162,,0,1,13,65149,577,"{""mean"": 99994.36525612485, ""std"": 5335.312179171525, ""sigma"": 3.0}",us,check_quality_intervals,,44.994845862418785,,,
anomaly_seed42_matrix_03,42,matrix,target_episode,False,period_violation,period,15874901575,,0,1,13,65189,130995,"{""min"": 69996.0556792874, ""max"": 129992.6748329623}",us,check_quality_intervals,,45.37227122545849,,,
anomaly_seed42_matrix_03,42,matrix,target_episode,False,period_violation,period,15875272570,,0,1,13,65231,130418,"{""min"": 69996.0556792874, ""max"": 129992.6748329623}",us,check_quality_intervals,,45.743278378260854,,,
anomaly_seed42_matrix_03,42,matrix,target_episode,False,period_violation,period,15875778001,,0,1,13,65285,131438,"{""min"": 69996.0556792874, ""max"": 129992.6748329623}",us,check_quality_intervals,,46.248725934828784,,,
anomaly_seed42_matrix_03,42,matrix,target_episode,False,statistical_deviation,three_sigma,15876021555,,0,1,13,65314,128998,"{""mean"": 99994.36525612485, ""std"": 5335.312179171525, ""sigma"": 3.0}",us,check_quality_intervals,,46.4922879130046,,,
anomaly_seed42_matrix_03,42,matrix,target_episode,False,period_violation,period,15876404969,,0,1,13,65354,129994,"{""min"": 69996.0556792874, ""max"": 129992.6748329623}",us,check_quality_intervals,,46.87571447262075,,,
anomaly_seed42_matrix_03,42,matrix,target_episode,False,period_violation,period,15876656544,,0,1,13,65380,130997,"{""min"": 69996.0556792874, ""max"": 129992.6748329623}",us,check_quality_intervals,,47.127297713544515,,,
anomaly_seed42_matrix_03,42,matrix,target_episode,False,period_violation,period,15877275977,,0,1,13,65449,131019,"{""min"": 69996.0556792874, ""max"": 129992.6748329623}",us,check_quality_intervals,,47.74675100451122,,,
anomaly_seed42_matrix_03,42,matrix,target_episode,False,period_violation,period,15877651528,,0,1,13,65488,129998,"{""min"": 69996.0556792874, ""max"": 129992.6748329623}",us,check_quality_intervals,,48.12231430655763,,,
anomaly_seed42_matrix_03,42,matrix,target_episode,False,period_violation,period,15878026521,,0,1,13,65531,132418,"{""min"": 69996.0556792874, ""max"": 129992.6748329623}",us,check_quality_intervals,,48.497319590323904,,,
anomaly_seed42_matrix_03,42,matrix,target_episode,False,statistical_deviation,three_sigma,15878026521,,0,1,13,65531,132418,"{""mean"": 99994.36525612485, ""std"": 5335.312179171525, ""sigma"": 3.0}",us,check_quality_intervals,,48.497319590323904,,,
anomaly_seed42_matrix_03,42,matrix,target_episode,False,period_violation,period,15878775510,,0,1,13,74,129999,"{""min"": 69996.0556792874, ""max"": 129992.6748329623}",us,check_quality_intervals,,49.24633312519821,,,
anomaly_seed42_matrix_03,42,matrix,target_episode,False,period_violation,period,15879651493,,0,1,13,168,129997,"{""min"": 69996.0556792874, ""max"": 129992.6748329623}",us,check_quality_intervals,,50.1223448200562,,,
anomaly_seed42_matrix_03,42,matrix,target_episode,False,period_violation,period,15879900486,,0,1,13,195,129995,"{""min"": 69996.0556792874, ""max"": 129992.6748329623}",us,check_quality_intervals,,50.37134597640139,,,
anomaly_seed42_matrix_03,42,matrix,other_id_during_episode,False,statistical_deviation,three_sigma,15880071936,,0,1,2026,216,989013,"{""mean"": 999962.2954545453, ""std"": 3434.6972446937166, ""sigma"": 3.0}",us,check_quality_intervals,,50.542801592644246,,,
anomaly_seed42_matrix_03,42,matrix,target_episode,False,period_violation,period,15880156903,,0,1,13,222,138837,"{""min"": 69996.0556792874, ""max"": 129992.6748329623}",us,check_quality_intervals,,50.62777137593458,,,
anomaly_seed42_matrix_03,42,matrix,target_episode,False,statistical_deviation,three_sigma,15880396479,,0,1,13,250,124542,"{""mean"": 99994.36525612485, ""std"": 5335.312179171525, ""sigma"": 3.0}",us,check_quality_intervals,,50.86735522380476,,,
anomaly_seed42_matrix_03,42,matrix,target_recovery,False,period_violation,period,15880626476,,0,1,13,274,229997,"{""min"": 69996.0556792874, ""max"": 129992.6748329623}",us,check_quality_intervals,,51.09735975788932,,,
anomaly_seed42_matrix_03,42,matrix,background_candidate,False,statistical_deviation,three_sigma,15882987864,,0,1,1326,537,987975,"{""mean"": 999948.5681818182, ""std"": 3928.582001283134, ""sigma"": 3.0}",us,check_quality_intervals,,53.45882511063996,,,
anomaly_seed42_matrix_03,42,matrix,target_episode,False,period_violation,period,15884532407,,0,1,13,705,999,"{""min"": 69996.0556792874, ""max"": 129992.6748329623}",us,check_quality_intervals,,55.00341870573388,,,
anomaly_seed42_matrix_03,42,matrix,target_episode,False,statistical_deviation,three_sigma,15884532407,,0,1,13,705,999,"{""mean"": 99994.36525612485, ""std"": 5335.312179171525, ""sigma"": 3.0}",us,check_quality_intervals,,55.00341870573388,,,
anomaly_seed42_matrix_03,42,matrix,other_id_during_episode,False,statistical_deviation,three_sigma,15886084805,,0,1,2026,870,1010956,"{""mean"": 999962.2954545453, ""std"": 3434.6972446937166, ""sigma"": 3.0}",us,check_quality_intervals,,56.55586755813641,,,
anomaly_seed42_matrix_03,42,matrix,target_episode,False,frequency_decrease,frequency,15886362079,,0,1,13,,5,"{""min"": 5.000281753069822, ""max"": 15.000845259209466}",frames/window,check_quality_intervals,,56.83315064089043,15885362079,15886362079,
anomaly_seed42_matrix_03,42,matrix,target_recovery,False,missing_frame,timeout,15890628297,,0,1,13,,303989,299983.0957683745,us,check_quality_intervals,15890324308,61.09950839077032,,,
anomaly_seed42_matrix_03,42,matrix,background_candidate,False,statistical_deviation,three_sigma,15894085684,,0,1,2026,1730,1014424,"{""mean"": 999962.2954545453, ""std"": 3434.6972446937166, ""sigma"": 3.0}",us,check_quality_intervals,,64.55700864551342,,,
anomaly_seed42_matrix_03,42,matrix,target_episode,False,period_violation,period,15894530233,,0,1,13,1779,559,"{""min"": 69996.0556792874, ""max"": 129992.6748329623}",us,check_quality_intervals,,65.00157220774842,,,
anomaly_seed42_matrix_03,42,matrix,target_episode,False,statistical_deviation,three_sigma,15894530233,,0,1,13,1779,559,"{""mean"": 99994.36525612485, ""std"": 5335.312179171525, ""sigma"": 3.0}",us,check_quality_intervals,,65.00157220774842,,,
anomaly_seed42_matrix_03,42,matrix,target_episode,False,missing_frame,timeout,15894844227,,0,1,13,,313994,299983.0957683745,us,check_quality_intervals,15894530233,65.3155764933514,,,
anomaly_seed42_matrix_03,42,matrix,other_id_during_episode,False,statistical_deviation,three_sigma,15895001213,,0,1,1326,1829,1013540,"{""mean"": 999948.5681818182, ""std"": 3928.582001283134, ""sigma"": 3.0}",us,check_quality_intervals,,65.47256763579247,,,
anomaly_seed42_matrix_03,42,matrix,target_episode,False,missing_frame,timeout,15895228633,,0,1,13,,300960,299983.0957683745,us,check_quality_intervals,15894927673,65.69999508546394,,,
anomaly_seed42_matrix_03,42,matrix,target_episode,False,frequency_decrease,frequency,15895362079,,0,1,13,,5,"{""min"": 5.000281753069822, ""max"": 15.000845259209466}",frames/window,check_quality_intervals,,65.83344545679749,15894362079,15895362079,
anomaly_seed42_matrix_03,42,matrix,target_episode,False,missing_frame,timeout,15895627652,,0,1,13,,303433,299983.0957683745,us,check_quality_intervals,15895324219,66.09902715625681,,,
anomaly_seed42_matrix_03,42,matrix,target_episode,False,missing_frame,timeout,15896026201,,0,1,13,,306410,299983.0957683745,us,check_quality_intervals,15895719791,66.4975892116565,,,
anomaly_seed42_matrix_03,42,matrix,target_episode,False,missing_frame,timeout,15896430195,,0,1,13,,309571,299983.0957683745,us,check_quality_intervals,15896120624,66.90159644541869,,,
anomaly_seed42_matrix_03,42,matrix,target_episode,False,missing_frame,timeout,15896840193,,0,1,13,,310994,299983.0957683745,us,check_quality_intervals,15896529199,67.31160787585478,,,
anomaly_seed42_matrix_03,42,matrix,target_episode,False,missing_frame,timeout,15897229178,,0,1,13,,306568,299983.0957683745,us,check_quality_intervals,15896922610,67.70060561796167,,,
anomaly_seed42_matrix_03,42,matrix,target_episode,False,missing_frame,timeout,15897628173,,0,1,13,,303460,299983.0957683745,us,check_quality_intervals,15897324713,68.09961368796932,,,
anomaly_seed42_matrix_03,42,matrix,target_episode,False,missing_frame,timeout,15898019602,,0,1,13,,301424,299983.0957683745,us,check_quality_intervals,15897718178,68.49105551013666,,,
anomaly_seed42_matrix_03,42,matrix,target_episode,False,missing_frame,timeout,15898445164,,0,1,13,,316991,299983.0957683745,us,check_quality_intervals,15898128173,68.9166314504089,,,
anomaly_seed42_matrix_03,42,matrix,target_episode,False,missing_frame,timeout,15898829153,,0,1,13,,308570,299983.0957683745,us,check_quality_intervals,15898520583,69.30063302886055,,,
anomaly_seed42_matrix_03,42,matrix,target_episode,False,missing_frame,timeout,15899229722,,0,1,13,,309146,299983.0957683745,us,check_quality_intervals,15898920576,69.70121515042811,,,
anomaly_seed42_matrix_03,42,matrix,target_episode,False,missing_frame,timeout,15899628134,,0,1,13,,302985,299983.0957683745,us,check_quality_intervals,15899325149,70.09964020133914,,,
anomaly_seed42_matrix_03,42,matrix,target_episode,False,missing_frame,timeout,15900021128,,0,1,13,,302984,299983.0957683745,us,check_quality_intervals,15899718144,70.49264707477036,,,
anomaly_seed42_matrix_03,42,matrix,target_episode,False,missing_frame,timeout,15900443129,,0,1,13,,313991,299983.0957683745,us,check_quality_intervals,15900129138,70.91466189839242,,,
anomaly_seed42_matrix_03,42,matrix,background_candidate,False,statistical_deviation,three_sigma,15902987513,,0,1,1326,2658,987000,"{""mean"": 999948.5681818182, ""std"": 3928.582001283134, ""sigma"": 3.0}",us,check_quality_intervals,,73.45912924560169,,,
anomaly_seed42_matrix_03,42,matrix,background_candidate,False,statistical_deviation,three_sigma,15903071084,,0,1,2026,2667,987542,"{""mean"": 999962.2954545453, ""std"": 3434.6972446937166, ""sigma"": 3.0}",us,check_quality_intervals,,73.54270298316314,,,
anomaly_seed42_matrix_03,42,matrix,target_episode,False,missing_frame,timeout,15904824463,,0,1,13,,307404,299983.0957683745,us,check_quality_intervals,15904517059,75.29613941916698,,,
anomaly_seed42_matrix_03,42,matrix,target_episode,False,frequency_decrease,frequency,15905362079,,0,1,13,,2,"{""min"": 5.000281753069822, ""max"": 15.000845259209466}",frames/window,check_quality_intervals,,75.83377303002756,15904362079,15905362079,
anomaly_seed42_matrix_03,42,matrix,target_recovery,False,period_violation,period,15905628459,,0,1,13,2938,1111400,"{""min"": 69996.0556792874, ""max"": 129992.6748329623}",us,check_quality_intervals,,76.10016175592239,,,
anomaly_seed42_matrix_03,42,matrix,target_recovery,False,statistical_deviation,three_sigma,15905628459,,0,1,13,2938,1111400,"{""mean"": 99994.36525612485, ""std"": 5335.312179171525, ""sigma"": 3.0}",us,check_quality_intervals,,76.10016175592239,,,
anomaly_seed42_matrix_03,42,matrix,background_candidate,False,statistical_deviation,three_sigma,15906988427,,0,1,1326,3090,987986,"{""mean"": 999948.5681818182, ""std"": 3928.582001283134, ""sigma"": 3.0}",us,check_quality_intervals,,77.4601743048341,,,
anomaly_seed42_matrix_03,42,matrix,target_episode,False,missing_frame,timeout,15909836845,,0,1,13,,304453,299983.0957683745,us,check_quality_intervals,15909532392,80.30868561138217,,,
anomaly_seed42_matrix_03,42,matrix,target_episode,False,frequency_decrease,frequency,15910362079,,0,1,13,,2,"{""min"": 5.000281753069822, ""max"": 15.000845259209466}",frames/window,check_quality_intervals,,80.8339368166426,15909362079,15910362079,
anomaly_seed42_matrix_03,42,matrix,target_recovery,False,period_violation,period,15914628302,,0,1,13,3881,5095910,"{""min"": 69996.0556792874, ""max"": 129992.6748329623}",us,check_quality_intervals,,85.10029956668615,,,
anomaly_seed42_matrix_03,42,matrix,target_recovery,False,statistical_deviation,three_sigma,15914628302,,0,1,13,3881,5095910,"{""mean"": 99994.36525612485, ""std"": 5335.312179171525, ""sigma"": 3.0}",us,check_quality_intervals,,85.10029956668615,,,
anomaly_seed42_matrix_03,42,matrix,background_candidate,False,statistical_deviation,three_sigma,15919001235,,0,1,1326,4364,1011984,"{""mean"": 999948.5681818182, ""std"": 3928.582001283134, ""sigma"": 3.0}",us,check_quality_intervals,,89.47337581226547,,,
anomaly_seed42_matrix_03,42,matrix,target_episode,False,period_violation,period,15919523788,,0,1,26,4422,17579,"{""min"": 70006.41497772821, ""max"": 130011.9135300667}",us,check_quality_intervals,,89.99594592970358,,,
anomaly_seed42_matrix_03,42,matrix,target_episode,False,statistical_deviation,three_sigma,15919523788,,0,1,26,4422,17579,"{""mean"": 100009.16425389746, ""std"": 6859.905965583714, ""sigma"": 3.0}",us,check_quality_intervals,,89.99594592970358,,,
anomaly_seed42_matrix_03,42,matrix,other_id_during_episode,False,statistical_deviation,three_sigma,15921086188,,0,1,2026,4599,1012963,"{""mean"": 999962.2954545453, ""std"": 3434.6972446937166, ""sigma"": 3.0}",us,check_quality_intervals,,91.55839710974394,,,
anomaly_seed42_matrix_03,42,matrix,background_candidate,False,statistical_deviation,three_sigma,15923001163,,0,1,1326,4810,1011981,"{""mean"": 999948.5681818182, ""std"": 3928.582001283134, ""sigma"": 3.0}",us,check_quality_intervals,,93.47343483920007,,,
anomaly_seed42_matrix_03,42,matrix,target_episode,False,period_violation,period,15924521279,,0,1,26,4978,17158,"{""min"": 70006.41497772821, ""max"": 130011.9135300667}",us,check_quality_intervals,,94.99360063413057,,,
anomaly_seed42_matrix_03,42,matrix,target_episode,False,statistical_deviation,three_sigma,15924521279,,0,1,26,4978,17158,"{""mean"": 100009.16425389746, ""std"": 6859.905965583714, ""sigma"": 3.0}",us,check_quality_intervals,,94.99360063413057,,,
anomaly_seed42_matrix_03,42,matrix,target_episode,False,burst,burst,15924538698,,0,1,26,4984,4,"{""min_frames"": 4, ""max_interval_us"": 25002.291063474364}",frames,check_quality_intervals,,95.01102020473017,,,
anomaly_seed42_matrix_03,42,matrix,target_episode,False,frequency_increase,frequency,15925362079,,0,1,26,,29,"{""min"": 4.9995418292930545, ""max"": 14.998625487879163}",frames/window,check_quality_intervals,,95.8344281764877,15924362079,15925362079,
anomaly_seed42_matrix_03,42,matrix,background_candidate,False,statistical_deviation,three_sigma,15928989060,,0,1,1326,5491,987844,"{""mean"": 999948.5681818182, ""std"": 3928.582001283134, ""sigma"": 3.0}",us,check_quality_intervals,,99.46152798667529,,,
anomaly_seed42_matrix_03,42,matrix,target_episode,False,unknown_id,dbc,15932520497,,0,1,2045,5878,2045,ID in DBC or baseline,,check_quality_intervals,,102.99308066709743,,,
anomaly_seed42_matrix_03,42,matrix,background_candidate,False,statistical_deviation,three_sigma,15935986936,,0,1,1326,6262,985983,"{""mean"": 999948.5681818182, ""std"": 3928.582001283134, ""sigma"": 3.0}",us,check_quality_intervals,,106.45963321835924,,,
anomaly_seed42_matrix_03,42,matrix,target_episode,False,unknown_id,dbc,15937522002,,0,1,2045,6431,2045,ID in DBC or baseline,,check_quality_intervals,,107.99474950301241,,,
anomaly_seed42_matrix_03,42,matrix,background_candidate,False,statistical_deviation,three_sigma,15943000813,,0,1,1326,7043,1012421,"{""mean"": 999948.5681818182, ""std"": 3928.582001283134, ""sigma"": 3.0}",us,check_quality_intervals,,113.4737399741949,,,
anomaly_seed42_matrix_03,42,matrix,target_episode,False,dlc_mismatch,dbc,15945521917,,0,1,13,7322,7,8,bytes,check_quality_intervals,,115.99492655881242,,,
anomaly_seed42_matrix_03,42,matrix,target_episode,False,period_violation,period,15945521917,,0,1,13,7322,995,"{""min"": 69996.0556792874, ""max"": 129992.6748329623}",us,check_quality_intervals,,115.99492655881242,,,
anomaly_seed42_matrix_03,42,matrix,target_episode,False,statistical_deviation,three_sigma,15945521917,,0,1,13,7322,995,"{""mean"": 99994.36525612485, ""std"": 5335.312179171525, ""sigma"": 3.0}",us,check_quality_intervals,,115.99492655881242,,,
anomaly_seed42_matrix_03,42,matrix,target_episode,False,dlc_mismatch,dbc,15945631792,,0,1,13,7336,7,8,bytes,check_quality_intervals,,116.1048051580234,,,
anomaly_seed42_matrix_03,42,matrix,target_episode,False,dlc_mismatch,dbc,15945732320,,0,1,13,7347,7,8,bytes,check_quality_intervals,,116.2053364510506,,,
anomaly_seed42_matrix_03,42,matrix,target_episode,False,dlc_mismatch,dbc,15953521098,,0,1,1034,8210,2,1,bytes,check_quality_intervals,,123.99436959056746,,,
anomaly_seed42_matrix_03,42,matrix,target_episode,False,signal_out_of_range,dbc,15961527376,,0,1,6,9087,101.0,"{""min"": -100, ""max"": 100}",%,check_quality_intervals,,132.00090985480273,,,AccuFunSpeedIncrease
anomaly_seed42_matrix_03,42,matrix,background_candidate,False,statistical_deviation,three_sigma,15965986968,,0,1,1326,9585,986401,"{""mean"": 999948.5681818182, ""std"": 3928.582001283134, ""sigma"": 3.0}",us,check_quality_intervals,,136.4606479390976,,,
anomaly_seed42_matrix_03,42,matrix,background_candidate,False,statistical_deviation,three_sigma,15968999919,,0,1,1326,9916,1013544,"{""mean"": 999948.5681818182, ""std"": 3928.582001283134, ""sigma"": 3.0}",us,check_quality_intervals,,139.47369763530733,,,
anomaly_seed42_matrix_03,42,matrix,other_id_during_episode,False,statistical_deviation,three_sigma,15970987310,,0,1,1326,10142,986971,"{""mean"": 999948.5681818182, ""std"": 3928.582001283134, ""sigma"": 3.0}",us,check_quality_intervals,,141.46115373691683,,,
anomaly_seed42_matrix_03,42,matrix,background_candidate,False,statistical_deviation,three_sigma,15973999251,,0,1,1326,10473,1011985,"{""mean"": 999948.5681818182, ""std"": 3928.582001283134, ""sigma"": 3.0}",us,check_quality_intervals,,144.4731934000399,,,
anomaly_seed42_matrix_03,42,matrix,background_candidate,False,statistical_deviation,three_sigma,15976987200,,0,1,1326,10805,987986,"{""mean"": 999948.5681818182, ""std"": 3928.582001283134, ""sigma"": 3.0}",us,check_quality_intervals,,147.4612402772507,,,
anomaly_seed42_matrix_03,42,matrix,target_episode,False,signal_out_of_range,dbc,15977520253,,0,1,6,10863,110.0,"{""min"": -100, ""max"": 100}",%,check_quality_intervals,,147.99431073864105,,,AccuFunSpeedIncrease
anomaly_seed42_matrix_03,42,matrix,target_episode,True,signal_out_of_range,dbc,15978129662,,0,1,6,10933,110.0,"{""min"": -100, ""max"": 100}",%,check_quality_intervals,,148.60373970124726,,,AccuFunSpeedIncrease
anomaly_seed42_matrix_03,42,matrix,background_candidate,False,statistical_deviation,three_sigma,15987000601,,0,1,1326,11914,1013562,"{""mean"": 999948.5681818182, ""std"": 3928.582001283134, ""sigma"": 3.0}",us,check_quality_intervals,,157.47496928946182,,,
anomaly_seed42_matrix_03,42,matrix,outside_run,False,missing_frame,timeout,15989744830,,0,1,13,,317263,299983.0957683745,us,check_quality_intervals,15989427567,160.2192881830575,,,
anomaly_seed42_matrix_03,42,matrix,outside_run,False,missing_frame,timeout,15989744830,,0,1,1553,,308261,299985.0534521154,us,check_quality_intervals,15989436569,160.2192881830575,,,
anomaly_seed42_matrix_03,42,matrix,outside_run,False,missing_frame,timeout,15989844845,,0,1,26,,335864,300027.4927616924,us,check_quality_intervals,15989508981,160.31930645928114,,,
anomaly_seed42_matrix_03,42,matrix,outside_run,False,missing_frame,timeout,15989844845,,0,1,1028,,339285,299993.79621380876,us,check_quality_intervals,15989505560,160.31930645928114,,,
anomaly_seed42_matrix_03,42,matrix,outside_run,False,missing_frame,timeout,15989844845,,0,1,1280,,363691,299952.3992204901,us,check_quality_intervals,15989481154,160.31930645928114,,,
anomaly_seed42_matrix_03,42,matrix,outside_run,False,missing_frame,timeout,15989844845,,0,1,1760,,347856,299966.2316258352,us,check_quality_intervals,15989496989,160.31930645928114,,,
anomaly_seed42_matrix_03,42,matrix,outside_run,False,frequency_decrease,frequency,15989944999,,0,1,13,,5,"{""min"": 5.000281753069822, ""max"": 15.000845259209466}",frames/window,check_quality_intervals,,160.4194637400578,15988944999,15989944999,
anomaly_seed42_matrix_03,42,matrix,outside_run,False,frequency_decrease,frequency,15989944999,,0,1,1553,,5,"{""min"": 5.000249121543101, ""max"": 15.000747364629303}",frames/window,check_quality_intervals,,160.4194637400578,15988944999,15989944999,
anomaly_seed42_matrix_03,42,matrix,outside_run,False,missing_frame,timeout,15990044845,,0,1,1036,,617864,599983.1183035711,us,check_quality_intervals,15989426981,160.51931301074646,,,
anomaly_seed42_matrix_03,42,matrix,outside_run,False,missing_frame,timeout,15990044845,,0,1,1038,,691273,600039.2845982139,us,check_quality_intervals,15989353572,160.51931301074646,,,
anomaly_seed42_matrix_03,42,matrix,outside_run,False,missing_frame,timeout,15990044845,,0,1,1317,,668393,599980.1450892863,us,check_quality_intervals,15989376452,160.51931301074646,,,
anomaly_seed42_matrix_03,42,matrix,outside_run,False,frequency_decrease,frequency,15990944999,,0,1,26,,0,"{""min"": 4.9995418292930545, ""max"": 14.998625487879163}",frames/window,check_quality_intervals,,161.41949649738083,15989944999,15990944999,
anomaly_seed42_matrix_03,42,matrix,outside_run,False,frequency_decrease,frequency,15990944999,,0,1,1028,,0,"{""min"": 5.000103398574729, ""max"": 15.000310195724186}",frames/window,check_quality_intervals,,161.41949649738083,15989944999,15990944999,
anomaly_seed42_matrix_03,42,matrix,outside_run,False,frequency_decrease,frequency,15990944999,,0,1,1036,,0,"{""min"": 2.5000703423809516, ""max"": 7.500211027142855}",frames/window,check_quality_intervals,,161.41949649738083,15989944999,15990944999,
anomaly_seed42_matrix_03,42,matrix,outside_run,False,frequency_decrease,frequency,15990944999,,0,1,1038,,0,"{""min"": 2.499836324890627, ""max"": 7.4995089746718815}",frames/window,check_quality_intervals,,161.41949649738083,15989944999,15990944999,
anomaly_seed42_matrix_03,42,matrix,outside_run,False,frequency_decrease,frequency,15990944999,,0,1,1280,,0,"{""min"": 5.00079347222482, ""max"": 15.002380416674459}",frames/window,check_quality_intervals,,161.41949649738083,15989944999,15990944999,
anomaly_seed42_matrix_03,42,matrix,outside_run,False,frequency_decrease,frequency,15990944999,,0,1,1317,,0,"{""min"": 2.5000827315323524, ""max"": 7.500248194597058}",frames/window,check_quality_intervals,,161.41949649738083,15989944999,15990944999,
anomaly_seed42_matrix_03,42,matrix,outside_run,False,frequency_decrease,frequency,15990944999,,0,1,1326,,0,"{""min"": 5.1434463549826503e-05, ""max"": 2.0000514344635496}",frames/window,check_quality_intervals,,161.41949649738083,15989944999,15990944999,
anomaly_seed42_matrix_03,42,matrix,outside_run,False,frequency_decrease,frequency,15990944999,,0,1,1760,,0,"{""min"": 5.0005628695933835, ""max"": 15.00168860878015}",frames/window,check_quality_intervals,,161.41949649738083,15989944999,15990944999,
anomaly_seed42_matrix_03,42,matrix,outside_run,False,frequency_decrease,frequency,15990944999,,0,1,2026,,0,"{""min"": 3.7705967141032914e-05, ""max"": 2.000037705967141}",frames/window,check_quality_intervals,,161.41949649738083,15989944999,15990944999,
anomaly_seed42_matrix_03,42,matrix,outside_run,False,missing_frame,timeout,15991944845,,0,1,1324,,3040270,3000086.5909090918,us,check_quality_intervals,15988904575,162.41937524965982,,,
anomaly_seed42_matrix_03,42,matrix,outside_run,False,missing_frame,timeout,15992044845,,0,1,1326,,3057857,2999845.7045454546,us,check_quality_intervals,15988986988,162.51937852539248,,,
anomaly_seed42_matrix_03,42,matrix,outside_run,False,missing_frame,timeout,15992144845,,0,1,2026,,3073268,2999886.886363636,us,check_quality_intervals,15989071577,162.61938180112514,,,
anomaly_seed42_matrix_03,42,matrix,outside_run,False,missing_frame,timeout,15992544845,,0,1,1327,,3070846,3000158.3181818193,us,check_quality_intervals,15989473999,163.019394904054,,,
anomaly_seed42_matrix_04,42,matrix,outside_run,False,missing_frame,timeout,16018844845,,0,1,13,,300000,299983.0957683745,us,check_quality_intervals,,-3.2644198592606983,,,
anomaly_seed42_matrix_04,42,matrix,outside_run,False,missing_frame,timeout,16018844845,,0,1,1028,,300000,299993.79621380876,us,check_quality_intervals,,-3.2644198592606983,,,
anomaly_seed42_matrix_04,42,matrix,outside_run,False,missing_frame,timeout,16018844845,,0,1,1280,,300000,299952.3992204901,us,check_quality_intervals,,-3.2644198592606983,,,
anomaly_seed42_matrix_04,42,matrix,outside_run,False,missing_frame,timeout,16018844845,,0,1,1553,,300000,299985.0534521154,us,check_quality_intervals,,-3.2644198592606983,,,
anomaly_seed42_matrix_04,42,matrix,outside_run,False,missing_frame,timeout,16018844845,,0,1,1760,,300000,299966.2316258352,us,check_quality_intervals,,-3.2644198592606983,,,
anomaly_seed42_matrix_04,42,matrix,outside_run,False,missing_frame,timeout,16018944845,,0,1,26,,400000,300027.4927616924,us,check_quality_intervals,,-3.1644247034006665,,,
anomaly_seed42_matrix_04,42,matrix,outside_run,False,missing_frame,timeout,16019144845,,0,1,1036,,600000,599983.1183035711,us,check_quality_intervals,,-2.9644343916806024,,,
anomaly_seed42_matrix_04,42,matrix,outside_run,False,missing_frame,timeout,16019144845,,0,1,1317,,600000,599980.1450892863,us,check_quality_intervals,,-2.9644343916806024,,,
anomaly_seed42_matrix_04,42,matrix,outside_run,False,missing_frame,timeout,16019244845,,0,1,1038,,700000,600039.2845982139,us,check_quality_intervals,,-2.864439235822389,,,
anomaly_seed42_matrix_04,42,matrix,outside_run,False,frequency_decrease,frequency,16019544845,,0,1,13,,0,"{""min"": 5.000281753069822, ""max"": 15.000845259209466}",frames/window,check_quality_intervals,,-2.5644537682422928,16018544845,16019544845,
anomaly_seed42_matrix_04,42,matrix,outside_run,False,frequency_decrease,frequency,16019544845,,0,1,26,,0,"{""min"": 4.9995418292930545, ""max"": 14.998625487879163}",frames/window,check_quality_intervals,,-2.5644537682422928,16018544845,16019544845,
anomaly_seed42_matrix_04,42,matrix,outside_run,False,frequency_decrease,frequency,16019544845,,0,1,1028,,0,"{""min"": 5.000103398574729, ""max"": 15.000310195724186}",frames/window,check_quality_intervals,,-2.5644537682422928,16018544845,16019544845,
anomaly_seed42_matrix_04,42,matrix,outside_run,False,frequency_decrease,frequency,16019544845,,0,1,1036,,0,"{""min"": 2.5000703423809516, ""max"": 7.500211027142855}",frames/window,check_quality_intervals,,-2.5644537682422928,16018544845,16019544845,
anomaly_seed42_matrix_04,42,matrix,outside_run,False,frequency_decrease,frequency,16019544845,,0,1,1038,,0,"{""min"": 2.499836324890627, ""max"": 7.4995089746718815}",frames/window,check_quality_intervals,,-2.5644537682422928,16018544845,16019544845,
anomaly_seed42_matrix_04,42,matrix,outside_run,False,frequency_decrease,frequency,16019544845,,0,1,1280,,0,"{""min"": 5.00079347222482, ""max"": 15.002380416674459}",frames/window,check_quality_intervals,,-2.5644537682422928,16018544845,16019544845,
anomaly_seed42_matrix_04,42,matrix,outside_run,False,frequency_decrease,frequency,16019544845,,0,1,1317,,0,"{""min"": 2.5000827315323524, ""max"": 7.500248194597058}",frames/window,check_quality_intervals,,-2.5644537682422928,16018544845,16019544845,
anomaly_seed42_matrix_04,42,matrix,outside_run,False,frequency_decrease,frequency,16019544845,,0,1,1326,,0,"{""min"": 5.1434463549826503e-05, ""max"": 2.0000514344635496}",frames/window,check_quality_intervals,,-2.5644537682422928,16018544845,16019544845,
anomaly_seed42_matrix_04,42,matrix,outside_run,False,frequency_decrease,frequency,16019544845,,0,1,1553,,0,"{""min"": 5.000249121543101, ""max"": 15.000747364629303}",frames/window,check_quality_intervals,,-2.5644537682422928,16018544845,16019544845,
anomaly_seed42_matrix_04,42,matrix,outside_run,False,frequency_decrease,frequency,16019544845,,0,1,1760,,0,"{""min"": 5.0005628695933835, ""max"": 15.00168860878015}",frames/window,check_quality_intervals,,-2.5644537682422928,16018544845,16019544845,
anomaly_seed42_matrix_04,42,matrix,outside_run,False,frequency_decrease,frequency,16019544845,,0,1,2026,,0,"{""min"": 3.7705967141032914e-05, ""max"": 2.000037705967141}",frames/window,check_quality_intervals,,-2.5644537682422928,16018544845,16019544845,
anomaly_seed42_matrix_04,42,matrix,outside_run,True,missing_frame,timeout,16020744830,,0,1,13,,599985,299983.0957683745,us,check_quality_intervals,,-1.3645268972003644,,,
anomaly_seed42_matrix_04,42,matrix,outside_run,True,missing_frame,timeout,16020744830,,0,1,26,,599985,300027.4927616924,us,check_quality_intervals,,-1.3645268972003644,,,
anomaly_seed42_matrix_04,42,matrix,outside_run,True,missing_frame,timeout,16020744830,,0,1,1028,,599985,299993.79621380876,us,check_quality_intervals,,-1.3645268972003644,,,
anomaly_seed42_matrix_04,42,matrix,outside_run,True,missing_frame,timeout,16020744830,,0,1,1036,,599985,599983.1183035711,us,check_quality_intervals,,-1.3645268972003644,,,
anomaly_seed42_matrix_04,42,matrix,outside_run,True,missing_frame,timeout,16020744830,,0,1,1280,,599985,299952.3992204901,us,check_quality_intervals,,-1.3645268972003644,,,
anomaly_seed42_matrix_04,42,matrix,outside_run,True,missing_frame,timeout,16020744830,,0,1,1317,,599985,599980.1450892863,us,check_quality_intervals,,-1.3645268972003644,,,
anomaly_seed42_matrix_04,42,matrix,outside_run,True,missing_frame,timeout,16020744830,,0,1,1553,,599985,299985.0534521154,us,check_quality_intervals,,-1.3645268972003644,,,
anomaly_seed42_matrix_04,42,matrix,outside_run,True,missing_frame,timeout,16020744830,,0,1,1760,,599985,299966.2316258352,us,check_quality_intervals,,-1.3645268972003644,,,
anomaly_seed42_matrix_04,42,matrix,outside_run,True,missing_frame,timeout,16020993200,,0,1,1038,,848355,600039.2845982139,us,check_quality_intervals,,-1.1161689285905467,,,
anomaly_seed42_matrix_04,42,matrix,outside_run,True,frequency_decrease,frequency,16021144845,,0,1,13,,0,"{""min"": 5.000281753069822, ""max"": 15.000845259209466}",frames/window,check_quality_intervals,,-0.9645312744872361,16020144845,16021144845,
anomaly_seed42_matrix_04,42,matrix,outside_run,True,frequency_decrease,frequency,16021144845,,0,1,26,,0,"{""min"": 4.9995418292930545, ""max"": 14.998625487879163}",frames/window,check_quality_intervals,,-0.9645312744872361,16020144845,16021144845,
anomaly_seed42_matrix_04,42,matrix,outside_run,True,frequency_decrease,frequency,16021144845,,0,1,1028,,0,"{""min"": 5.000103398574729, ""max"": 15.000310195724186}",frames/window,check_quality_intervals,,-0.9645312744872361,16020144845,16021144845,
anomaly_seed42_matrix_04,42,matrix,outside_run,True,frequency_decrease,frequency,16021144845,,0,1,1036,,0,"{""min"": 2.5000703423809516, ""max"": 7.500211027142855}",frames/window,check_quality_intervals,,-0.9645312744872361,16020144845,16021144845,
anomaly_seed42_matrix_04,42,matrix,outside_run,True,frequency_decrease,frequency,16021144845,,0,1,1038,,0,"{""min"": 2.499836324890627, ""max"": 7.4995089746718815}",frames/window,check_quality_intervals,,-0.9645312744872361,16020144845,16021144845,
anomaly_seed42_matrix_04,42,matrix,outside_run,True,frequency_decrease,frequency,16021144845,,0,1,1280,,0,"{""min"": 5.00079347222482, ""max"": 15.002380416674459}",frames/window,check_quality_intervals,,-0.9645312744872361,16020144845,16021144845,
anomaly_seed42_matrix_04,42,matrix,outside_run,True,frequency_decrease,frequency,16021144845,,0,1,1317,,0,"{""min"": 2.5000827315323524, ""max"": 7.500248194597058}",frames/window,check_quality_intervals,,-0.9645312744872361,16020144845,16021144845,
anomaly_seed42_matrix_04,42,matrix,outside_run,True,frequency_decrease,frequency,16021144845,,0,1,1326,,0,"{""min"": 5.1434463549826503e-05, ""max"": 2.0000514344635496}",frames/window,check_quality_intervals,,-0.9645312744872361,16020144845,16021144845,
anomaly_seed42_matrix_04,42,matrix,outside_run,True,frequency_decrease,frequency,16021144845,,0,1,1553,,0,"{""min"": 5.000249121543101, ""max"": 15.000747364629303}",frames/window,check_quality_intervals,,-0.9645312744872361,16020144845,16021144845,
anomaly_seed42_matrix_04,42,matrix,outside_run,True,frequency_decrease,frequency,16021144845,,0,1,1760,,0,"{""min"": 5.0005628695933835, ""max"": 15.00168860878015}",frames/window,check_quality_intervals,,-0.9645312744872361,16020144845,16021144845,
anomaly_seed42_matrix_04,42,matrix,outside_run,True,frequency_decrease,frequency,16021144845,,0,1,2026,,0,"{""min"": 3.7705967141032914e-05, ""max"": 2.000037705967141}",frames/window,check_quality_intervals,,-0.9645312744872361,16020144845,16021144845,
anomaly_seed42_matrix_04,42,matrix,target_episode,False,period_violation,period,16037112158,,0,1,13,14845,842,"{""min"": 69996.0556792874, ""max"": 129992.6748329623}",us,check_quality_intervals,,15.002008246463038,,,
anomaly_seed42_matrix_04,42,matrix,target_episode,False,statistical_deviation,three_sigma,16037112158,,0,1,13,14845,842,"{""mean"": 99994.36525612485, ""std"": 5335.312179171525, ""sigma"": 3.0}",us,check_quality_intervals,,15.002008246463038,,,
anomaly_seed42_matrix_04,42,matrix,target_episode,False,statistical_deviation,three_sigma,16037274731,,0,1,13,14860,75998,"{""mean"": 99994.36525612485, ""std"": 5335.312179171525, ""sigma"": 3.0}",us,check_quality_intervals,,15.164573371198388,,,
anomaly_seed42_matrix_04,42,matrix,target_episode,False,statistical_deviation,three_sigma,16037520147,,0,1,13,14889,76979,"{""mean"": 99994.36525612485, ""std"": 5335.312179171525, ""sigma"": 3.0}",us,check_quality_intervals,,15.409977482902702,,,
anomaly_seed42_matrix_04,42,matrix,target_episode,False,statistical_deviation,three_sigma,16037995719,,0,1,13,14945,77581,"{""mean"": 99994.36525612485, ""std"": 5335.312179171525, ""sigma"": 3.0}",us,check_quality_intervals,,15.885526445528837,,,
anomaly_seed42_matrix_04,42,matrix,target_episode,False,period_violation,period,16038150717,,0,1,13,14961,67420,"{""min"": 69996.0556792874, ""max"": 129992.6748329623}",us,check_quality_intervals,,16.04051693720818,,,
anomaly_seed42_matrix_04,42,matrix,target_episode,False,statistical_deviation,three_sigma,16038150717,,0,1,13,14961,67420,"{""mean"": 99994.36525612485, ""std"": 5335.312179171525, ""sigma"": 3.0}",us,check_quality_intervals,,16.04051693720818,,,
anomaly_seed42_matrix_04,42,matrix,target_episode,False,statistical_deviation,three_sigma,16038317159,,0,1,13,14980,79442,"{""mean"": 99994.36525612485, ""std"": 5335.312179171525, ""sigma"": 3.0}",us,check_quality_intervals,,16.206950874523866,,,
anomaly_seed42_matrix_04,42,matrix,target_episode,False,statistical_deviation,three_sigma,16038478708,,0,1,13,14995,73997,"{""mean"": 99994.36525612485, ""std"": 5335.312179171525, ""sigma"": 3.0}",us,check_quality_intervals,,16.368492048863978,,,
anomaly_seed42_matrix_04,42,matrix,target_episode,False,statistical_deviation,three_sigma,16038796706,,0,1,13,15037,71550,"{""mean"": 99994.36525612485, ""std"": 5335.312179171525, ""sigma"": 3.0}",us,check_quality_intervals,,16.686474644593233,,,
anomaly_seed42_matrix_04,42,matrix,target_episode,False,statistical_deviation,three_sigma,16039197698,,0,1,13,15082,75998,"{""mean"": 99994.36525612485, ""std"": 5335.312179171525, ""sigma"": 3.0}",us,check_quality_intervals,,17.087447219978802,,,
anomaly_seed42_matrix_04,42,matrix,target_episode,False,period_violation,period,16039351695,,0,1,13,15096,66999,"{""min"": 69996.0556792874, ""max"": 129992.6748329623}",us,check_quality_intervals,,17.24143676014745,,,
anomaly_seed42_matrix_04,42,matrix,target_episode,False,statistical_deviation,three_sigma,16039351695,,0,1,13,15096,66999,"{""mean"": 99994.36525612485, ""std"": 5335.312179171525, ""sigma"": 3.0}",us,check_quality_intervals,,17.24143676014745,,,
anomaly_seed42_matrix_04,42,matrix,target_episode,False,statistical_deviation,three_sigma,16039519132,,0,1,13,15116,78847,"{""mean"": 99994.36525612485, ""std"": 5335.312179171525, ""sigma"": 3.0}",us,check_quality_intervals,,17.408865649264268,,,
anomaly_seed42_matrix_04,42,matrix,target_episode,False,statistical_deviation,three_sigma,16039759688,,0,1,13,15143,76998,"{""mean"": 99994.36525612485, ""std"": 5335.312179171525, ""sigma"": 3.0}",us,check_quality_intervals,,17.649409996394702,,,
anomaly_seed42_matrix_04,42,matrix,target_episode,False,statistical_deviation,three_sigma,16039994112,,0,1,13,15172,78009,"{""mean"": 99994.36525612485, ""std"": 5335.312179171525, ""sigma"": 3.0}",us,check_quality_intervals,,17.883822640567388,,,
anomaly_seed42_matrix_04,42,matrix,target_episode,False,statistical_deviation,three_sigma,16040158680,,0,1,13,15187,75999,"{""mean"": 99994.36525612485, ""std"": 5335.312179171525, ""sigma"": 3.0}",us,check_quality_intervals,,18.048382668662672,,,
anomaly_seed42_matrix_04,42,matrix,target_episode,False,period_violation,period,16040390674,,0,1,13,15213,67996,"{""min"": 69996.0556792874, ""max"": 129992.6748329623}",us,check_quality_intervals,,18.28036543054751,,,
anomaly_seed42_matrix_04,42,matrix,target_episode,False,statistical_deviation,three_sigma,16040553112,,0,1,13,15231,74436,"{""mean"": 99994.36525612485, ""std"": 5335.312179171525, ""sigma"": 3.0}",us,check_quality_intervals,,18.442795561822223,,,
anomaly_seed42_matrix_04,42,matrix,target_episode,False,statistical_deviation,three_sigma,16040795672,,0,1,13,15263,71577,"{""mean"": 99994.36525612485, ""std"": 5335.312179171525, ""sigma"": 3.0}",us,check_quality_intervals,,18.685343811876027,,,
anomaly_seed42_matrix_04,42,matrix,target_episode,False,statistical_deviation,three_sigma,16041039666,,0,1,13,15288,76548,"{""mean"": 99994.36525612485, ""std"": 5335.312179171525, ""sigma"": 3.0}",us,check_quality_intervals,,18.92932599246465,,,
anomaly_seed42_matrix_04,42,matrix,target_episode,False,period_violation,period,16041351659,,0,1,13,15321,66999,"{""min"": 69996.0556792874, ""max"": 129992.6748329623}",us,check_quality_intervals,,19.241303879085255,,,
anomaly_seed42_matrix_04,42,matrix,target_episode,False,statistical_deviation,three_sigma,16041351659,,0,1,13,15321,66999,"{""mean"": 99994.36525612485, ""std"": 5335.312179171525, ""sigma"": 3.0}",us,check_quality_intervals,,19.241303879085255,,,
anomaly_seed42_matrix_04,42,matrix,target_episode,False,statistical_deviation,three_sigma,16041518249,,0,1,13,15341,76589,"{""mean"": 99994.36525612485, ""std"": 5335.312179171525, ""sigma"": 3.0}",us,check_quality_intervals,,19.4078858092326,,,
anomaly_seed42_matrix_04,42,matrix,target_episode,False,statistical_deviation,three_sigma,16041920120,,0,1,13,15387,79994,"{""mean"": 99994.36525612485, ""std"": 5335.312179171525, ""sigma"": 3.0}",us,check_quality_intervals,,19.809737342037433,,,
anomaly_seed42_matrix_04,42,matrix,target_episode,False,statistical_deviation,three_sigma,16042554638,,0,1,13,15456,73420,"{""mean"": 99994.36525612485, ""std"": 5335.312179171525, ""sigma"": 3.0}",us,check_quality_intervals,,20.444224605094018,,,
anomaly_seed42_matrix_04,42,matrix,target_episode,False,statistical_deviation,three_sigma,16042797082,,0,1,13,15488,72444,"{""mean"": 99994.36525612485, ""std"": 5335.312179171525, ""sigma"": 3.0}",us,check_quality_intervals,,20.686656860765957,,,
anomaly_seed42_matrix_04,42,matrix,target_episode,False,statistical_deviation,three_sigma,16043037631,,0,1,13,15513,74561,"{""mean"": 99994.36525612485, ""std"": 5335.312179171525, ""sigma"": 3.0}",us,check_quality_intervals,,20.92719420823493,,,
anomaly_seed42_matrix_04,42,matrix,target_recovery,False,period_violation,period,16043216629,,0,1,13,15533,178998,"{""min"": 69996.0556792874, ""max"": 129992.6748329623}",us,check_quality_intervals,,21.106183537321847,,,
anomaly_seed42_matrix_04,42,matrix,background_candidate,False,statistical_deviation,three_sigma,16044664022,,0,1,2026,15691,987402,"{""mean"": 999962.2954545453, ""std"": 3434.6972446937166, ""sigma"": 3.0}",us,check_quality_intervals,,22.553506423574152,,,
anomaly_seed42_matrix_04,42,matrix,target_episode,False,period_violation,period,16047114557,,0,1,13,15964,997,"{""min"": 69996.0556792874, ""max"": 129992.6748329623}",us,check_quality_intervals,,25.003922716219822,,,
anomaly_seed42_matrix_04,42,matrix,target_episode,False,statistical_deviation,three_sigma,16047114557,,0,1,13,15964,997,"{""mean"": 99994.36525612485, ""std"": 5335.312179171525, ""sigma"": 3.0}",us,check_quality_intervals,,25.003922716219822,,,
anomaly_seed42_matrix_04,42,matrix,target_episode,False,frequency_increase,frequency,16048144845,,0,1,13,,20,"{""min"": 5.000281753069822, ""max"": 15.000845259209466}",frames/window,check_quality_intervals,,26.03416080762321,16047144845,16048144845,
anomaly_seed42_matrix_04,42,matrix,background_candidate,False,statistical_deviation,three_sigma,16054663961,,0,1,2026,16855,986938,"{""mean"": 999962.2954545453, ""std"": 3434.6972446937166, ""sigma"": 3.0}",us,check_quality_intervals,,32.55296101249527,,,
anomaly_seed42_matrix_04,42,matrix,target_episode,False,period_violation,period,16057116965,,0,1,13,17128,581,"{""min"": 69996.0556792874, ""max"": 129992.6748329623}",us,check_quality_intervals,,35.00584618553822,,,
anomaly_seed42_matrix_04,42,matrix,target_episode,False,statistical_deviation,three_sigma,16057116965,,0,1,13,17128,581,"{""mean"": 99994.36525612485, ""std"": 5335.312179171525, ""sigma"": 3.0}",us,check_quality_intervals,,35.00584618553822,,,
anomaly_seed42_matrix_04,42,matrix,target_episode,False,frequency_increase,frequency,16058144845,,0,1,13,,40,"{""min"": 5.000281753069822, ""max"": 15.000845259209466}",frames/window,check_quality_intervals,,36.03367639359004,16057144845,16058144845,
anomaly_seed42_matrix_04,42,matrix,target_episode,False,burst,burst,16058938933,,0,1,13,17384,4,"{""min_frames"": 4, ""max_interval_us"": 24998.59131403121}",frames,check_quality_intervals,,36.8277259268517,,,
anomaly_seed42_matrix_04,42,matrix,target_episode,False,burst,burst,16059936335,,0,1,13,17524,4,"{""min_frames"": 4, ""max_interval_us"": 24998.59131403121}",frames,check_quality_intervals,,37.825079611300026,,,
anomaly_seed42_matrix_04,42,matrix,target_episode,False,burst,burst,16061940299,,0,1,13,17804,4,"{""min_frames"": 4, ""max_interval_us"": 24998.59131403121}",frames,check_quality_intervals,,39.82894653647121,,,
anomaly_seed42_matrix_04,42,matrix,target_episode,False,period_violation,period,16067118210,,0,1,13,18412,1000,"{""min"": 69996.0556792874, ""max"": 129992.6748329623}",us,check_quality_intervals,,45.006606711196795,,,
anomaly_seed42_matrix_04,42,matrix,target_episode,False,statistical_deviation,three_sigma,16067118210,,0,1,13,18412,1000,"{""mean"": 99994.36525612485, ""std"": 5335.312179171525, ""sigma"": 3.0}",us,check_quality_intervals,,45.006606711196795,,,
anomaly_seed42_matrix_04,42,matrix,target_episode,False,period_violation,period,16067745198,,0,1,13,18479,130998,"{""min"": 69996.0556792874, ""max"": 129992.6748329623}",us,check_quality_intervals,,45.63356433901819,,,
anomaly_seed42_matrix_04,42,matrix,target_episode,False,period_violation,period,16069120612,,0,1,13,18630,131859,"{""min"": 69996.0556792874, ""max"": 129992.6748329623}",us,check_quality_intervals,,47.008911712033985,,,
anomaly_seed42_matrix_04,42,matrix,target_episode,False,statistical_deviation,three_sigma,16069614166,,0,1,13,18685,125998,"{""mean"": 99994.36525612485, ""std"": 5335.312179171525, ""sigma"": 3.0}",us,check_quality_intervals,,47.50244180358438,,,
anomaly_seed42_matrix_04,42,matrix,target_episode,False,period_violation,period,16069875582,,0,1,13,18709,140420,"{""min"": 69996.0556792874, ""max"": 129992.6748329623}",us,check_quality_intervals,,47.76384514022768,,,
anomaly_seed42_matrix_04,42,matrix,target_episode,False,period_violation,period,16070992141,,0,1,13,18830,131996,"{""min"": 69996.0556792874, ""max"": 129992.6748329623}",us,check_quality_intervals,,48.88035005254289,,,
anomaly_seed42_matrix_04,42,matrix,target_episode,False,statistical_deviation,three_sigma,16071613129,,0,1,13,18901,124997,"{""mean"": 99994.36525612485, ""std"": 5335.312179171525, ""sigma"": 3.0}",us,check_quality_intervals,,49.501307971011485,,,
anomaly_seed42_matrix_04,42,matrix,target_episode,False,period_violation,period,16071745128,,0,1,13,18913,131999,"{""min"": 69996.0556792874, ""max"": 129992.6748329623}",us,check_quality_intervals,,49.633300576795776,,,
anomaly_seed42_matrix_04,42,matrix,target_episode,False,period_violation,period,16071989544,,0,1,13,18938,130418,"{""min"": 69996.0556792874, ""max"": 129992.6748329623}",us,check_quality_intervals,,49.87770473694129,,,
anomaly_seed42_matrix_04,42,matrix,target_episode,False,statistical_deviation,three_sigma,16071989544,,0,1,13,18938,130418,"{""mean"": 99994.36525612485, ""std"": 5335.312179171525, ""sigma"": 3.0}",us,check_quality_intervals,,49.87770473694129,,,
anomaly_seed42_matrix_04,42,matrix,target_episode,False,statistical_deviation,three_sigma,16072489535,,0,1,13,18990,128979,"{""mean"": 99994.36525612485, ""std"": 5335.312179171525, ""sigma"": 3.0}",us,check_quality_intervals,,50.377671516676195,,,
anomaly_seed42_matrix_04,42,matrix,target_episode,False,period_violation,period,16072999108,,0,1,13,19049,137529,"{""min"": 69996.0556792874, ""max"": 129992.6748329623}",us,check_quality_intervals,,50.88721983224435,,,
anomaly_seed42_matrix_04,42,matrix,background_candidate,False,statistical_deviation,three_sigma,16074664516,,0,1,2026,19231,987844,"{""mean"": 999962.2954545453, ""std"": 3434.6972446937166, ""sigma"": 3.0}",us,check_quality_intervals,,52.55254715754448,,,
anomaly_seed42_matrix_04,42,matrix,target_episode,False,period_violation,period,16077114034,,0,1,13,19504,999,"{""min"": 69996.0556792874, ""max"": 129992.6748329623}",us,check_quality_intervals,,55.001946499454554,,,
anomaly_seed42_matrix_04,42,matrix,target_episode,False,statistical_deviation,three_sigma,16077114034,,0,1,13,19504,999,"{""mean"": 99994.36525612485, ""std"": 5335.312179171525, ""sigma"": 3.0}",us,check_quality_intervals,,55.001946499454554,,,
anomaly_seed42_matrix_04,42,matrix,target_episode,False,frequency_decrease,frequency,16078144845,,0,1,13,,5,"{""min"": 5.000281753069822, ""max"": 15.000845259209466}",frames/window,check_quality_intervals,,56.0327075655237,16077144845,16078144845,
anomaly_seed42_matrix_04,42,matrix,target_episode,False,period_violation,period,16087117859,,0,1,13,20563,580,"{""min"": 69996.0556792874, ""max"": 129992.6748329623}",us,check_quality_intervals,,65.0052869001328,,,
anomaly_seed42_matrix_04,42,matrix,target_episode,False,statistical_deviation,three_sigma,16087117859,,0,1,13,20563,580,"{""mean"": 99994.36525612485, ""std"": 5335.312179171525, ""sigma"": 3.0}",us,check_quality_intervals,,65.0052869001328,,,
anomaly_seed42_matrix_04,42,matrix,target_episode,False,missing_frame,timeout,16087429854,,0,1,13,,311995,299983.0957683745,us,check_quality_intervals,16087117859,65.3172667866572,,,
anomaly_seed42_matrix_04,42,matrix,target_episode,False,missing_frame,timeout,16087829266,,0,1,13,,307996,299983.0957683745,us,check_quality_intervals,16087521270,65.71665943858008,,,
anomaly_seed42_matrix_04,42,matrix,target_episode,False,frequency_decrease,frequency,16088144845,,0,1,13,,2,"{""min"": 5.000281753069822, ""max"": 15.000845259209466}",frames/window,check_quality_intervals,,66.03222315149053,16087144845,16088144845,
anomaly_seed42_matrix_04,42,matrix,target_episode,False,missing_frame,timeout,16088228289,,0,1,13,,305444,299983.0957683745,us,check_quality_intervals,16087922845,66.11566310934595,,,
anomaly_seed42_matrix_04,42,matrix,target_episode,False,missing_frame,timeout,16088626271,,0,1,13,,302433,299983.0957683745,us,check_quality_intervals,16088323838,66.51362583053796,,,
anomaly_seed42_matrix_04,42,matrix,target_episode,False,missing_frame,timeout,16089024266,,0,1,13,,311434,299983.0957683745,us,check_quality_intervals,16088712832,66.91160155110282,,,
anomaly_seed42_matrix_04,42,matrix,target_episode,False,missing_frame,timeout,16089416845,,0,1,13,,306442,299983.0957683745,us,check_quality_intervals,16089110403,67.30416153402454,,,
anomaly_seed42_matrix_04,42,matrix,target_episode,False,missing_frame,timeout,16089835405,,0,1,13,,318170,299983.0957683745,us,check_quality_intervals,16089517235,67.72270125839084,,,
anomaly_seed42_matrix_04,42,matrix,target_episode,False,missing_frame,timeout,16090216845,,0,1,13,,302036,299983.0957683745,us,check_quality_intervals,16089914809,68.10412278090297,,,
anomaly_seed42_matrix_04,42,matrix,target_episode,False,missing_frame,timeout,16090621788,,0,1,13,,303546,299983.0957683745,us,check_quality_intervals,16090318242,68.50904616489534,,,
anomaly_seed42_matrix_04,42,matrix,target_episode,False,missing_frame,timeout,16091016845,,0,1,13,,305626,299983.0957683745,us,check_quality_intervals,16090711219,68.90408402777959,,,
anomaly_seed42_matrix_04,42,matrix,target_episode,False,missing_frame,timeout,16091431784,,0,1,13,,310995,299983.0957683745,us,check_quality_intervals,16091120789,69.31900292755238,,,
anomaly_seed42_matrix_04,42,matrix,other_id_during_episode,False,statistical_deviation,three_sigma,16091662781,,0,1,2026,21029,987984,"{""mean"": 999962.2954545453, ""std"": 3434.6972446937166, ""sigma"": 3.0}",us,check_quality_intervals,,69.5499887377341,,,
anomaly_seed42_matrix_04,42,matrix,target_episode,False,missing_frame,timeout,16091821295,,0,1,13,,309074,299983.0957683745,us,check_quality_intervals,16091512221,69.70849505909233,,,
anomaly_seed42_matrix_04,42,matrix,target_episode,False,missing_frame,timeout,16092233361,,0,1,13,,319990,299983.0957683745,us,check_quality_intervals,16091913371,70.1205410980378,,,
anomaly_seed42_matrix_04,42,matrix,target_episode,False,missing_frame,timeout,16092614334,,0,1,13,,301565,299983.0957683745,us,check_quality_intervals,16092312769,70.50149564317041,,,
anomaly_seed42_matrix_04,42,matrix,target_episode,False,missing_frame,timeout,16093026195,,0,1,13,,306431,299983.0957683745,us,check_quality_intervals,16092719764,70.9133366920461,,,
anomaly_seed42_matrix_04,42,matrix,target_episode,False,missing_frame,timeout,16097429098,,0,1,13,,312414,299983.0957683745,us,check_quality_intervals,16097116684,75.31602640924628,,,
anomaly_seed42_matrix_04,42,matrix,target_episode,False,frequency_decrease,frequency,16098144845,,0,1,13,,0,"{""min"": 5.000281753069822, ""max"": 15.000845259209466}",frames/window,check_quality_intervals,,76.03173873745736,16097144845,16098144845,
anomaly_seed42_matrix_04,42,matrix,target_recovery,False,period_violation,period,16098215084,,0,1,13,21731,1098400,"{""min"": 69996.0556792874, ""max"": 129992.6748329623}",us,check_quality_intervals,,76.1019743349804,,,
anomaly_seed42_matrix_04,42,matrix,target_recovery,False,statistical_deviation,three_sigma,16098215084,,0,1,13,21731,1098400,"{""mean"": 99994.36525612485, ""std"": 5335.312179171525, ""sigma"": 3.0}",us,check_quality_intervals,,76.1019743349804,,,
anomaly_seed42_matrix_04,42,matrix,target_episode,False,missing_frame,timeout,16102429011,,0,1,13,,312414,299983.0957683745,us,check_quality_intervals,16102116597,80.31569720644374,,,
anomaly_seed42_matrix_04,42,matrix,target_episode,False,frequency_decrease,frequency,16103144845,,0,1,13,,0,"{""min"": 5.000281753069822, ""max"": 15.000845259209466}",frames/window,check_quality_intervals,,81.03149653044078,16102144845,16103144845,
anomaly_seed42_matrix_04,42,matrix,target_recovery,False,period_violation,period,16107219958,,0,1,13,22677,5103361,"{""min"": 69996.0556792874, ""max"": 129992.6748329623}",us,check_quality_intervals,,85.10641212624735,,,
anomaly_seed42_matrix_04,42,matrix,target_recovery,False,statistical_deviation,three_sigma,16107219958,,0,1,13,22677,5103361,"{""mean"": 99994.36525612485, ""std"": 5335.312179171525, ""sigma"": 3.0}",us,check_quality_intervals,,85.10641212624735,,,
anomaly_seed42_matrix_04,42,matrix,target_episode,False,period_violation,period,16112113008,,0,1,26,23215,16175,"{""min"": 70006.41497772821, ""max"": 130011.9135300667}",us,check_quality_intervals,,89.99922510003944,,,
anomaly_seed42_matrix_04,42,matrix,target_episode,False,statistical_deviation,three_sigma,16112113008,,0,1,26,23215,16175,"{""mean"": 100009.16425389746, ""std"": 6859.905965583714, ""sigma"": 3.0}",us,check_quality_intervals,,89.99922510003944,,,
anomaly_seed42_matrix_04,42,matrix,target_episode,False,period_violation,period,16117115326,,0,1,26,23771,15999,"{""min"": 70006.41497772821, ""max"": 130011.9135300667}",us,check_quality_intervals,,95.0013007807346,,,
anomaly_seed42_matrix_04,42,matrix,target_episode,False,statistical_deviation,three_sigma,16117115326,,0,1,26,23771,15999,"{""mean"": 100009.16425389746, ""std"": 6859.905965583714, ""sigma"": 3.0}",us,check_quality_intervals,,95.0013007807346,,,
anomaly_seed42_matrix_04,42,matrix,target_episode,False,burst,burst,16117132744,,0,1,26,23777,4,"{""min_frames"": 4, ""max_interval_us"": 25002.291063474364}",frames,check_quality_intervals,,95.0187179369835,,,
anomaly_seed42_matrix_04,42,matrix,target_episode,False,frequency_increase,frequency,16118144845,,0,1,26,,27,"{""min"": 4.9995418292930545, ""max"": 14.998625487879163}",frames/window,check_quality_intervals,,96.03076990939103,16117144845,16118144845,
anomaly_seed42_matrix_04,42,matrix,target_episode,False,unknown_id,dbc,16125113121,,0,1,2045,24675,2045,ID in DBC or baseline,,check_quality_intervals,,102.9987083563225,,,
anomaly_seed42_matrix_04,42,matrix,target_episode,False,unknown_id,dbc,16130117612,,0,1,2045,25231,2045,ID in DBC or baseline,,check_quality_intervals,,108.00295693175525,,,
anomaly_seed42_matrix_04,42,matrix,target_episode,False,dlc_mismatch,dbc,16138121948,,0,1,13,26122,7,8,bytes,check_quality_intervals,,116.00690519048676,,,
anomaly_seed42_matrix_04,42,matrix,target_episode,False,period_violation,period,16138121948,,0,1,13,26122,542,"{""min"": 69996.0556792874, ""max"": 129992.6748329623}",us,check_quality_intervals,,116.00690519048676,,,
anomaly_seed42_matrix_04,42,matrix,target_episode,False,statistical_deviation,three_sigma,16138121948,,0,1,13,26122,542,"{""mean"": 99994.36525612485, ""std"": 5335.312179171525, ""sigma"": 3.0}",us,check_quality_intervals,,116.00690519048676,,,
anomaly_seed42_matrix_04,42,matrix,target_episode,False,dlc_mismatch,dbc,16138223947,,0,1,13,26136,7,8,bytes,check_quality_intervals,,116.10889924951249,,,
anomaly_seed42_matrix_04,42,matrix,target_episode,False,dlc_mismatch,dbc,16138319524,,0,1,13,26147,7,8,bytes,check_quality_intervals,,116.20447161962853,,,
anomaly_seed42_matrix_04,42,matrix,background_candidate,False,statistical_deviation,three_sigma,16142676307,,0,1,2026,26610,1012404,"{""mean"": 999962.2954545453, ""std"": 3434.6972446937166, ""sigma"": 3.0}",us,check_quality_intervals,,120.56104357094534,,,
anomaly_seed42_matrix_04,42,matrix,target_episode,False,dlc_mismatch,dbc,16146117303,,0,1,1034,26992,2,1,bytes,check_quality_intervals,,124.00187288427146,,,
anomaly_seed42_matrix_04,42,matrix,target_episode,False,signal_out_of_range,dbc,16154118582,,0,1,6,27881,101.0,"{""min"": -100, ""max"": 100}",%,check_quality_intervals,,132.00276429108663,,,AccuFunSpeedIncrease
anomaly_seed42_matrix_04,42,matrix,target_episode,False,signal_out_of_range,dbc,16170116301,,0,1,6,29657,110.0,"{""min"": -100, ""max"": 100}",%,check_quality_intervals,,147.99970833912926,,,AccuFunSpeedIncrease
anomaly_seed42_matrix_04,42,matrix,background_candidate,False,statistical_deviation,three_sigma,16173676783,,0,1,2026,30054,1011422,"{""mean"": 999962.2954545453, ""std"": 3434.6972446937166, ""sigma"": 3.0}",us,check_quality_intervals,,151.5600178643855,,,
anomaly_seed42_matrix_04,42,matrix,outside_run,True,missing_frame,timeout,16182323845,,0,1,13,,300229,299983.0957683745,us,check_quality_intervals,16182023616,160.20666098856765,,,
anomaly_seed42_matrix_04,42,matrix,outside_run,True,missing_frame,timeout,16182423845,,0,1,26,,322238,300027.4927616924,us,check_quality_intervals,16182101607,160.30665614442586,,,
anomaly_seed42_matrix_04,42,matrix,outside_run,True,missing_frame,timeout,16182423845,,0,1,1028,,324238,299993.79621380876,us,check_quality_intervals,16182099607,160.30665614442586,,,
anomaly_seed42_matrix_04,42,matrix,outside_run,True,missing_frame,timeout,16182423845,,0,1,1280,,347654,299952.3992204901,us,check_quality_intervals,16182076191,160.30665614442586,,,
anomaly_seed42_matrix_04,42,matrix,outside_run,True,missing_frame,timeout,16182423845,,0,1,1553,,392230,299985.0534521154,us,check_quality_intervals,16182031615,160.30665614442586,,,
anomaly_seed42_matrix_04,42,matrix,outside_run,True,missing_frame,timeout,16182423845,,0,1,1760,,331646,299966.2316258352,us,check_quality_intervals,16182092199,160.30665614442586,,,
anomaly_seed42_matrix_04,42,matrix,outside_run,True,missing_frame,timeout,16182623845,,0,1,1036,,609655,599983.1183035711,us,check_quality_intervals,16182014190,160.50664645614592,,,
anomaly_seed42_matrix_04,42,matrix,outside_run,True,missing_frame,timeout,16182623845,,0,1,1038,,680227,600039.2845982139,us,check_quality_intervals,16181943618,160.50664645614592,,,
anomaly_seed42_matrix_04,42,matrix,outside_run,True,missing_frame,timeout,16182623845,,0,1,1317,,657329,599980.1450892863,us,check_quality_intervals,16181966516,160.50664645614592,,,
anomaly_seed42_matrix_04,42,matrix,outside_run,True,frequency_decrease,frequency,16183424136,,0,1,13,,0,"{""min"": 5.000281753069822, ""max"": 15.000845259209466}",frames/window,check_quality_intervals,,161.30689868892637,16182424136,16183424136,
anomaly_seed42_matrix_04,42,matrix,outside_run,True,frequency_decrease,frequency,16183424136,,0,1,26,,0,"{""min"": 4.9995418292930545, ""max"": 14.998625487879163}",frames/window,check_quality_intervals,,161.30689868892637,16182424136,16183424136,
anomaly_seed42_matrix_04,42,matrix,outside_run,True,frequency_decrease,frequency,16183424136,,0,1,1028,,0,"{""min"": 5.000103398574729, ""max"": 15.000310195724186}",frames/window,check_quality_intervals,,161.30689868892637,16182424136,16183424136,
anomaly_seed42_matrix_04,42,matrix,outside_run,True,frequency_decrease,frequency,16183424136,,0,1,1036,,0,"{""min"": 2.5000703423809516, ""max"": 7.500211027142855}",frames/window,check_quality_intervals,,161.30689868892637,16182424136,16183424136,
anomaly_seed42_matrix_04,42,matrix,outside_run,True,frequency_decrease,frequency,16183424136,,0,1,1038,,0,"{""min"": 2.499836324890627, ""max"": 7.4995089746718815}",frames/window,check_quality_intervals,,161.30689868892637,16182424136,16183424136,
anomaly_seed42_matrix_04,42,matrix,outside_run,True,frequency_decrease,frequency,16183424136,,0,1,1280,,0,"{""min"": 5.00079347222482, ""max"": 15.002380416674459}",frames/window,check_quality_intervals,,161.30689868892637,16182424136,16183424136,
anomaly_seed42_matrix_04,42,matrix,outside_run,True,frequency_decrease,frequency,16183424136,,0,1,1317,,0,"{""min"": 2.5000827315323524, ""max"": 7.500248194597058}",frames/window,check_quality_intervals,,161.30689868892637,16182424136,16183424136,
anomaly_seed42_matrix_04,42,matrix,outside_run,True,frequency_decrease,frequency,16183424136,,0,1,1326,,0,"{""min"": 5.1434463549826503e-05, ""max"": 2.0000514344635496}",frames/window,check_quality_intervals,,161.30689868892637,16182424136,16183424136,
anomaly_seed42_matrix_04,42,matrix,outside_run,True,frequency_decrease,frequency,16183424136,,0,1,1553,,0,"{""min"": 5.000249121543101, ""max"": 15.000747364629303}",frames/window,check_quality_intervals,,161.30689868892637,16182424136,16183424136,
anomaly_seed42_matrix_04,42,matrix,outside_run,True,frequency_decrease,frequency,16183424136,,0,1,1760,,0,"{""min"": 5.0005628695933835, ""max"": 15.00168860878015}",frames/window,check_quality_intervals,,161.30689868892637,16182424136,16183424136,
anomaly_seed42_matrix_04,42,matrix,outside_run,True,frequency_decrease,frequency,16183424136,,0,1,2026,,0,"{""min"": 3.7705967141032914e-05, ""max"": 2.000037705967141}",frames/window,check_quality_intervals,,161.30689868892637,16182424136,16183424136,
anomaly_seed42_matrix_04,42,matrix,outside_run,False,missing_frame,timeout,16184523845,,0,1,1324,,3021636,3000086.5909090918,us,check_quality_intervals,16181502209,162.40655441747924,,,
anomaly_seed42_matrix_04,42,matrix,outside_run,False,missing_frame,timeout,16184623845,,0,1,1326,,3039073,2999845.7045454546,us,check_quality_intervals,16181584772,162.50654957333927,,,
anomaly_seed42_matrix_04,42,matrix,outside_run,False,missing_frame,timeout,16184723845,,0,1,2026,,3059203,2999886.886363636,us,check_quality_intervals,16181664642,162.6065447291993,,,
anomaly_seed42_matrix_04,42,matrix,outside_run,False,missing_frame,timeout,16185123845,,0,1,1327,,3070655,3000158.3181818193,us,check_quality_intervals,16182053190,163.00652535263762,,,
anomaly_seed42_matrix_04,42,matrix,outside_run,True,missing_frame,timeout,16204122845,,0,1,13,,300000,299983.0957683745,us,check_quality_intervals,,182.0046050144158,,,
anomaly_seed42_matrix_04,42,matrix,outside_run,True,missing_frame,timeout,16204122845,,0,1,1028,,300000,299993.79621380876,us,check_quality_intervals,,182.0046050144158,,,
anomaly_seed42_matrix_04,42,matrix,outside_run,True,missing_frame,timeout,16204122845,,0,1,1280,,300000,299952.3992204901,us,check_quality_intervals,,182.0046050144158,,,
anomaly_seed42_matrix_04,42,matrix,outside_run,True,missing_frame,timeout,16204122845,,0,1,1553,,300000,299985.0534521154,us,check_quality_intervals,,182.0046050144158,,,
anomaly_seed42_matrix_04,42,matrix,outside_run,True,missing_frame,timeout,16204122845,,0,1,1760,,300000,299966.2316258352,us,check_quality_intervals,,182.0046050144158,,,
anomaly_seed42_matrix_04,42,matrix,outside_run,True,missing_frame,timeout,16204222845,,0,1,26,,400000,300027.4927616924,us,check_quality_intervals,,182.10460017027583,,,
anomaly_seed42_matrix_04,42,matrix,outside_run,True,missing_frame,timeout,16204422845,,0,1,1036,,600000,599983.1183035711,us,check_quality_intervals,,182.30459048199407,,,
anomaly_seed42_matrix_04,42,matrix,outside_run,True,missing_frame,timeout,16204422845,,0,1,1317,,600000,599980.1450892863,us,check_quality_intervals,,182.30459048199407,,,
anomaly_seed42_matrix_04,42,matrix,outside_run,True,missing_frame,timeout,16204522848,,0,1,1038,,700003,600039.2845982139,us,check_quality_intervals,,182.4045886377098,,,
anomaly_seed42_matrix_04,42,matrix,outside_run,True,frequency_decrease,frequency,16204822845,,0,1,13,,0,"{""min"": 5.000281753069822, ""max"": 15.000845259209466}",frames/window,check_quality_intervals,,182.7045711054342,16203822845,16204822845,
anomaly_seed42_matrix_04,42,matrix,outside_run,True,frequency_decrease,frequency,16204822845,,0,1,26,,0,"{""min"": 4.9995418292930545, ""max"": 14.998625487879163}",frames/window,check_quality_intervals,,182.7045711054342,16203822845,16204822845,
anomaly_seed42_matrix_04,42,matrix,outside_run,True,frequency_decrease,frequency,16204822845,,0,1,1028,,0,"{""min"": 5.000103398574729, ""max"": 15.000310195724186}",frames/window,check_quality_intervals,,182.7045711054342,16203822845,16204822845,
anomaly_seed42_matrix_04,42,matrix,outside_run,True,frequency_decrease,frequency,16204822845,,0,1,1036,,0,"{""min"": 2.5000703423809516, ""max"": 7.500211027142855}",frames/window,check_quality_intervals,,182.7045711054342,16203822845,16204822845,
anomaly_seed42_matrix_04,42,matrix,outside_run,True,frequency_decrease,frequency,16204822845,,0,1,1038,,0,"{""min"": 2.499836324890627, ""max"": 7.4995089746718815}",frames/window,check_quality_intervals,,182.7045711054342,16203822845,16204822845,
anomaly_seed42_matrix_04,42,matrix,outside_run,True,frequency_decrease,frequency,16204822845,,0,1,1280,,0,"{""min"": 5.00079347222482, ""max"": 15.002380416674459}",frames/window,check_quality_intervals,,182.7045711054342,16203822845,16204822845,
anomaly_seed42_matrix_04,42,matrix,outside_run,True,frequency_decrease,frequency,16204822845,,0,1,1317,,0,"{""min"": 2.5000827315323524, ""max"": 7.500248194597058}",frames/window,check_quality_intervals,,182.7045711054342,16203822845,16204822845,
anomaly_seed42_matrix_04,42,matrix,outside_run,True,frequency_decrease,frequency,16204822845,,0,1,1326,,0,"{""min"": 5.1434463549826503e-05, ""max"": 2.0000514344635496}",frames/window,check_quality_intervals,,182.7045711054342,16203822845,16204822845,
anomaly_seed42_matrix_04,42,matrix,outside_run,True,frequency_decrease,frequency,16204822845,,0,1,1553,,0,"{""min"": 5.000249121543101, ""max"": 15.000747364629303}",frames/window,check_quality_intervals,,182.7045711054342,16203822845,16204822845,
anomaly_seed42_matrix_04,42,matrix,outside_run,True,frequency_decrease,frequency,16204822845,,0,1,1760,,0,"{""min"": 5.0005628695933835, ""max"": 15.00168860878015}",frames/window,check_quality_intervals,,182.7045711054342,16203822845,16204822845,
anomaly_seed42_matrix_04,42,matrix,outside_run,True,frequency_decrease,frequency,16204822845,,0,1,2026,,0,"{""min"": 3.7705967141032914e-05, ""max"": 2.000037705967141}",frames/window,check_quality_intervals,,182.7045711054342,16203822845,16204822845,
anomaly_seed42_matrix_04,42,matrix,outside_run,True,missing_frame,timeout,16206822845,,0,1,1326,,3000000,2999845.7045454546,us,check_quality_intervals,,184.70447422262757,,,
anomaly_seed42_matrix_04,42,matrix,outside_run,True,missing_frame,timeout,16206822845,,0,1,2026,,3000000,2999886.886363636,us,check_quality_intervals,,184.70447422262757,,,
anomaly_seed42_matrix_04,42,matrix,outside_run,False,missing_frame,timeout,16206922845,,0,1,1324,,3100000,3000086.5909090918,us,check_quality_intervals,,184.80446937848578,,,
anomaly_seed42_matrix_04,42,matrix,outside_run,False,missing_frame,timeout,16206922845,,0,1,1327,,3100000,3000158.3181818193,us,check_quality_intervals,,184.80446937848578,,,
anomaly_seed550994_matrix_01,550994,matrix,outside_run,False,missing_frame,timeout,1654039829,,0,1,27,,300000,299998.040578099,us,check_quality_intervals,,-3.242521030067117,,,
anomaly_seed550994_matrix_01,550994,matrix,outside_run,False,missing_frame,timeout,1654039829,,0,1,1025,,300000,299994.6987215121,us,check_quality_intervals,,-3.242521030067117,,,
anomaly_seed550994_matrix_01,550994,matrix,outside_run,False,missing_frame,timeout,1654039829,,0,1,1425,,300000,299998.040578099,us,check_quality_intervals,,-3.242521030067117,,,
anomaly_seed550994_matrix_01,550994,matrix,outside_run,False,missing_frame,timeout,1654039829,,0,1,1553,,300000,299999.8533333333,us,check_quality_intervals,,-3.242521030067117,,,
anomaly_seed550994_matrix_01,550994,matrix,outside_run,False,missing_frame,timeout,1654039829,,0,1,2021,,300000,299986.63757643115,us,check_quality_intervals,,-3.242521030067117,,,
anomaly_seed550994_matrix_01,550994,matrix,outside_run,False,missing_frame,timeout,1654139829,,0,1,17,,400000,300008.7915508616,us,check_quality_intervals,,-3.14251677301099,,,
anomaly_seed550994_matrix_01,550994,matrix,outside_run,False,missing_frame,timeout,1654139829,,0,1,96,,400000,300002.12618121144,us,check_quality_intervals,,-3.14251677301099,,,
anomaly_seed550994_matrix_01,550994,matrix,outside_run,False,missing_frame,timeout,1654339829,,0,1,1037,,600000,599947.8987764185,us,check_quality_intervals,,-2.9425082588985094,,,
anomaly_seed550994_matrix_01,550994,matrix,outside_run,False,frequency_decrease,frequency,1654739829,,0,1,10,,0,"{""min"": 7.446982831504911e-06, ""max"": 2.0000074469828313}",frames/window,check_quality_intervals,,-2.5424912306735483,1653739829,1654739829,
anomaly_seed550994_matrix_01,550994,matrix,outside_run,False,frequency_decrease,frequency,1654739829,,0,1,17,,0,"{""min"": 4.999853478446146, ""max"": 14.999560435338438}",frames/window,check_quality_intervals,,-2.5424912306735483,1653739829,1654739829,
anomaly_seed550994_matrix_01,550994,matrix,outside_run,False,frequency_decrease,frequency,1654739829,,0,1,27,,0,"{""min"": 5.00003265724498, ""max"": 15.000097971734942}",frames/window,check_quality_intervals,,-2.5424912306735483,1653739829,1654739829,
anomaly_seed550994_matrix_01,550994,matrix,outside_run,False,frequency_decrease,frequency,1654739829,,0,1,96,,0,"{""min"": 4.999964563897621, ""max"": 14.999893691692865}",frames/window,check_quality_intervals,,-2.5424912306735483,1653739829,1654739829,
anomaly_seed550994_matrix_01,550994,matrix,outside_run,False,frequency_decrease,frequency,1654739829,,0,1,1025,,0,"{""min"": 5.0000883562028005, ""max"": 15.000265068608401}",frames/window,check_quality_intervals,,-2.5424912306735483,1653739829,1654739829,
anomaly_seed550994_matrix_01,550994,matrix,outside_run,False,frequency_decrease,frequency,1654739829,,0,1,1037,,0,"{""min"": 2.5002171072841812, ""max"": 7.500651321852544}",frames/window,check_quality_intervals,,-2.5424912306735483,1653739829,1654739829,
anomaly_seed550994_matrix_01,550994,matrix,outside_run,False,frequency_decrease,frequency,1654739829,,0,1,1325,,0,"{""min"": 6.463728929873014e-06, ""max"": 2.00000646372893}",frames/window,check_quality_intervals,,-2.5424912306735483,1653739829,1654739829,
anomaly_seed550994_matrix_01,550994,matrix,outside_run,False,frequency_decrease,frequency,1654739829,,0,1,1329,,0,"{""min"": 3.738128557650988e-05, ""max"": 2.0000373812855763}",frames/window,check_quality_intervals,,-2.5424912306735483,1653739829,1654739829,
anomaly_seed550994_matrix_01,550994,matrix,outside_run,False,frequency_decrease,frequency,1654739829,,0,1,1425,,0,"{""min"": 5.00003265724498, ""max"": 15.000097971734942}",frames/window,check_quality_intervals,,-2.5424912306735483,1653739829,1654739829,
anomaly_seed550994_matrix_01,550994,matrix,outside_run,False,frequency_decrease,frequency,1654739829,,0,1,1553,,0,"{""min"": 5.000002444445641, ""max"": 15.00000733333692}",frames/window,check_quality_intervals,,-2.5424912306735483,1653739829,1654739829,
anomaly_seed550994_matrix_01,550994,matrix,outside_run,False,frequency_decrease,frequency,1654739829,,0,1,1881,,0,"{""min"": 4.1229220260063926e-06, ""max"": 2.000004122922026}",frames/window,check_quality_intervals,,-2.5424912306735483,1653739829,1654739829,
anomaly_seed550994_matrix_01,550994,matrix,outside_run,False,frequency_decrease,frequency,1654739829,,0,1,2021,,0,"{""min"": 5.00022271697961, ""max"": 15.000668150938829}",frames/window,check_quality_intervals,,-2.5424912306735483,1653739829,1654739829,
anomaly_seed550994_matrix_01,550994,matrix,outside_run,False,missing_frame,timeout,1656739829,,0,1,10,,3000000,2999977.659217877,us,check_quality_intervals,,-0.542406089549197,,,
anomaly_seed550994_matrix_01,550994,matrix,outside_run,False,missing_frame,timeout,1656739829,,0,1,1325,,3000000,2999980.608938549,us,check_quality_intervals,,-0.542406089549197,,,
anomaly_seed550994_matrix_01,550994,matrix,outside_run,False,missing_frame,timeout,1656739829,,0,1,1329,,3000000,2999887.860335195,us,check_quality_intervals,,-0.542406089549197,,,
anomaly_seed550994_matrix_01,550994,matrix,outside_run,False,missing_frame,timeout,1656739829,,0,1,1881,,3000000,2999987.6312849172,us,check_quality_intervals,,-0.542406089549197,,,
anomaly_seed550994_matrix_01,550994,matrix,boundary_guard,False,statistical_deviation,three_sigma,1660198141,,0,1,1881,39165,1011422,"{""mean"": 999995.8770949724, ""std"": 2718.9869676307303, ""sigma"": 3.0}",us,check_quality_intervals,,2.9160531327367996,,,
anomaly_seed550994_matrix_01,550994,matrix,background_candidate,False,statistical_deviation,three_sigma,1665194053,,0,1,1881,39718,1011004,"{""mean"": 999995.8770949724, ""std"": 2718.9869676307303, ""sigma"": 3.0}",us,check_quality_intervals,,7.912177811519081,,,
anomaly_seed550994_matrix_01,550994,matrix,background_candidate,False,statistical_deviation,three_sigma,1667824054,,0,1,2021,40006,114916,"{""mean"": 99995.54585881038, ""std"": 4537.376146841342, ""sigma"": 3.0}",us,check_quality_intervals,,10.542290772140166,,,
anomaly_seed550994_matrix_01,550994,matrix,target_episode,False,period_violation,period,1672276844,,0,1,17,40500,18417,"{""min"": 70002.0513618677, ""max"": 130003.80967204004}",us,check_quality_intervals,,14.995270329913767,,,
anomaly_seed550994_matrix_01,550994,matrix,target_episode,False,statistical_deviation,three_sigma,1672276844,,0,1,17,40500,18417,"{""mean"": 100002.93051695387, ""std"": 5926.439876609726, ""sigma"": 3.0}",us,check_quality_intervals,,14.995270329913767,,,
anomaly_seed550994_matrix_01,550994,matrix,target_episode,False,period_violation,period,1672512419,,0,1,17,40525,69999,"{""min"": 70002.0513618677, ""max"": 130003.80967204004}",us,check_quality_intervals,,15.230855358473876,,,
anomaly_seed550994_matrix_01,550994,matrix,target_episode,False,statistical_deviation,three_sigma,1672512419,,0,1,17,40525,69999,"{""mean"": 100002.93051695387, ""std"": 5926.439876609726, ""sigma"": 3.0}",us,check_quality_intervals,,15.230855358473876,,,
anomaly_seed550994_matrix_01,550994,matrix,target_episode,False,statistical_deviation,three_sigma,1672677415,,0,1,17,40546,80998,"{""mean"": 100002.93051695387, ""std"": 5926.439876609726, ""sigma"": 3.0}",us,check_quality_intervals,,15.395858382446555,,,
anomaly_seed550994_matrix_01,550994,matrix,other_id_during_episode,False,statistical_deviation,three_sigma,1672708941,,0,1,2021,40549,85887,"{""mean"": 99995.54585881038, ""std"": 4537.376146841342, ""sigma"": 3.0}",us,check_quality_intervals,,15.427385724526083,,,
anomaly_seed550994_matrix_01,550994,matrix,target_episode,False,statistical_deviation,three_sigma,1672837995,,0,1,17,40562,78000,"{""mean"": 100002.93051695387, ""std"": 5926.439876609726, ""sigma"": 3.0}",us,check_quality_intervals,,15.556445218427411,,,
anomaly_seed550994_matrix_01,550994,matrix,target_episode,False,statistical_deviation,three_sigma,1673150410,,0,1,17,40601,75000,"{""mean"": 100002.93051695387, ""std"": 5926.439876609726, ""sigma"": 3.0}",us,check_quality_intervals,,15.868873518109467,,,
anomaly_seed550994_matrix_01,550994,matrix,target_episode,False,statistical_deviation,three_sigma,1673398406,,0,1,17,40625,77999,"{""mean"": 100002.93051695387, ""std"": 5926.439876609726, ""sigma"": 3.0}",us,check_quality_intervals,,16.11688007543866,,,
anomaly_seed550994_matrix_01,550994,matrix,target_episode,False,statistical_deviation,three_sigma,1673626399,,0,1,17,40653,71578,"{""mean"": 100002.93051695387, ""std"": 5926.439876609726, ""sigma"": 3.0}",us,check_quality_intervals,,16.34488278122881,,,
anomaly_seed550994_matrix_01,550994,matrix,target_episode,False,statistical_deviation,three_sigma,1673800816,,0,1,17,40670,79416,"{""mean"": 100002.93051695387, ""std"": 5926.439876609726, ""sigma"": 3.0}",us,check_quality_intervals,,16.519307206258503,,,
anomaly_seed550994_matrix_01,550994,matrix,target_episode,False,statistical_deviation,three_sigma,1674196392,,0,1,17,40716,77000,"{""mean"": 100002.93051695387, ""std"": 5926.439876609726, ""sigma"": 3.0}",us,check_quality_intervals,,16.914900046151327,,,
anomaly_seed550994_matrix_01,550994,matrix,target_episode,False,statistical_deviation,three_sigma,1674437825,,0,1,17,40742,80000,"{""mean"": 100002.93051695387, ""std"": 5926.439876609726, ""sigma"": 3.0}",us,check_quality_intervals,,17.15634332408978,,,
anomaly_seed550994_matrix_01,550994,matrix,target_episode,False,statistical_deviation,three_sigma,1674917839,,0,1,17,40797,75882,"{""mean"": 100002.93051695387, ""std"": 5926.439876609726, ""sigma"": 3.0}",us,check_quality_intervals,,17.636377758555597,,,
anomaly_seed550994_matrix_01,550994,matrix,target_episode,False,statistical_deviation,three_sigma,1675150966,,0,1,17,40828,75152,"{""mean"": 100002.93051695387, ""std"": 5926.439876609726, ""sigma"": 3.0}",us,check_quality_intervals,,17.86951468290301,,,
anomaly_seed550994_matrix_01,550994,matrix,target_episode,False,statistical_deviation,three_sigma,1675315811,,0,1,17,40843,74440,"{""mean"": 100002.93051695387, ""std"": 5926.439876609726, ""sigma"": 3.0}",us,check_quality_intervals,,18.034366700447347,,,
anomaly_seed550994_matrix_01,550994,matrix,target_episode,False,statistical_deviation,three_sigma,1675719813,,0,1,17,40888,80450,"{""mean"": 100002.93051695387, ""std"": 5926.439876609726, ""sigma"": 3.0}",us,check_quality_intervals,,18.4383858990396,,,
anomaly_seed550994_matrix_01,550994,matrix,target_episode,False,statistical_deviation,three_sigma,1676192776,,0,1,17,40943,75420,"{""mean"": 100002.93051695387, ""std"": 5926.439876609726, ""sigma"": 3.0}",us,check_quality_intervals,,18.91136903334056,,,
anomaly_seed550994_matrix_01,550994,matrix,target_episode,False,period_violation,period,1676430771,,0,1,17,40969,69419,"{""min"": 70002.0513618677, ""max"": 130003.80967204004}",us,check_quality_intervals,,19.14937416492146,,,
anomaly_seed550994_matrix_01,550994,matrix,target_episode,False,statistical_deviation,three_sigma,1676430771,,0,1,17,40969,69419,"{""mean"": 100002.93051695387, ""std"": 5926.439876609726, ""sigma"": 3.0}",us,check_quality_intervals,,19.14937416492146,,,
anomaly_seed550994_matrix_01,550994,matrix,other_id_during_episode,False,statistical_deviation,three_sigma,1676623443,,0,1,1325,40991,1009985,"{""mean"": 999993.5363128497, ""std"": 2937.5816151875874, ""sigma"": 3.0}",us,check_quality_intervals,,19.342054367076717,,,
anomaly_seed550994_matrix_01,550994,matrix,target_episode,False,statistical_deviation,three_sigma,1676837781,,0,1,17,41014,77016,"{""mean"": 100002.93051695387, ""std"": 5926.439876609726, ""sigma"": 3.0}",us,check_quality_intervals,,19.55640149156587,,,
anomaly_seed550994_matrix_01,550994,matrix,target_episode,False,statistical_deviation,three_sigma,1677150337,,0,1,17,41053,74998,"{""mean"": 100002.93051695387, ""std"": 5926.439876609726, ""sigma"": 3.0}",us,check_quality_intervals,,19.86897079725059,,,
anomaly_seed550994_matrix_01,550994,matrix,target_episode,False,statistical_deviation,three_sigma,1677317337,,0,1,17,41068,74579,"{""mean"": 100002.93051695387, ""std"": 5926.439876609726, ""sigma"": 3.0}",us,check_quality_intervals,,20.035977906534388,,,
anomaly_seed550994_matrix_01,550994,matrix,target_episode,False,statistical_deviation,three_sigma,1677720328,,0,1,17,41113,79467,"{""mean"": 100002.93051695387, ""std"": 5926.439876609726, ""sigma"": 3.0}",us,check_quality_intervals,,20.438986062087967,,,
anomaly_seed550994_matrix_01,550994,matrix,other_id_during_episode,False,statistical_deviation,three_sigma,1678197823,,0,1,1881,41167,1009982,"{""mean"": 999995.8770949724, ""std"": 2718.9869676307303, ""sigma"": 3.0}",us,check_quality_intervals,,20.916501389318416,,,
anomaly_seed550994_matrix_01,550994,matrix,target_recovery,False,period_violation,period,1678358321,,0,1,17,41188,160001,"{""min"": 70002.0513618677, ""max"": 130003.80967204004}",us,check_quality_intervals,,21.077006221808464,,,
anomaly_seed550994_matrix_01,550994,matrix,target_recovery,False,statistical_deviation,three_sigma,1678358321,,0,1,17,41188,160001,"{""mean"": 100002.93051695387, ""std"": 5926.439876609726, ""sigma"": 3.0}",us,check_quality_intervals,,21.077006221808464,,,
anomaly_seed550994_matrix_01,550994,matrix,background_candidate,False,statistical_deviation,three_sigma,1681195770,,0,1,1881,41486,1011953,"{""mean"": 999995.8770949724, ""std"": 2718.9869676307303, ""sigma"": 3.0}",us,check_quality_intervals,,23.914576013607643,,,
anomaly_seed550994_matrix_01,550994,matrix,background_candidate,False,statistical_deviation,three_sigma,1681823807,,0,1,2021,41554,113864,"{""mean"": 99995.54585881038, ""std"": 4537.376146841342, ""sigma"": 3.0}",us,check_quality_intervals,,24.542639749495752,,,
anomaly_seed550994_matrix_01,550994,matrix,target_episode,False,period_violation,period,1682274250,,0,1,17,41607,17998,"{""min"": 70002.0513618677, ""max"": 130003.80967204004}",us,check_quality_intervals,,24.99310192510744,,,
anomaly_seed550994_matrix_01,550994,matrix,target_episode,False,statistical_deviation,three_sigma,1682274250,,0,1,17,41607,17998,"{""mean"": 100002.93051695387, ""std"": 5926.439876609726, ""sigma"": 3.0}",us,check_quality_intervals,,24.99310192510744,,,
anomaly_seed550994_matrix_01,550994,matrix,target_episode,False,frequency_increase,frequency,1682739829,,0,1,17,,16,"{""min"": 4.999853478446146, ""max"": 14.999560435338438}",frames/window,check_quality_intervals,,25.458700745067368,1681739829,1682739829,
anomaly_seed550994_matrix_01,550994,matrix,target_episode,False,period_violation,period,1692273656,,0,1,17,42771,18136,"{""min"": 70002.0513618677, ""max"": 130003.80967204004}",us,check_quality_intervals,,34.99293360544242,,,
anomaly_seed550994_matrix_01,550994,matrix,target_episode,False,statistical_deviation,three_sigma,1692273656,,0,1,17,42771,18136,"{""mean"": 100002.93051695387, ""std"": 5926.439876609726, ""sigma"": 3.0}",us,check_quality_intervals,,34.99293360544242,,,
anomaly_seed550994_matrix_01,550994,matrix,target_episode,False,burst,burst,1692673066,,0,1,17,42828,4,"{""min_frames"": 4, ""max_interval_us"": 25000.732629238468}",frames,check_quality_intervals,,35.392360608550646,,,
anomaly_seed550994_matrix_01,550994,matrix,target_episode,False,frequency_increase,frequency,1692739829,,0,1,17,,25,"{""min"": 4.999853478446146, ""max"": 14.999560435338438}",frames/window,check_quality_intervals,,35.459126450689126,1691739829,1692739829,
anomaly_seed550994_matrix_01,550994,matrix,target_episode,False,burst,burst,1692994060,,0,1,17,42871,4,"{""min_frames"": 4, ""max_interval_us"": 25000.732629238468}",frames,check_quality_intervals,,35.71336827344561,,,
anomaly_seed550994_matrix_01,550994,matrix,target_episode,False,burst,burst,1693167500,,0,1,17,42898,4,"{""min_frames"": 4, ""max_interval_us"": 25000.732629238468}",frames,check_quality_intervals,,35.88681565688394,,,
anomaly_seed550994_matrix_01,550994,matrix,target_episode,False,burst,burst,1693996488,,0,1,17,43008,4,"{""min_frames"": 4, ""max_interval_us"": 25000.732629238468}",frames,check_quality_intervals,,36.715838947369114,,,
anomaly_seed550994_matrix_01,550994,matrix,target_episode,False,burst,burst,1694518034,,0,1,17,43082,4,"{""min_frames"": 4, ""max_interval_us"": 25000.732629238468}",frames,check_quality_intervals,,37.23740714987548,,,
anomaly_seed550994_matrix_01,550994,matrix,target_episode,False,burst,burst,1694994026,,0,1,17,43150,4,"{""min_frames"": 4, ""max_interval_us"": 25000.732629238468}",frames,check_quality_intervals,,37.713419413122644,,,
anomaly_seed550994_matrix_01,550994,matrix,target_episode,False,burst,burst,1695571013,,0,1,17,43233,4,"{""min_frames"": 4, ""max_interval_us"": 25000.732629238468}",frames,check_quality_intervals,,38.29043097578352,,,
anomaly_seed550994_matrix_01,550994,matrix,target_episode,False,burst,burst,1695995445,,0,1,17,43290,4,"{""min_frames"": 4, ""max_interval_us"": 25000.732629238468}",frames,check_quality_intervals,,38.71488104409239,,,
anomaly_seed550994_matrix_01,550994,matrix,target_episode,False,burst,burst,1696994582,,0,1,17,43430,4,"{""min_frames"": 4, ""max_interval_us"": 25000.732629238468}",frames,check_quality_intervals,,39.714060577916186,,,
anomaly_seed550994_matrix_01,550994,matrix,target_episode,False,burst,burst,1697995414,,0,1,17,43570,4,"{""min_frames"": 4, ""max_interval_us"": 25000.732629238468}",frames,check_quality_intervals,,40.71493518389702,,,
anomaly_seed550994_matrix_01,550994,matrix,background_candidate,False,statistical_deviation,three_sigma,1701823591,,0,1,2021,43999,113996,"{""mean"": 99995.54585881038, ""std"": 4537.376146841342, ""sigma"": 3.0}",us,check_quality_intervals,,44.543275151544115,,,
anomaly_seed550994_matrix_01,550994,matrix,target_episode,False,period_violation,period,1702274319,,0,1,17,44052,17825,"{""min"": 70002.0513618677, ""max"": 130003.80967204004}",us,check_quality_intervals,,44.994022339288485,,,
anomaly_seed550994_matrix_01,550994,matrix,target_episode,False,statistical_deviation,three_sigma,1702274319,,0,1,17,44052,17825,"{""mean"": 100002.93051695387, ""std"": 5926.439876609726, ""sigma"": 3.0}",us,check_quality_intervals,,44.994022339288485,,,
anomaly_seed550994_matrix_01,550994,matrix,target_episode,False,period_violation,period,1703403878,,0,1,17,44172,132997,"{""min"": 70002.0513618677, ""max"": 130003.80967204004}",us,check_quality_intervals,,46.1236294252501,,,
anomaly_seed550994_matrix_01,550994,matrix,target_episode,False,statistical_deviation,three_sigma,1703403878,,0,1,17,44172,132997,"{""mean"": 100002.93051695387, ""std"": 5926.439876609726, ""sigma"": 3.0}",us,check_quality_intervals,,46.1236294252501,,,
anomaly_seed550994_matrix_01,550994,matrix,target_episode,False,period_violation,period,1703898868,,0,1,17,44225,131998,"{""min"": 70002.0513618677, ""max"": 130003.80967204004}",us,check_quality_intervals,,46.618640497252585,,,
anomaly_seed550994_matrix_01,550994,matrix,other_id_during_episode,False,statistical_deviation,three_sigma,1704182348,,0,1,1881,44259,990821,"{""mean"": 999995.8770949724, ""std"": 2718.9869676307303, ""sigma"": 3.0}",us,check_quality_intervals,,46.902132565155604,,,
anomaly_seed550994_matrix_01,550994,matrix,target_episode,False,period_violation,period,1704277301,,0,1,17,44269,132438,"{""min"": 70002.0513618677, ""max"": 130003.80967204004}",us,check_quality_intervals,,46.99708960735823,,,
anomaly_seed550994_matrix_01,550994,matrix,target_episode,False,period_violation,period,1704778273,,0,1,17,44324,131419,"{""min"": 70002.0513618677, ""max"": 130003.80967204004}",us,check_quality_intervals,,47.498082934017724,,,
anomaly_seed550994_matrix_01,550994,matrix,target_episode,False,period_violation,period,1705027851,,0,1,17,44350,131001,"{""min"": 70002.0513618677, ""max"": 130003.80967204004}",us,check_quality_intervals,,47.747671558693646,,,
anomaly_seed550994_matrix_01,550994,matrix,other_id_during_episode,False,statistical_deviation,three_sigma,1705322543,,0,1,2021,44382,113998,"{""mean"": 99995.54585881038, ""std"": 4537.376146841342, ""sigma"": 3.0}",us,check_quality_intervals,,48.042376103897695,,,
anomaly_seed550994_matrix_01,550994,matrix,target_episode,False,period_violation,period,1705407842,,0,1,17,44390,135578,"{""min"": 70002.0513618677, ""max"": 130003.80967204004}",us,check_quality_intervals,,48.12767873512416,,,
anomaly_seed550994_matrix_01,550994,matrix,target_episode,False,statistical_deviation,three_sigma,1705407842,,0,1,17,44390,135578,"{""mean"": 100002.93051695387, ""std"": 5926.439876609726, ""sigma"": 3.0}",us,check_quality_intervals,,48.12767873512416,,,
anomaly_seed550994_matrix_01,550994,matrix,target_episode,False,period_violation,period,1705649837,,0,1,17,44421,131578,"{""min"": 70002.0513618677, ""max"": 130003.80967204004}",us,check_quality_intervals,,48.36968403698721,,,
anomaly_seed550994_matrix_01,550994,matrix,target_episode,False,statistical_deviation,three_sigma,1705649837,,0,1,17,44421,131578,"{""mean"": 100002.93051695387, ""std"": 5926.439876609726, ""sigma"": 3.0}",us,check_quality_intervals,,48.36968403698721,,,
anomaly_seed550994_matrix_01,550994,matrix,target_episode,False,period_violation,period,1706275276,,0,1,17,44487,132447,"{""min"": 70002.0513618677, ""max"": 130003.80967204004}",us,check_quality_intervals,,48.995149662277186,,,
anomaly_seed550994_matrix_01,550994,matrix,target_episode,False,period_violation,period,1706905815,,0,1,17,44551,132554,"{""min"": 70002.0513618677, ""max"": 130003.80967204004}",us,check_quality_intervals,,49.62571550467689,,,
anomaly_seed550994_matrix_01,550994,matrix,target_episode,False,statistical_deviation,three_sigma,1707144233,,0,1,17,44583,124838,"{""mean"": 100002.93051695387, ""std"": 5926.439876609726, ""sigma"": 3.0}",us,check_quality_intervals,,49.86414365426509,,,
anomaly_seed550994_matrix_01,550994,matrix,target_episode,False,period_violation,period,1707277249,,0,1,17,44595,133016,"{""min"": 70002.0513618677, ""max"": 130003.80967204004}",us,check_quality_intervals,,49.99716531683099,,,
anomaly_seed550994_matrix_01,550994,matrix,target_episode,False,period_violation,period,1707906798,,0,1,17,44659,133995,"{""min"": 70002.0513618677, ""max"": 130003.80967204004}",us,check_quality_intervals,,50.626741117085835,,,
anomaly_seed550994_matrix_01,550994,matrix,target_episode,False,statistical_deviation,three_sigma,1708145793,,0,1,17,44691,123576,"{""mean"": 100002.93051695387, ""std"": 5926.439876609726, ""sigma"": 3.0}",us,check_quality_intervals,,50.86574629123727,,,
anomaly_seed550994_matrix_01,550994,matrix,other_id_during_episode,False,statistical_deviation,three_sigma,1708183308,,0,1,1881,44693,985013,"{""mean"": 999995.8770949724, ""std"": 2718.9869676307303, ""sigma"": 3.0}",us,check_quality_intervals,,50.9032628882719,,,
anomaly_seed550994_matrix_01,550994,matrix,target_recovery,False,period_violation,period,1708358793,,0,1,17,44713,213000,"{""min"": 70002.0513618677, ""max"": 130003.80967204004}",us,check_quality_intervals,,51.07875535876721,,,
anomaly_seed550994_matrix_01,550994,matrix,background_candidate,False,statistical_deviation,three_sigma,1710123302,,0,1,2021,44903,113996,"{""mean"": 99995.54585881038, ""std"": 4537.376146841342, ""sigma"": 3.0}",us,check_quality_intervals,,52.84333947490717,,,
anomaly_seed550994_matrix_01,550994,matrix,target_episode,False,period_violation,period,1712273724,,0,1,17,45144,17999,"{""min"": 70002.0513618677, ""max"": 130003.80967204004}",us,check_quality_intervals,,54.993853019580555,,,
anomaly_seed550994_matrix_01,550994,matrix,target_episode,False,statistical_deviation,three_sigma,1712273724,,0,1,17,45144,17999,"{""mean"": 100002.93051695387, ""std"": 5926.439876609726, ""sigma"": 3.0}",us,check_quality_intervals,,54.993853019580555,,,
anomaly_seed550994_matrix_01,550994,matrix,other_id_during_episode,False,statistical_deviation,three_sigma,1717184701,,0,1,1881,45662,987402,"{""mean"": 999995.8770949724, ""std"": 2718.9869676307303, ""sigma"": 3.0}",us,check_quality_intervals,,59.90503908263228,,,
anomaly_seed550994_matrix_01,550994,matrix,background_candidate,False,statistical_deviation,three_sigma,1722194032,,0,1,1881,46207,1009931,"{""mean"": 999995.8770949724, ""std"": 2718.9869676307303, ""sigma"": 3.0}",us,check_quality_intervals,,64.91458333266928,,,
anomaly_seed550994_matrix_01,550994,matrix,target_episode,False,period_violation,period,1722268549,,0,1,17,46218,19000,"{""min"": 70002.0513618677, ""max"": 130003.80967204004}",us,check_quality_intervals,,64.98910350489965,,,
anomaly_seed550994_matrix_01,550994,matrix,target_episode,False,statistical_deviation,three_sigma,1722268549,,0,1,17,46218,19000,"{""mean"": 100002.93051695387, ""std"": 5926.439876609726, ""sigma"": 3.0}",us,check_quality_intervals,,64.98910350489965,,,
anomaly_seed550994_matrix_01,550994,matrix,target_episode,False,missing_frame,timeout,1722615645,,0,1,17,,347096,300008.7915508616,us,check_quality_intervals,1722268549,65.33621428097169,,,
anomaly_seed550994_matrix_01,550994,matrix,target_episode,False,missing_frame,timeout,1723011637,,0,1,17,,339098,300008.7915508616,us,check_quality_intervals,1722672539,65.73222313857372,,,
anomaly_seed550994_matrix_01,550994,matrix,target_episode,False,missing_frame,timeout,1723405070,,0,1,17,,322945,300008.7915508616,us,check_quality_intervals,1723082125,66.12567288723767,,,
anomaly_seed550994_matrix_01,550994,matrix,target_episode,False,frequency_decrease,frequency,1723739829,,0,1,17,,2,"{""min"": 4.999853478446146, ""max"": 14.999560435338438}",frames/window,check_quality_intervals,,66.46044613811657,1722739829,1723739829,
anomaly_seed550994_matrix_01,550994,matrix,target_episode,False,missing_frame,timeout,1723810045,,0,1,17,,340940,300008.7915508616,us,check_quality_intervals,1723469105,66.53066512725101,,,
anomaly_seed550994_matrix_01,550994,matrix,target_episode,False,missing_frame,timeout,1724197576,,0,1,17,,323058,300008.7915508616,us,check_quality_intervals,1723874518,66.91821262466362,,,
anomaly_seed550994_matrix_01,550994,matrix,target_episode,False,missing_frame,timeout,1724599017,,0,1,17,,321086,300008.7915508616,us,check_quality_intervals,1724277931,67.31967071423264,,,
anomaly_seed550994_matrix_01,550994,matrix,other_id_during_episode,False,statistical_deviation,three_sigma,1724909186,,0,1,2021,46489,86129,"{""mean"": 99995.54585881038, ""std"": 4537.376146841342, ""sigma"": 3.0}",us,check_quality_intervals,,67.62985291830144,,,
anomaly_seed550994_matrix_01,550994,matrix,target_episode,False,missing_frame,timeout,1724968190,,0,1,17,,300094,300008.7915508616,us,check_quality_intervals,1724668096,67.68885943013484,,,
anomaly_seed550994_matrix_01,550994,matrix,target_episode,False,missing_frame,timeout,1725405596,,0,1,17,,338098,300008.7915508616,us,check_quality_intervals,1725067498,68.12628405075417,,,
anomaly_seed550994_matrix_01,550994,matrix,target_episode,False,missing_frame,timeout,1725813027,,0,1,17,,343538,300008.7915508616,us,check_quality_intervals,1725469489,68.53373239532075,,,
anomaly_seed550994_matrix_01,550994,matrix,target_episode,False,missing_frame,timeout,1726197544,,0,1,17,,319061,300008.7915508616,us,check_quality_intervals,1725878483,68.9182657644258,,,
anomaly_seed550994_matrix_01,550994,matrix,target_episode,False,missing_frame,timeout,1726613992,,0,1,17,,337924,300008.7915508616,us,check_quality_intervals,1726276068,69.33473149285122,,,
anomaly_seed550994_matrix_01,550994,matrix,target_episode,False,missing_frame,timeout,1727013987,,0,1,17,,342518,300008.7915508616,us,check_quality_intervals,1726671469,69.73474352086322,,,
anomaly_seed550994_matrix_01,550994,matrix,target_episode,False,missing_frame,timeout,1727405141,,0,1,17,,337260,300008.7915508616,us,check_quality_intervals,1727067881,70.12591417250881,,,
anomaly_seed550994_matrix_01,550994,matrix,target_episode,False,missing_frame,timeout,1727810991,,0,1,17,,341537,300008.7915508616,us,check_quality_intervals,1727469454,70.53178144977157,,,
anomaly_seed550994_matrix_01,550994,matrix,target_episode,False,missing_frame,timeout,1728190505,,0,1,17,,313057,300008.7915508616,us,check_quality_intervals,1727877448,70.91131160589588,,,
anomaly_seed550994_matrix_01,550994,matrix,target_episode,False,missing_frame,timeout,1732556898,,0,1,17,,312085,300008.7915508616,us,check_quality_intervals,1732244813,75.27789048570058,,,
anomaly_seed550994_matrix_01,550994,matrix,other_id_during_episode,False,statistical_deviation,three_sigma,1733197838,,0,1,1881,47368,1010403,"{""mean"": 999995.8770949724, ""std"": 2718.9869676307303, ""sigma"": 3.0}",us,check_quality_intervals,,75.91885777087671,,,
anomaly_seed550994_matrix_01,550994,matrix,target_recovery,False,period_violation,period,1733356804,,0,1,17,47387,1111991,"{""min"": 70002.0513618677, ""max"": 130003.80967204004}",us,check_quality_intervals,,76.07783053814866,,,
anomaly_seed550994_matrix_01,550994,matrix,target_recovery,False,statistical_deviation,three_sigma,1733356804,,0,1,17,47387,1111991,"{""mean"": 100002.93051695387, ""std"": 5926.439876609726, ""sigma"": 3.0}",us,check_quality_intervals,,76.07783053814866,,,
anomaly_seed550994_matrix_01,550994,matrix,target_recovery,False,frequency_decrease,frequency,1733739829,,0,1,17,,4,"{""min"": 4.999853478446146, ""max"": 14.999560435338438}",frames/window,check_quality_intervals,,76.46087184373832,1732739829,1733739829,
anomaly_seed550994_matrix_01,550994,matrix,background_candidate,False,statistical_deviation,three_sigma,1736824395,,0,1,2021,47767,114578,"{""mean"": 99995.54585881038, ""std"": 4537.376146841342, ""sigma"": 3.0}",us,check_quality_intervals,,79.54556915544701,,,
anomaly_seed550994_matrix_01,550994,matrix,target_episode,False,missing_frame,timeout,1737558373,,0,1,17,,304610,300008.7915508616,us,check_quality_intervals,1737253763,80.27957840130307,,,
anomaly_seed550994_matrix_01,550994,matrix,other_id_during_episode,False,statistical_deviation,three_sigma,1738193330,,0,1,1881,47910,1009562,"{""mean"": 999995.8770949724, ""std"": 2718.9869676307303, ""sigma"": 3.0}",us,check_quality_intervals,,80.9145624317795,,,
anomaly_seed550994_matrix_01,550994,matrix,target_episode,False,frequency_decrease,frequency,1738739829,,0,1,17,,0,"{""min"": 4.999853478446146, ""max"": 14.999560435338438}",frames/window,check_quality_intervals,,81.46108469654921,1737739829,1738739829,
anomaly_seed550994_matrix_01,550994,matrix,other_id_during_episode,False,statistical_deviation,three_sigma,1740183718,,0,1,1881,48102,986403,"{""mean"": 999995.8770949724, ""std"": 2718.9869676307303, ""sigma"": 3.0}",us,check_quality_intervals,,82.90503516371555,,,
anomaly_seed550994_matrix_01,550994,matrix,other_id_during_episode,False,statistical_deviation,three_sigma,1740613317,,0,1,1325,48142,990979,"{""mean"": 999993.5363128497, ""std"": 2937.5816151875874, ""sigma"": 3.0}",us,check_quality_intervals,,83.33465245198654,,,
anomaly_seed550994_matrix_01,550994,matrix,target_recovery,False,period_violation,period,1742358643,,0,1,17,48315,5104880,"{""min"": 70002.0513618677, ""max"": 130003.80967204004}",us,check_quality_intervals,,85.08005275149551,,,
anomaly_seed550994_matrix_01,550994,matrix,target_recovery,False,statistical_deviation,three_sigma,1742358643,,0,1,17,48315,5104880,"{""mean"": 100002.93051695387, ""std"": 5926.439876609726, ""sigma"": 3.0}",us,check_quality_intervals,,85.08005275149551,,,
anomaly_seed550994_matrix_01,550994,matrix,background_candidate,False,statistical_deviation,three_sigma,1743821692,,0,1,2021,48477,113997,"{""mean"": 99995.54585881038, ""std"": 4537.376146841342, ""sigma"": 3.0}",us,check_quality_intervals,,86.54316403431389,,,
anomaly_seed550994_matrix_01,550994,matrix,target_episode,False,period_violation,period,1747274641,,0,1,27,48862,16438,"{""min"": 69999.54280155644, ""max"": 129999.15091717624}",us,check_quality_intervals,,89.99626002829397,,,
anomaly_seed550994_matrix_01,550994,matrix,target_episode,False,statistical_deviation,three_sigma,1747274641,,0,1,27,48862,16438,"{""mean"": 99999.34685936634, ""std"": 5752.574263184422, ""sigma"": 3.0}",us,check_quality_intervals,,89.99626002829397,,,
anomaly_seed550994_matrix_01,550994,matrix,target_episode,False,burst,burst,1747318778,,0,1,27,48866,4,"{""min_frames"": 4, ""max_interval_us"": 24999.836714841585}",frames,check_quality_intervals,,90.04039890723098,,,
anomaly_seed550994_matrix_01,550994,matrix,background_candidate,False,statistical_deviation,three_sigma,1750614720,,0,1,1325,49233,991137,"{""mean"": 999993.5363128497, ""std"": 2937.5816151875874, ""sigma"": 3.0}",us,check_quality_intervals,,93.33648121733478,,,
anomaly_seed550994_matrix_01,550994,matrix,background_candidate,False,statistical_deviation,three_sigma,1751823553,,0,1,2021,49364,113999,"{""mean"": 99995.54585881038, ""std"": 4537.376146841342, ""sigma"": 3.0}",us,check_quality_intervals,,94.54536567803508,,,
anomaly_seed550994_matrix_01,550994,matrix,target_episode,False,period_violation,period,1752275113,,0,1,27,49417,15996,"{""min"": 69999.54280155644, ""max"": 129999.15091717624}",us,check_quality_intervals,,94.9969449011981,,,
anomaly_seed550994_matrix_01,550994,matrix,target_episode,False,statistical_deviation,three_sigma,1752275113,,0,1,27,49417,15996,"{""mean"": 99999.34685936634, ""std"": 5752.574263184422, ""sigma"": 3.0}",us,check_quality_intervals,,94.9969449011981,,,
anomaly_seed550994_matrix_01,550994,matrix,target_episode,False,burst,burst,1752291117,,0,1,27,49419,4,"{""min_frames"": 4, ""max_interval_us"": 24999.836714841585}",frames,check_quality_intervals,,95.01294958249746,,,
anomaly_seed550994_matrix_01,550994,matrix,target_episode,False,frequency_increase,frequency,1752739829,,0,1,27,,30,"{""min"": 5.00003265724498, ""max"": 15.000097971734942}",frames/window,check_quality_intervals,,95.46168068441966,1751739829,1752739829,
anomaly_seed550994_matrix_01,550994,matrix,other_id_during_episode,False,statistical_deviation,three_sigma,1754823080,,0,1,2021,49716,113998,"{""mean"": 99995.54585881038, ""std"": 4537.376146841342, ""sigma"": 3.0}",us,check_quality_intervals,,97.54502036958567,,,
anomaly_seed550994_matrix_01,550994,matrix,other_id_during_episode,False,statistical_deviation,three_sigma,1755194472,,0,1,1881,49759,1009983,"{""mean"": 999995.8770949724, ""std"": 2718.9869676307303, ""sigma"": 3.0}",us,check_quality_intervals,,97.91642817995192,,,
anomaly_seed550994_matrix_01,550994,matrix,background_candidate,False,statistical_deviation,three_sigma,1760194945,,0,1,1881,50310,1008543,"{""mean"": 999995.8770949724, ""std"": 2718.9869676307303, ""sigma"": 3.0}",us,check_quality_intervals,,102.91711405289873,,,
anomaly_seed550994_matrix_01,550994,matrix,target_episode,False,unknown_id,dbc,1760268490,,0,1,2045,50321,2045,ID in DBC or baseline,,check_quality_intervals,,102.99066218375069,,,
anomaly_seed550994_matrix_01,550994,matrix,background_candidate,False,statistical_deviation,three_sigma,1764194316,,0,1,1881,50752,1011002,"{""mean"": 999995.8770949724, ""std"": 2718.9869676307303, ""sigma"": 3.0}",us,check_quality_intervals,,106.91665530837065,,,
anomaly_seed550994_matrix_01,550994,matrix,target_episode,False,unknown_id,dbc,1765273243,,0,1,2045,50875,2045,ID in DBC or baseline,,check_quality_intervals,,107.99562823889961,,,
anomaly_seed550994_matrix_01,550994,matrix,other_id_during_episode,False,statistical_deviation,three_sigma,1767823274,,0,1,2021,51160,114000,"{""mean"": 99995.54585881038, ""std"": 4537.376146841342, ""sigma"": 3.0}",us,check_quality_intervals,,110.54576779515284,,,
anomaly_seed550994_matrix_01,550994,matrix,background_candidate,False,statistical_deviation,three_sigma,1769185207,,0,1,1881,51313,990965,"{""mean"": 999995.8770949724, ""std"": 2718.9869676307303, ""sigma"": 3.0}",us,check_quality_intervals,,111.9077587734062,,,
anomaly_seed550994_matrix_01,550994,matrix,background_candidate,False,statistical_deviation,three_sigma,1771823202,,0,1,2021,51601,113999,"{""mean"": 99995.54585881038, ""std"": 4537.376146841342, ""sigma"": 3.0}",us,check_quality_intervals,,114.54586607433642,,,
anomaly_seed550994_matrix_01,550994,matrix,target_episode,False,dlc_mismatch,dbc,1773271634,,0,1,10,51765,1,2,bytes,check_quality_intervals,,115.99435973490084,,,
anomaly_seed550994_matrix_01,550994,matrix,target_episode,False,period_violation,period,1773271634,,0,1,10,51765,139541,"{""min"": 699994.787150838, ""max"": 1299990.3189944134}",us,check_quality_intervals,,115.99435973490084,,,
anomaly_seed550994_matrix_01,550994,matrix,target_episode,False,statistical_deviation,three_sigma,1773271634,,0,1,10,51765,139541,"{""mean"": 999992.5530726257, ""std"": 7111.511378011396, ""sigma"": 3.0}",us,check_quality_intervals,,115.99435973490084,,,
anomaly_seed550994_matrix_01,550994,matrix,target_episode,False,burst,burst,1773367634,,0,1,10,51778,4,"{""min_frames"": 4, ""max_interval_us"": 249998.1382681564}",frames,check_quality_intervals,,116.09036382167481,,,
anomaly_seed550994_matrix_01,550994,matrix,target_episode,False,frequency_increase,frequency,1773739829,,0,1,10,,6,"{""min"": 7.446982831504911e-06, ""max"": 2.0000074469828313}",frames/window,check_quality_intervals,,116.46257466622535,1772739829,1773739829,
anomaly_seed550994_matrix_01,550994,matrix,other_id_during_episode,False,statistical_deviation,three_sigma,1773823167,,0,1,2021,51827,113890,"{""mean"": 99995.54585881038, ""std"": 4537.376146841342, ""sigma"": 3.0}",us,check_quality_intervals,,116.54591621397077,,,
anomaly_seed550994_matrix_01,550994,matrix,background_candidate,False,statistical_deviation,three_sigma,1780823045,,0,1,2021,52597,113999,"{""mean"": 99995.54585881038, ""std"": 4537.376146841342, ""sigma"": 3.0}",us,check_quality_intervals,,123.54609220271247,,,
anomaly_seed550994_matrix_01,550994,matrix,target_episode,False,dlc_mismatch,dbc,1781272948,,0,1,10,52650,3,2,bytes,check_quality_intervals,,123.99601435533606,,,
anomaly_seed550994_matrix_01,550994,matrix,target_episode,False,period_violation,period,1781272948,,0,1,10,52650,128994,"{""min"": 699994.787150838, ""max"": 1299990.3189944134}",us,check_quality_intervals,,123.99601435533606,,,
anomaly_seed550994_matrix_01,550994,matrix,target_episode,False,statistical_deviation,three_sigma,1781272948,,0,1,10,52650,128994,"{""mean"": 999992.5530726257, ""std"": 7111.511378011396, ""sigma"": 3.0}",us,check_quality_intervals,,123.99601435533606,,,
anomaly_seed550994_matrix_01,550994,matrix,target_episode,False,burst,burst,1781368106,,0,1,10,52663,4,"{""min_frames"": 4, ""max_interval_us"": 249998.1382681564}",frames,check_quality_intervals,,124.09117640626546,,,
anomaly_seed550994_matrix_01,550994,matrix,target_episode,False,frequency_increase,frequency,1781739829,,0,1,10,,6,"{""min"": 7.446982831504911e-06, ""max"": 2.0000074469828313}",frames/window,check_quality_intervals,,124.46291523072276,1780739829,1781739829,
anomaly_seed550994_matrix_01,550994,matrix,target_episode,False,signal_out_of_range,dbc,1789272791,,0,1,6,53539,101.0,"{""min"": -100, ""max"": 100}",%,check_quality_intervals,,131.99619791314993,,,AccuFunSpeedIncrease
anomaly_seed550994_matrix_01,550994,matrix,background_candidate,False,statistical_deviation,three_sigma,1794821828,,0,1,2021,54153,113869,"{""mean"": 99995.54585881038, ""std"": 4537.376146841342, ""sigma"": 3.0}",us,check_quality_intervals,,137.54547113877456,,,
anomaly_seed550994_matrix_01,550994,matrix,background_candidate,False,statistical_deviation,three_sigma,1795822779,,0,1,2021,54264,113996,"{""mean"": 99995.54585881038, ""std"": 4537.376146841342, ""sigma"": 3.0}",us,check_quality_intervals,,138.54646474982133,,,
anomaly_seed550994_matrix_01,550994,matrix,target_episode,False,signal_out_of_range,dbc,1797270822,,0,1,6,54427,-101.0,"{""min"": -100, ""max"": 100}",%,check_quality_intervals,,139.99456939382577,,,AccuFunSpeedIncrease
anomaly_seed550994_matrix_01,550994,matrix,other_id_during_episode,False,statistical_deviation,three_sigma,1798822901,,0,1,2021,54600,114063,"{""mean"": 99995.54585881038, ""std"": 4537.376146841342, ""sigma"": 3.0}",us,check_quality_intervals,,141.5467144667014,,,
anomaly_seed550994_matrix_01,550994,matrix,background_candidate,False,statistical_deviation,three_sigma,1800823714,,0,1,2021,54808,113858,"{""mean"": 99995.54585881038, ""std"": 4537.376146841342, ""sigma"": 3.0}",us,check_quality_intervals,,143.5476126424357,,,
anomaly_seed550994_matrix_01,550994,matrix,background_candidate,False,statistical_deviation,three_sigma,1804823643,,0,1,2021,55250,114908,"{""mean"": 99995.54585881038, ""std"": 4537.376146841342, ""sigma"": 3.0}",us,check_quality_intervals,,147.54771192166174,,,
anomaly_seed550994_matrix_01,550994,matrix,target_episode,False,signal_out_of_range,dbc,1805275090,,0,1,6,55304,110.0,"{""min"": -100, ""max"": 100}",%,check_quality_intervals,,147.99917814001446,,,AccuFunSpeedIncrease
anomaly_seed550994_matrix_01,550994,matrix,background_candidate,False,statistical_deviation,three_sigma,1810823538,,0,1,2021,55917,113989,"{""mean"": 99995.54585881038, ""std"": 4537.376146841342, ""sigma"": 3.0}",us,check_quality_intervals,,153.54786234056502,,,
anomaly_seed550994_matrix_01,550994,matrix,background_candidate,False,statistical_deviation,three_sigma,1812823501,,0,1,2021,56138,113986,"{""mean"": 99995.54585881038, ""std"": 4537.376146841342, ""sigma"": 3.0}",us,check_quality_intervals,,155.54791048011424,,,
anomaly_seed550994_matrix_01,550994,matrix,background_candidate,False,statistical_deviation,three_sigma,1816194384,,0,1,1881,56512,1010962,"{""mean"": 999995.8770949724, ""std"": 2718.9869676307303, ""sigma"": 3.0}",us,check_quality_intervals,,158.91893698049842,,,
anomaly_seed550994_matrix_01,550994,matrix,outside_run,False,missing_frame,timeout,1817513814,,0,1,1553,,300829,299999.8533333333,us,check_quality_intervals,1817212985,160.23842314937528,,,
anomaly_seed550994_matrix_01,550994,matrix,outside_run,False,missing_frame,timeout,1817573829,,0,1,17,,317529,300008.7915508616,us,check_quality_intervals,1817256300,160.29844070424758,,,
anomaly_seed550994_matrix_01,550994,matrix,outside_run,False,missing_frame,timeout,1817573829,,0,1,27,,314852,299998.040578099,us,check_quality_intervals,1817258977,160.29844070424758,,,
anomaly_seed550994_matrix_01,550994,matrix,outside_run,False,missing_frame,timeout,1817573829,,0,1,96,,340846,300002.12618121144,us,check_quality_intervals,1817232983,160.29844070424758,,,
anomaly_seed550994_matrix_01,550994,matrix,outside_run,False,missing_frame,timeout,1817573829,,0,1,1025,,326855,299994.6987215121,us,check_quality_intervals,1817246974,160.29844070424758,,,
anomaly_seed550994_matrix_01,550994,matrix,outside_run,False,missing_frame,timeout,1817573829,,0,1,1425,,359845,299998.040578099,us,check_quality_intervals,1817213984,160.29844070424758,,,
anomaly_seed550994_matrix_01,550994,matrix,outside_run,False,missing_frame,timeout,1817573829,,0,1,2021,,356406,299986.63757643115,us,check_quality_intervals,1817217423,160.29844070424758,,,
anomaly_seed550994_matrix_01,550994,matrix,outside_run,False,frequency_decrease,frequency,1817739829,,0,1,1037,,2,"{""min"": 2.5002171072841812, ""max"": 7.500651321852544}",frames/window,check_quality_intervals,,160.46444777096107,1816739829,1817739829,
anomaly_seed550994_matrix_01,550994,matrix,outside_run,False,frequency_decrease,frequency,1817739829,,0,1,1325,,0,"{""min"": 6.463728929873014e-06, ""max"": 2.00000646372893}",frames/window,check_quality_intervals,,160.46444777096107,1816739829,1817739829,
anomaly_seed550994_matrix_01,550994,matrix,outside_run,False,frequency_decrease,frequency,1817739829,,0,1,1425,,5,"{""min"": 5.00003265724498, ""max"": 15.000097971734942}",frames/window,check_quality_intervals,,160.46444777096107,1816739829,1817739829,
anomaly_seed550994_matrix_01,550994,matrix,outside_run,False,frequency_decrease,frequency,1817739829,,0,1,1553,,5,"{""min"": 5.000002444445641, ""max"": 15.00000733333692}",frames/window,check_quality_intervals,,160.46444777096107,1816739829,1817739829,
anomaly_seed550994_matrix_01,550994,matrix,outside_run,False,frequency_decrease,frequency,1817739829,,0,1,2021,,5,"{""min"": 5.00022271697961, ""max"": 15.000668150938829}",frames/window,check_quality_intervals,,160.46444777096107,1816739829,1817739829,
anomaly_seed550994_matrix_01,550994,matrix,outside_run,False,missing_frame,timeout,1817773829,,0,1,1037,,633849,599947.8987764185,us,check_quality_intervals,1817139980,160.49844921836007,,,
anomaly_seed550994_matrix_01,550994,matrix,outside_run,False,frequency_decrease,frequency,1818739829,,0,1,10,,0,"{""min"": 7.446982831504911e-06, ""max"": 2.0000074469828313}",frames/window,check_quality_intervals,,161.46449034152326,1817739829,1818739829,
anomaly_seed550994_matrix_01,550994,matrix,outside_run,False,frequency_decrease,frequency,1818739829,,0,1,17,,0,"{""min"": 4.999853478446146, ""max"": 14.999560435338438}",frames/window,check_quality_intervals,,161.46449034152326,1817739829,1818739829,
anomaly_seed550994_matrix_01,550994,matrix,outside_run,False,frequency_decrease,frequency,1818739829,,0,1,27,,0,"{""min"": 5.00003265724498, ""max"": 15.000097971734942}",frames/window,check_quality_intervals,,161.46449034152326,1817739829,1818739829,
anomaly_seed550994_matrix_01,550994,matrix,outside_run,False,frequency_decrease,frequency,1818739829,,0,1,96,,0,"{""min"": 4.999964563897621, ""max"": 14.999893691692865}",frames/window,check_quality_intervals,,161.46449034152326,1817739829,1818739829,
anomaly_seed550994_matrix_01,550994,matrix,outside_run,False,frequency_decrease,frequency,1818739829,,0,1,1025,,0,"{""min"": 5.0000883562028005, ""max"": 15.000265068608401}",frames/window,check_quality_intervals,,161.46449034152326,1817739829,1818739829,
anomaly_seed550994_matrix_01,550994,matrix,outside_run,False,frequency_decrease,frequency,1818739829,,0,1,1329,,0,"{""min"": 3.738128557650988e-05, ""max"": 2.0000373812855763}",frames/window,check_quality_intervals,,161.46449034152326,1817739829,1818739829,
anomaly_seed550994_matrix_01,550994,matrix,outside_run,False,frequency_decrease,frequency,1818739829,,0,1,1881,,0,"{""min"": 4.1229220260063926e-06, ""max"": 2.000004122922026}",frames/window,check_quality_intervals,,161.46449034152326,1817739829,1818739829,
anomaly_seed550994_matrix_01,550994,matrix,outside_run,False,missing_frame,timeout,1819673829,,0,1,1325,,3058264,2999980.608938549,us,check_quality_intervals,1816615565,162.39853010242828,,,
anomaly_seed550994_matrix_01,550994,matrix,outside_run,False,missing_frame,timeout,1819973829,,0,1,1329,,3010522,2999887.860335195,us,check_quality_intervals,1816963307,162.6985428735969,,,
anomaly_seed550994_matrix_01,550994,matrix,outside_run,False,missing_frame,timeout,1820173829,,0,1,10,,3029528,2999977.659217877,us,check_quality_intervals,1817144301,162.89855138770938,,,
anomaly_seed550994_matrix_01,550994,matrix,outside_run,False,missing_frame,timeout,1820273829,,0,1,1881,,3088304,2999987.6312849172,us,check_quality_intervals,1817185525,162.9985556447655,,,
anomaly_seed550994_matrix_02,550994,matrix,outside_run,False,missing_frame,timeout,1837373829,,0,1,27,,300000,299998.040578099,us,check_quality_intervals,,-2.0102640371477385,,,
anomaly_seed550994_matrix_02,550994,matrix,outside_run,False,missing_frame,timeout,1837373829,,0,1,1025,,300000,299994.6987215121,us,check_quality_intervals,,-2.0102640371477385,,,
anomaly_seed550994_matrix_02,550994,matrix,outside_run,False,missing_frame,timeout,1837373829,,0,1,1425,,300000,299998.040578099,us,check_quality_intervals,,-2.0102640371477385,,,
anomaly_seed550994_matrix_02,550994,matrix,outside_run,False,missing_frame,timeout,1837373829,,0,1,1553,,300000,299999.8533333333,us,check_quality_intervals,,-2.0102640371477385,,,
anomaly_seed550994_matrix_02,550994,matrix,outside_run,False,missing_frame,timeout,1837373829,,0,1,2021,,300000,299986.63757643115,us,check_quality_intervals,,-2.0102640371477385,,,
anomaly_seed550994_matrix_02,550994,matrix,outside_run,False,missing_frame,timeout,1837473829,,0,1,17,,400000,300008.7915508616,us,check_quality_intervals,,-1.9102678157548179,,,
anomaly_seed550994_matrix_02,550994,matrix,outside_run,False,missing_frame,timeout,1837473829,,0,1,96,,400000,300002.12618121144,us,check_quality_intervals,,-1.9102678157548179,,,
anomaly_seed550994_matrix_02,550994,matrix,outside_run,False,missing_frame,timeout,1837673829,,0,1,1037,,600000,599947.8987764185,us,check_quality_intervals,,-1.7102753729692042,,,
anomaly_seed550994_matrix_02,550994,matrix,outside_run,False,frequency_decrease,frequency,1838073829,,0,1,10,,0,"{""min"": 7.446982831504911e-06, ""max"": 2.0000074469828313}",frames/window,check_quality_intervals,,-1.310290487398204,1837073829,1838073829,
anomaly_seed550994_matrix_02,550994,matrix,outside_run,False,frequency_decrease,frequency,1838073829,,0,1,17,,0,"{""min"": 4.999853478446146, ""max"": 14.999560435338438}",frames/window,check_quality_intervals,,-1.310290487398204,1837073829,1838073829,
anomaly_seed550994_matrix_02,550994,matrix,outside_run,False,frequency_decrease,frequency,1838073829,,0,1,27,,0,"{""min"": 5.00003265724498, ""max"": 15.000097971734942}",frames/window,check_quality_intervals,,-1.310290487398204,1837073829,1838073829,
anomaly_seed550994_matrix_02,550994,matrix,outside_run,False,frequency_decrease,frequency,1838073829,,0,1,96,,0,"{""min"": 4.999964563897621, ""max"": 14.999893691692865}",frames/window,check_quality_intervals,,-1.310290487398204,1837073829,1838073829,
anomaly_seed550994_matrix_02,550994,matrix,outside_run,False,frequency_decrease,frequency,1838073829,,0,1,1025,,0,"{""min"": 5.0000883562028005, ""max"": 15.000265068608401}",frames/window,check_quality_intervals,,-1.310290487398204,1837073829,1838073829,
anomaly_seed550994_matrix_02,550994,matrix,outside_run,False,frequency_decrease,frequency,1838073829,,0,1,1037,,0,"{""min"": 2.5002171072841812, ""max"": 7.500651321852544}",frames/window,check_quality_intervals,,-1.310290487398204,1837073829,1838073829,
anomaly_seed550994_matrix_02,550994,matrix,outside_run,False,frequency_decrease,frequency,1838073829,,0,1,1325,,0,"{""min"": 6.463728929873014e-06, ""max"": 2.00000646372893}",frames/window,check_quality_intervals,,-1.310290487398204,1837073829,1838073829,
anomaly_seed550994_matrix_02,550994,matrix,outside_run,False,frequency_decrease,frequency,1838073829,,0,1,1329,,0,"{""min"": 3.738128557650988e-05, ""max"": 2.0000373812855763}",frames/window,check_quality_intervals,,-1.310290487398204,1837073829,1838073829,
anomaly_seed550994_matrix_02,550994,matrix,outside_run,False,frequency_decrease,frequency,1838073829,,0,1,1425,,0,"{""min"": 5.00003265724498, ""max"": 15.000097971734942}",frames/window,check_quality_intervals,,-1.310290487398204,1837073829,1838073829,
anomaly_seed550994_matrix_02,550994,matrix,outside_run,False,frequency_decrease,frequency,1838073829,,0,1,1553,,0,"{""min"": 5.000002444445641, ""max"": 15.00000733333692}",frames/window,check_quality_intervals,,-1.310290487398204,1837073829,1838073829,
anomaly_seed550994_matrix_02,550994,matrix,outside_run,False,frequency_decrease,frequency,1838073829,,0,1,1881,,0,"{""min"": 4.1229220260063926e-06, ""max"": 2.000004122922026}",frames/window,check_quality_intervals,,-1.310290487398204,1837073829,1838073829,
anomaly_seed550994_matrix_02,550994,matrix,outside_run,False,frequency_decrease,frequency,1838073829,,0,1,2021,,0,"{""min"": 5.00022271697961, ""max"": 15.000668150938829}",frames/window,check_quality_intervals,,-1.310290487398204,1837073829,1838073829,
anomaly_seed550994_matrix_02,550994,matrix,boundary_guard,False,missing_frame,timeout,1840118005,,0,1,10,,3044176,2999977.659217877,us,check_quality_intervals,,0.7338082712200616,,,
anomaly_seed550994_matrix_02,550994,matrix,boundary_guard,False,missing_frame,timeout,1840118005,,0,1,1881,,3044176,2999987.6312849172,us,check_quality_intervals,,0.7338082712200616,,,
anomaly_seed550994_matrix_02,550994,matrix,background_candidate,False,frequency_decrease,frequency,1848073829,,0,1,1329,,0,"{""min"": 3.738128557650988e-05, ""max"": 2.0000373812855763}",frames/window,check_quality_intervals,,8.689331651880208,1847073829,1848073829,
anomaly_seed550994_matrix_02,550994,matrix,target_episode,False,period_violation,period,1854388231,,0,1,17,58975,20580,"{""min"": 70002.0513618677, ""max"": 130003.80967204004}",us,check_quality_intervals,,15.00349505543057,,,
anomaly_seed550994_matrix_02,550994,matrix,target_episode,False,statistical_deviation,three_sigma,1854388231,,0,1,17,58975,20580,"{""mean"": 100002.93051695387, ""std"": 5926.439876609726, ""sigma"": 3.0}",us,check_quality_intervals,,15.00349505543057,,,
anomaly_seed550994_matrix_02,550994,matrix,target_episode,False,statistical_deviation,three_sigma,1854781814,,0,1,17,59021,71999,"{""mean"": 100002.93051695387, ""std"": 5926.439876609726, ""sigma"": 3.0}",us,check_quality_intervals,,15.397063183474966,,,
anomaly_seed550994_matrix_02,550994,matrix,target_episode,False,statistical_deviation,three_sigma,1854946657,,0,1,17,59037,81017,"{""mean"": 100002.93051695387, ""std"": 5926.439876609726, ""sigma"": 3.0}",us,check_quality_intervals,,15.561899954705492,,,
anomaly_seed550994_matrix_02,550994,matrix,target_episode,False,statistical_deviation,three_sigma,1855186216,,0,1,17,59065,74582,"{""mean"": 100002.93051695387, ""std"": 5926.439876609726, ""sigma"": 3.0}",us,check_quality_intervals,,15.801449902711932,,,
anomaly_seed550994_matrix_02,550994,matrix,target_episode,False,statistical_deviation,three_sigma,1855505630,,0,1,17,59100,81416,"{""mean"": 100002.93051695387, ""std"": 5926.439876609726, ""sigma"": 3.0}",us,check_quality_intervals,,16.12085183331153,,,
anomaly_seed550994_matrix_02,550994,matrix,target_episode,False,statistical_deviation,three_sigma,1855988651,,0,1,17,59155,79029,"{""mean"": 100002.93051695387, ""std"": 5926.439876609726, ""sigma"": 3.0}",us,check_quality_intervals,,16.603854581844953,,,
anomaly_seed550994_matrix_02,550994,matrix,target_episode,False,period_violation,period,1856375786,,0,1,17,59201,69587,"{""min"": 70002.0513618677, ""max"": 130003.80967204004}",us,check_quality_intervals,,16.990974953534078,,,
anomaly_seed550994_matrix_02,550994,matrix,target_episode,False,statistical_deviation,three_sigma,1856375786,,0,1,17,59201,69587,"{""mean"": 100002.93051695387, ""std"": 5926.439876609726, ""sigma"": 3.0}",us,check_quality_intervals,,16.990974953534078,,,
anomaly_seed550994_matrix_02,550994,matrix,target_episode,False,statistical_deviation,three_sigma,1856542629,,0,1,17,59218,72438,"{""mean"": 100002.93051695387, ""std"": 5926.439876609726, ""sigma"": 3.0}",us,check_quality_intervals,,17.15781164919241,,,
anomaly_seed550994_matrix_02,550994,matrix,target_episode,False,statistical_deviation,three_sigma,1856706188,,0,1,17,59235,80577,"{""mean"": 100002.93051695387, ""std"": 5926.439876609726, ""sigma"": 3.0}",us,check_quality_intervals,,17.321364468940313,,,
anomaly_seed550994_matrix_02,550994,matrix,target_episode,False,statistical_deviation,three_sigma,1856947602,,0,1,17,59263,80978,"{""mean"": 100002.93051695387, ""std"": 5926.439876609726, ""sigma"": 3.0}",us,check_quality_intervals,,17.56276934685334,,,
anomaly_seed550994_matrix_02,550994,matrix,target_episode,False,period_violation,period,1857257598,,0,1,17,59300,66977,"{""min"": 70002.0513618677, ""max"": 130003.80967204004}",us,check_quality_intervals,,17.87275363332207,,,
anomaly_seed550994_matrix_02,550994,matrix,target_episode,False,statistical_deviation,three_sigma,1857257598,,0,1,17,59300,66977,"{""mean"": 100002.93051695387, ""std"": 5926.439876609726, ""sigma"": 3.0}",us,check_quality_intervals,,17.87275363332207,,,
anomaly_seed550994_matrix_02,550994,matrix,other_id_during_episode,False,statistical_deviation,three_sigma,1857296243,,0,1,1881,59305,990982,"{""mean"": 999995.8770949724, ""std"": 2718.9869676307303, ""sigma"": 3.0}",us,check_quality_intervals,,17.911397173079397,,,
anomaly_seed550994_matrix_02,550994,matrix,target_episode,False,statistical_deviation,three_sigma,1857509174,,0,1,17,59327,81998,"{""mean"": 100002.93051695387, ""std"": 5926.439876609726, ""sigma"": 3.0}",us,check_quality_intervals,,18.124320127253295,,,
anomaly_seed550994_matrix_02,550994,matrix,target_episode,False,statistical_deviation,three_sigma,1857902167,,0,1,17,59372,79559,"{""mean"": 100002.93051695387, ""std"": 5926.439876609726, ""sigma"": 3.0}",us,check_quality_intervals,,18.517298277591372,,,
anomaly_seed550994_matrix_02,550994,matrix,target_episode,False,statistical_deviation,three_sigma,1858062601,,0,1,17,59389,75436,"{""mean"": 100002.93051695387, ""std"": 5926.439876609726, ""sigma"": 3.0}",us,check_quality_intervals,,18.677726215420794,,,
anomaly_seed550994_matrix_02,550994,matrix,other_id_during_episode,False,frequency_decrease,frequency,1858073829,,0,1,1329,,0,"{""min"": 3.738128557650988e-05, ""max"": 2.0000373812855763}",frames/window,check_quality_intervals,,18.68895379115862,1857073829,1858073829,
anomaly_seed550994_matrix_02,550994,matrix,target_episode,False,statistical_deviation,three_sigma,1858224741,,0,1,17,59407,78141,"{""mean"": 100002.93051695387, ""std"": 5926.439876609726, ""sigma"": 3.0}",us,check_quality_intervals,,18.839860088786963,,,
anomaly_seed550994_matrix_02,550994,matrix,target_episode,False,period_violation,period,1858457158,,0,1,17,59435,64999,"{""min"": 70002.0513618677, ""max"": 130003.80967204004}",us,check_quality_intervals,,19.07226830666137,,,
anomaly_seed550994_matrix_02,550994,matrix,target_episode,False,statistical_deviation,three_sigma,1858457158,,0,1,17,59435,64999,"{""mean"": 100002.93051695387, ""std"": 5926.439876609726, ""sigma"": 3.0}",us,check_quality_intervals,,19.07226830666137,,,
anomaly_seed550994_matrix_02,550994,matrix,target_episode,False,statistical_deviation,three_sigma,1858706152,,0,1,17,59462,80405,"{""mean"": 100002.93051695387, ""std"": 5926.439876609726, ""sigma"": 3.0}",us,check_quality_intervals,,19.321252898156157,,,
anomaly_seed550994_matrix_02,550994,matrix,target_episode,False,statistical_deviation,three_sigma,1859021148,,0,1,17,59497,71580,"{""mean"": 100002.93051695387, ""std"": 5926.439876609726, ""sigma"": 3.0}",us,check_quality_intervals,,19.636236995694638,,,
anomaly_seed550994_matrix_02,550994,matrix,target_episode,False,statistical_deviation,three_sigma,1859263561,,0,1,17,59525,74417,"{""mean"": 100002.93051695387, ""std"": 5926.439876609726, ""sigma"": 3.0}",us,check_quality_intervals,,19.878640835859468,,,
anomaly_seed550994_matrix_02,550994,matrix,target_episode,False,statistical_deviation,three_sigma,1859510138,,0,1,17,59552,81995,"{""mean"": 100002.93051695387, ""std"": 5926.439876609726, ""sigma"": 3.0}",us,check_quality_intervals,,20.12520851868327,,,
anomaly_seed550994_matrix_02,550994,matrix,target_episode,False,statistical_deviation,three_sigma,1859988131,,0,1,17,59604,79997,"{""mean"": 100002.93051695387, ""std"": 5926.439876609726, ""sigma"": 3.0}",us,check_quality_intervals,,20.60318345720525,,,
anomaly_seed550994_matrix_02,550994,matrix,target_episode,False,statistical_deviation,three_sigma,1860222125,,0,1,17,59623,71558,"{""mean"": 100002.93051695387, ""std"": 5926.439876609726, ""sigma"": 3.0}",us,check_quality_intervals,,20.83716861549102,,,
anomaly_seed550994_matrix_02,550994,matrix,target_recovery,False,period_violation,period,1860454733,,0,1,17,59648,147174,"{""min"": 70002.0513618677, ""max"": 130003.80967204004}",us,check_quality_intervals,,21.069767826148375,,,
anomaly_seed550994_matrix_02,550994,matrix,target_recovery,False,statistical_deviation,three_sigma,1860454733,,0,1,17,59648,147174,"{""mean"": 100002.93051695387, ""std"": 5926.439876609726, ""sigma"": 3.0}",us,check_quality_intervals,,21.069767826148375,,,
anomaly_seed550994_matrix_02,550994,matrix,other_id_during_episode,False,statistical_deviation,three_sigma,1861295765,,0,1,1881,59741,988985,"{""mean"": 999995.8770949724, ""std"": 2718.9869676307303, ""sigma"": 3.0}",us,check_quality_intervals,,21.910768046852574,,,
anomaly_seed550994_matrix_02,550994,matrix,target_episode,False,period_violation,period,1864386056,,0,1,17,60082,20529,"{""min"": 70002.0513618677, ""max"": 130003.80967204004}",us,check_quality_intervals,,25.000942276893838,,,
anomaly_seed550994_matrix_02,550994,matrix,target_episode,False,statistical_deviation,three_sigma,1864386056,,0,1,17,60082,20529,"{""mean"": 100002.93051695387, ""std"": 5926.439876609726, ""sigma"": 3.0}",us,check_quality_intervals,,25.000942276893838,,,
anomaly_seed550994_matrix_02,550994,matrix,target_episode,False,frequency_increase,frequency,1865073829,,0,1,17,,17,"{""min"": 4.999853478446146, ""max"": 14.999560435338438}",frames/window,check_quality_intervals,,25.68868928865351,1864073829,1865073829,
anomaly_seed550994_matrix_02,550994,matrix,other_id_during_episode,False,statistical_deviation,three_sigma,1865431561,,0,1,2021,60206,113998,"{""mean"": 99995.54585881038, ""std"": 4537.376146841342, ""sigma"": 3.0}",us,check_quality_intervals,,26.046407771366514,,,
anomaly_seed550994_matrix_02,550994,matrix,other_id_during_episode,False,statistical_deviation,three_sigma,1868733072,,0,1,1325,60605,1011554,"{""mean"": 999993.5363128497, ""std"": 2937.5816151875874, ""sigma"": 3.0}",us,check_quality_intervals,,29.347794020233525,,,
anomaly_seed550994_matrix_02,550994,matrix,other_id_during_episode,False,statistical_deviation,three_sigma,1871293418,,0,1,1881,60905,986403,"{""mean"": 999995.8770949724, ""std"": 2718.9869676307303, ""sigma"": 3.0}",us,check_quality_intervals,,31.9080432748148,,,
anomaly_seed550994_matrix_02,550994,matrix,target_episode,False,period_violation,period,1874388880,,0,1,17,61246,20561,"{""min"": 70002.0513618677, ""max"": 130003.80967204004}",us,check_quality_intervals,,35.0033883094643,,,
anomaly_seed550994_matrix_02,550994,matrix,target_episode,False,statistical_deviation,three_sigma,1874388880,,0,1,17,61246,20561,"{""mean"": 100002.93051695387, ""std"": 5926.439876609726, ""sigma"": 3.0}",us,check_quality_intervals,,35.0033883094643,,,
anomaly_seed550994_matrix_02,550994,matrix,target_episode,False,burst,burst,1874602874,,0,1,17,61276,4,"{""min_frames"": 4, ""max_interval_us"": 25000.732629238468}",frames,check_quality_intervals,,35.21737422347153,,,
anomaly_seed550994_matrix_02,550994,matrix,target_episode,False,frequency_increase,frequency,1875073829,,0,1,17,,31,"{""min"": 4.999853478446146, ""max"": 14.999560435338438}",frames/window,check_quality_intervals,,35.68831142793192,1874073829,1875073829,
anomaly_seed550994_matrix_02,550994,matrix,other_id_during_episode,False,statistical_deviation,three_sigma,1875306506,,0,1,1881,61374,1010561,"{""mean"": 999995.8770949724, ""std"": 2718.9869676307303, ""sigma"": 3.0}",us,check_quality_intervals,,35.92097963598198,,,
anomaly_seed550994_matrix_02,550994,matrix,target_episode,False,burst,burst,1877054271,,0,1,17,61618,4,"{""min_frames"": 4, ""max_interval_us"": 25000.732629238468}",frames,check_quality_intervals,,37.668678594807645,,,
anomaly_seed550994_matrix_02,550994,matrix,other_id_during_episode,False,statistical_deviation,three_sigma,1880306278,,0,1,1881,62073,1013975,"{""mean"": 999995.8770949724, ""std"": 2718.9869676307303, ""sigma"": 3.0}",us,check_quality_intervals,,40.92056271423653,,,
anomaly_seed550994_matrix_02,550994,matrix,target_episode,False,period_violation,period,1884387126,,0,1,17,62527,20420,"{""min"": 70002.0513618677, ""max"": 130003.80967204004}",us,check_quality_intervals,,45.00125651501959,,,
anomaly_seed550994_matrix_02,550994,matrix,target_episode,False,statistical_deviation,three_sigma,1884387126,,0,1,17,62527,20420,"{""mean"": 100002.93051695387, ""std"": 5926.439876609726, ""sigma"": 3.0}",us,check_quality_intervals,,45.00125651501959,,,
anomaly_seed550994_matrix_02,550994,matrix,target_episode,False,statistical_deviation,three_sigma,1884760698,,0,1,17,62567,129999,"{""mean"": 100002.93051695387, ""std"": 5926.439876609726, ""sigma"": 3.0}",us,check_quality_intervals,,45.374814399201014,,,
anomaly_seed550994_matrix_02,550994,matrix,target_episode,False,statistical_deviation,three_sigma,1885377688,,0,1,17,62636,124579,"{""mean"": 100002.93051695387, ""std"": 5926.439876609726, ""sigma"": 3.0}",us,check_quality_intervals,,45.991781085572335,,,
anomaly_seed550994_matrix_02,550994,matrix,target_episode,False,period_violation,period,1885514123,,0,1,17,62648,136435,"{""min"": 70002.0513618677, ""max"": 130003.80967204004}",us,check_quality_intervals,,46.12821093022947,,,
anomaly_seed550994_matrix_02,550994,matrix,other_id_during_episode,False,statistical_deviation,three_sigma,1886307154,,0,1,1881,62734,1014955,"{""mean"": 999995.8770949724, ""std"": 2718.9869676307303, ""sigma"": 3.0}",us,check_quality_intervals,,46.92121196470304,,,
anomaly_seed550994_matrix_02,550994,matrix,target_episode,False,period_violation,period,1886391667,,0,1,17,62744,138578,"{""min"": 70002.0513618677, ""max"": 130003.80967204004}",us,check_quality_intervals,,47.00572177128874,,,
anomaly_seed550994_matrix_02,550994,matrix,target_episode,False,statistical_deviation,three_sigma,1886391667,,0,1,17,62744,138578,"{""mean"": 100002.93051695387, ""std"": 5926.439876609726, ""sigma"": 3.0}",us,check_quality_intervals,,47.00572177128874,,,
anomaly_seed550994_matrix_02,550994,matrix,target_episode,False,period_violation,period,1887007657,,0,1,17,62810,130578,"{""min"": 70002.0513618677, ""max"": 130003.80967204004}",us,check_quality_intervals,,47.62168849544616,,,
anomaly_seed550994_matrix_02,550994,matrix,target_episode,False,period_violation,period,1887389650,,0,1,17,62854,138997,"{""min"": 70002.0513618677, ""max"": 130003.80967204004}",us,check_quality_intervals,,48.00366706143107,,,
anomaly_seed550994_matrix_02,550994,matrix,target_episode,False,statistical_deviation,three_sigma,1887757646,,0,1,17,62893,128999,"{""mean"": 100002.93051695387, ""std"": 5926.439876609726, ""sigma"": 3.0}",us,check_quality_intervals,,48.371649156307605,,,
anomaly_seed550994_matrix_02,550994,matrix,target_episode,False,period_violation,period,1888011641,,0,1,17,62918,134580,"{""min"": 70002.0513618677, ""max"": 130003.80967204004}",us,check_quality_intervals,,48.625634558834236,,,
anomaly_seed550994_matrix_02,550994,matrix,other_id_during_episode,False,statistical_deviation,three_sigma,1888294138,,0,1,1881,62952,989841,"{""mean"": 999995.8770949724, ""std"": 2718.9869676307303, ""sigma"": 3.0}",us,check_quality_intervals,,48.90812088438213,,,
anomaly_seed550994_matrix_02,550994,matrix,target_episode,False,statistical_deviation,three_sigma,1888376636,,0,1,17,62962,120999,"{""mean"": 100002.93051695387, ""std"": 5926.439876609726, ""sigma"": 3.0}",us,check_quality_intervals,,48.99061576710674,,,
anomaly_seed550994_matrix_02,550994,matrix,target_episode,False,period_violation,period,1888511633,,0,1,17,62973,134997,"{""min"": 70002.0513618677, ""max"": 130003.80967204004}",us,check_quality_intervals,,49.125607666100464,,,
anomaly_seed550994_matrix_02,550994,matrix,target_episode,False,statistical_deviation,three_sigma,1889377617,,0,1,17,63070,123997,"{""mean"": 100002.93051695387, ""std"": 5926.439876609726, ""sigma"": 3.0}",us,check_quality_intervals,,49.99155894396658,,,
anomaly_seed550994_matrix_02,550994,matrix,target_episode,False,period_violation,period,1889513618,,0,1,17,63081,136001,"{""min"": 70002.0513618677, ""max"": 130003.80967204004}",us,check_quality_intervals,,50.12755480502283,,,
anomaly_seed550994_matrix_02,550994,matrix,target_episode,False,period_violation,period,1889888610,,0,1,17,63124,132419,"{""min"": 70002.0513618677, ""max"": 130003.80967204004}",us,check_quality_intervals,,50.50253263554808,,,
anomaly_seed550994_matrix_02,550994,matrix,target_recovery,False,period_violation,period,1890455601,,0,1,17,63185,202581,"{""min"": 70002.0513618677, ""max"": 130003.80967204004}",us,check_quality_intervals,,51.06950221118516,,,
anomaly_seed550994_matrix_02,550994,matrix,target_recovery,False,statistical_deviation,three_sigma,1890455601,,0,1,17,63185,202581,"{""mean"": 100002.93051695387, ""std"": 5926.439876609726, ""sigma"": 3.0}",us,check_quality_intervals,,51.06950221118516,,,
anomaly_seed550994_matrix_02,550994,matrix,target_episode,False,period_violation,period,1894387533,,0,1,17,63619,20583,"{""min"": 70002.0513618677, ""max"": 130003.80967204004}",us,check_quality_intervals,,55.00128563891907,,,
anomaly_seed550994_matrix_02,550994,matrix,target_episode,False,statistical_deviation,three_sigma,1894387533,,0,1,17,63619,20583,"{""mean"": 100002.93051695387, ""std"": 5926.439876609726, ""sigma"": 3.0}",us,check_quality_intervals,,55.00128563891907,,,
anomaly_seed550994_matrix_02,550994,matrix,other_id_during_episode,False,statistical_deviation,three_sigma,1895304579,,0,1,1881,63715,1011565,"{""mean"": 999995.8770949724, ""std"": 2718.9869676307303, ""sigma"": 3.0}",us,check_quality_intervals,,55.91829698735277,,,
anomaly_seed550994_matrix_02,550994,matrix,other_id_during_episode,False,statistical_deviation,three_sigma,1897295981,,0,1,1881,63927,991002,"{""mean"": 999995.8770949724, ""std"": 2718.9869676307303, ""sigma"": 3.0}",us,check_quality_intervals,,57.90962374009298,,,
anomaly_seed550994_matrix_02,550994,matrix,target_episode,False,period_violation,period,1904375796,,0,1,17,64693,20438,"{""min"": 70002.0513618677, ""max"": 130003.80967204004}",us,check_quality_intervals,,64.98917122169257,,,
anomaly_seed550994_matrix_02,550994,matrix,target_episode,False,statistical_deviation,three_sigma,1904375796,,0,1,17,64693,20438,"{""mean"": 100002.93051695387, ""std"": 5926.439876609726, ""sigma"": 3.0}",us,check_quality_intervals,,64.98917122169257,,,
anomaly_seed550994_matrix_02,550994,matrix,other_id_during_episode,False,statistical_deviation,three_sigma,1904408987,,0,1,1553,64694,84525,"{""mean"": 99999.95111111109, ""std"": 4972.81681632463, ""sigma"": 3.0}",us,check_quality_intervals,,65.02236096753504,,,
anomaly_seed550994_matrix_02,550994,matrix,target_episode,False,missing_frame,timeout,1904719891,,0,1,17,,344095,300008.7915508616,us,check_quality_intervals,1904375796,65.333253219694,,,
anomaly_seed550994_matrix_02,550994,matrix,target_episode,False,missing_frame,timeout,1905113447,,0,1,17,,333098,300008.7915508616,us,check_quality_intervals,1904780349,65.72679434875857,,,
anomaly_seed550994_matrix_02,550994,matrix,target_episode,False,missing_frame,timeout,1905513814,,0,1,17,,324473,300008.7915508616,us,check_quality_intervals,1905189341,66.12714622046218,,,
anomaly_seed550994_matrix_02,550994,matrix,target_episode,False,missing_frame,timeout,1905923882,,0,1,17,,345546,300008.7915508616,us,check_quality_intervals,1905578336,66.53719872560328,,,
anomaly_seed550994_matrix_02,550994,matrix,target_episode,False,frequency_decrease,frequency,1906073829,,0,1,17,,3,"{""min"": 4.999853478446146, ""max"": 14.999560435338438}",frames/window,check_quality_intervals,,66.687140059695,1905073829,1906073829,
anomaly_seed550994_matrix_02,550994,matrix,target_episode,False,missing_frame,timeout,1906294388,,0,1,17,,307060,300008.7915508616,us,check_quality_intervals,1905987328,66.90769072563681,,,
anomaly_seed550994_matrix_02,550994,matrix,target_episode,False,missing_frame,timeout,1906717955,,0,1,17,,340198,300008.7915508616,us,check_quality_intervals,1906377757,67.33124172070363,,,
anomaly_seed550994_matrix_02,550994,matrix,target_episode,False,missing_frame,timeout,1907115411,,0,1,17,,330680,300008.7915508616,us,check_quality_intervals,1906784731,67.72868270240245,,,
anomaly_seed550994_matrix_02,550994,matrix,target_episode,False,missing_frame,timeout,1907509843,,0,1,17,,320535,300008.7915508616,us,check_quality_intervals,1907189308,68.1230997983665,,,
anomaly_seed550994_matrix_02,550994,matrix,target_episode,False,missing_frame,timeout,1907909398,,0,1,17,,331096,300008.7915508616,us,check_quality_intervals,1907578302,68.52263970075239,,,
anomaly_seed550994_matrix_02,550994,matrix,target_episode,False,missing_frame,timeout,1908305788,,0,1,17,,319496,300008.7915508616,us,check_quality_intervals,1907986292,68.91901472273113,,,
anomaly_seed550994_matrix_02,550994,matrix,other_id_during_episode,False,statistical_deviation,three_sigma,1908305788,,0,1,1881,65096,1011417,"{""mean"": 999995.8770949724, ""std"": 2718.9869676307303, ""sigma"": 3.0}",us,check_quality_intervals,,68.91901472273113,,,
anomaly_seed550994_matrix_02,550994,matrix,target_episode,False,missing_frame,timeout,1908719384,,0,1,17,,329098,300008.7915508616,us,check_quality_intervals,1908390286,69.33259509456293,,,
anomaly_seed550994_matrix_02,550994,matrix,target_episode,False,missing_frame,timeout,1909114796,,0,1,17,,334099,300008.7915508616,us,check_quality_intervals,1908780697,69.72799215349664,,,
anomaly_seed550994_matrix_02,550994,matrix,target_episode,False,missing_frame,timeout,1909513814,,0,1,17,,325542,300008.7915508616,us,check_quality_intervals,1909188272,70.12699507617354,,,
anomaly_seed550994_matrix_02,550994,matrix,target_episode,False,missing_frame,timeout,1909910782,,0,1,17,,331926,300008.7915508616,us,check_quality_intervals,1909578856,70.52394807631207,,,
anomaly_seed550994_matrix_02,550994,matrix,target_episode,False,missing_frame,timeout,1910293752,,0,1,17,,305076,300008.7915508616,us,check_quality_intervals,1909988676,70.90690360538012,,,
anomaly_seed550994_matrix_02,550994,matrix,other_id_during_episode,False,statistical_deviation,three_sigma,1911408336,,0,1,1553,65422,84555,"{""mean"": 99999.95111111109, ""std"": 4972.81681632463, ""sigma"": 3.0}",us,check_quality_intervals,,72.0214454896286,,,
anomaly_seed550994_matrix_02,550994,matrix,target_episode,False,missing_frame,timeout,1914666270,,0,1,17,,300088,300008.7915508616,us,check_quality_intervals,1914366182,75.27925638509936,,,
anomaly_seed550994_matrix_02,550994,matrix,target_episode,False,frequency_decrease,frequency,1915073829,,0,1,17,,3,"{""min"": 4.999853478446146, ""max"": 14.999560435338438}",frames/window,check_quality_intervals,,75.68679998504557,1914073829,1915073829,
anomaly_seed550994_matrix_02,550994,matrix,other_id_during_episode,False,statistical_deviation,three_sigma,1915304648,,0,1,1881,307,1011984,"{""mean"": 999995.8770949724, ""std"": 2718.9869676307303, ""sigma"": 3.0}",us,check_quality_intervals,,75.9176102633023,,,
anomaly_seed550994_matrix_02,550994,matrix,target_recovery,False,period_violation,period,1915467745,,0,1,17,323,1101563,"{""min"": 70002.0513618677, ""max"": 130003.80967204004}",us,check_quality_intervals,,76.08070110050716,,,
anomaly_seed550994_matrix_02,550994,matrix,target_recovery,False,statistical_deviation,three_sigma,1915467745,,0,1,17,323,1101563,"{""mean"": 100002.93051695387, ""std"": 5926.439876609726, ""sigma"": 3.0}",us,check_quality_intervals,,76.08070110050716,,,
anomaly_seed550994_matrix_02,550994,matrix,target_episode,False,missing_frame,timeout,1919670829,,0,1,17,,304315,300008.7915508616,us,check_quality_intervals,1919366514,80.28362628247184,,,
anomaly_seed550994_matrix_02,550994,matrix,target_episode,False,frequency_decrease,frequency,1920073829,,0,1,17,,3,"{""min"": 4.999853478446146, ""max"": 14.999560435338438}",frames/window,check_quality_intervals,,80.68661105468478,1919073829,1920073829,
anomaly_seed550994_matrix_02,550994,matrix,other_id_during_episode,False,statistical_deviation,three_sigma,1920306166,,0,1,1881,837,1011537,"{""mean"": 999995.8770949724, ""std"": 2718.9869676307303, ""sigma"": 3.0}",us,check_quality_intervals,,80.91893927558228,,,
anomaly_seed550994_matrix_02,550994,matrix,other_id_during_episode,False,statistical_deviation,three_sigma,1922223585,,0,1,1553,1027,115018,"{""mean"": 99999.95111111109, ""std"": 4972.81681632463, ""sigma"": 3.0}",us,check_quality_intervals,,82.83628582384947,,,
anomaly_seed550994_matrix_02,550994,matrix,target_recovery,False,period_violation,period,1924455004,,0,1,17,1254,5088490,"{""min"": 70002.0513618677, ""max"": 130003.80967204004}",us,check_quality_intervals,,85.06762050729007,,,
anomaly_seed550994_matrix_02,550994,matrix,target_recovery,False,statistical_deviation,three_sigma,1924455004,,0,1,17,1254,5088490,"{""mean"": 100002.93051695387, ""std"": 5926.439876609726, ""sigma"": 3.0}",us,check_quality_intervals,,85.06762050729007,,,
anomaly_seed550994_matrix_02,550994,matrix,other_id_during_episode,False,statistical_deviation,three_sigma,1925294473,,0,1,1881,1348,989984,"{""mean"": 999995.8770949724, ""std"": 2718.9869676307303, ""sigma"": 3.0}",us,check_quality_intervals,,85.90705778705387,,,
anomaly_seed550994_matrix_02,550994,matrix,background_candidate,False,frequency_decrease,frequency,1926073829,,0,1,1329,,0,"{""min"": 3.738128557650988e-05, ""max"": 2.0000373812855763}",frames/window,check_quality_intervals,,86.68638433825183,1925073829,1926073829,
anomaly_seed550994_matrix_02,550994,matrix,target_episode,False,period_violation,period,1929392014,,0,1,27,1801,17000,"{""min"": 69999.54280155644, ""max"": 129999.15091717624}",us,check_quality_intervals,,90.00444395707406,,,
anomaly_seed550994_matrix_02,550994,matrix,target_episode,False,statistical_deviation,three_sigma,1929392014,,0,1,27,1801,17000,"{""mean"": 99999.34685936634, ""std"": 5752.574263184422, ""sigma"": 3.0}",us,check_quality_intervals,,90.00444395707406,,,
anomaly_seed550994_matrix_02,550994,matrix,other_id_during_episode,False,frequency_decrease,frequency,1930073829,,0,1,1329,,0,"{""min"": 3.738128557650988e-05, ""max"": 2.0000373812855763}",frames/window,check_quality_intervals,,90.68623319396319,1929073829,1930073829,
anomaly_seed550994_matrix_02,550994,matrix,other_id_during_episode,False,statistical_deviation,three_sigma,1930409006,,0,1,1553,1915,84998,"{""mean"": 99999.95111111109, ""std"": 4972.81681632463, ""sigma"": 3.0}",us,check_quality_intervals,,91.02139752894104,,,
anomaly_seed550994_matrix_02,550994,matrix,other_id_during_episode,False,statistical_deviation,three_sigma,1931423425,,0,1,1553,2026,115018,"{""mean"": 99999.95111111109, ""std"": 4972.81681632463, ""sigma"": 3.0}",us,check_quality_intervals,,92.03577819803137,,,
anomaly_seed550994_matrix_02,550994,matrix,target_episode,False,period_violation,period,1934388927,,0,1,27,2353,16998,"{""min"": 69999.54280155644, ""max"": 129999.15091717624}",us,check_quality_intervals,,95.00116814335883,,,
anomaly_seed550994_matrix_02,550994,matrix,target_episode,False,statistical_deviation,three_sigma,1934388927,,0,1,27,2353,16998,"{""mean"": 99999.34685936634, ""std"": 5752.574263184422, ""sigma"": 3.0}",us,check_quality_intervals,,95.00116814335883,,,
anomaly_seed550994_matrix_02,550994,matrix,target_episode,False,burst,burst,1934406348,,0,1,27,2358,4,"{""min_frames"": 4, ""max_interval_us"": 24999.836714841585}",frames,check_quality_intervals,,95.01858848508768,,,
anomaly_seed550994_matrix_02,550994,matrix,target_episode,False,frequency_increase,frequency,1935073829,,0,1,27,,30,"{""min"": 5.00003265724498, ""max"": 15.000097971734942}",frames/window,check_quality_intervals,,95.6860442636024,1934073829,1935073829,
anomaly_seed550994_matrix_02,550994,matrix,target_episode,False,unknown_id,dbc,1942388723,,0,1,2045,3256,2045,ID in DBC or baseline,,check_quality_intervals,,103.00066186248998,,,
anomaly_seed550994_matrix_02,550994,matrix,target_episode,False,unknown_id,dbc,1947388635,,0,1,2045,3810,2045,ID in DBC or baseline,,check_quality_intervals,,108.00038493545435,,,
anomaly_seed550994_matrix_02,550994,matrix,target_episode,False,dlc_mismatch,dbc,1955374886,,0,1,10,4697,1,2,bytes,check_quality_intervals,,115.98633416639782,,,
anomaly_seed550994_matrix_02,550994,matrix,target_episode,False,period_violation,period,1955374886,,0,1,10,4697,129981,"{""min"": 699994.787150838, ""max"": 1299990.3189944134}",us,check_quality_intervals,,115.98633416639782,,,
anomaly_seed550994_matrix_02,550994,matrix,target_episode,False,statistical_deviation,three_sigma,1955374886,,0,1,10,4697,129981,"{""mean"": 999992.5530726257, ""std"": 7111.511378011396, ""sigma"": 3.0}",us,check_quality_intervals,,115.98633416639782,,,
anomaly_seed550994_matrix_02,550994,matrix,target_episode,False,burst,burst,1955489445,,0,1,10,4713,4,"{""min_frames"": 4, ""max_interval_us"": 249998.1382681564}",frames,check_quality_intervals,,116.10088883766306,,,
anomaly_seed550994_matrix_02,550994,matrix,target_episode,False,frequency_increase,frequency,1956073829,,0,1,10,,6,"{""min"": 7.446982831504911e-06, ""max"": 2.0000074469828313}",frames/window,check_quality_intervals,,116.68525075608706,1955073829,1956073829,
anomaly_seed550994_matrix_02,550994,matrix,target_episode,False,dlc_mismatch,dbc,1963374921,,0,1,10,5585,3,2,bytes,check_quality_intervals,,123.98606687649807,,,
anomaly_seed550994_matrix_02,550994,matrix,target_episode,False,period_violation,period,1963374921,,0,1,10,5585,134154,"{""min"": 699994.787150838, ""max"": 1299990.3189944134}",us,check_quality_intervals,,123.98606687649807,,,
anomaly_seed550994_matrix_02,550994,matrix,target_episode,False,statistical_deviation,three_sigma,1963374921,,0,1,10,5585,134154,"{""mean"": 999992.5530726257, ""std"": 7111.511378011396, ""sigma"": 3.0}",us,check_quality_intervals,,123.98606687649807,,,
anomaly_seed550994_matrix_02,550994,matrix,other_id_during_episode,False,statistical_deviation,three_sigma,1963407848,,0,1,1553,5589,84419,"{""mean"": 99999.95111111109, ""std"": 4972.81681632463, ""sigma"": 3.0}",us,check_quality_intervals,,124.01899263231604,,,
anomaly_seed550994_matrix_02,550994,matrix,other_id_during_episode,False,statistical_deviation,three_sigma,1963452879,,0,1,1037,5594,217038,"{""mean"": 199982.63292547286, ""std"": 5477.54699132006, ""sigma"": 3.0}",us,check_quality_intervals,,124.0640219307713,,,
anomaly_seed550994_matrix_02,550994,matrix,target_episode,False,burst,burst,1963490790,,0,1,10,5601,4,"{""min_frames"": 4, ""max_interval_us"": 249998.1382681564}",frames,check_quality_intervals,,124.10193149826365,,,
anomaly_seed550994_matrix_02,550994,matrix,target_episode,False,frequency_increase,frequency,1964073829,,0,1,10,,6,"{""min"": 7.446982831504911e-06, ""max"": 2.0000074469828313}",frames/window,check_quality_intervals,,124.6849484675098,1963073829,1964073829,
anomaly_seed550994_matrix_02,550994,matrix,background_candidate,False,statistical_deviation,three_sigma,1970316886,,0,1,2021,6358,85576,"{""mean"": 99995.54585881038, ""std"": 4537.376146841342, ""sigma"": 3.0}",us,check_quality_intervals,,130.92776956690764,,,
anomaly_seed550994_matrix_02,550994,matrix,target_episode,False,signal_out_of_range,dbc,1971389185,,0,1,6,6477,101.0,"{""min"": -100, ""max"": 100}",%,check_quality_intervals,,132.00002804894018,,,AccuFunSpeedIncrease
anomaly_seed550994_matrix_02,550994,matrix,target_episode,False,signal_out_of_range,dbc,1979374624,,0,1,6,7362,-101.0,"{""min"": -100, ""max"": 100}",%,check_quality_intervals,,139.98516531056595,,,AccuFunSpeedIncrease
anomaly_seed550994_matrix_02,550994,matrix,target_episode,False,signal_out_of_range,dbc,1987375904,,0,1,6,8239,110.0,"{""min"": -100, ""max"": 100}",%,check_quality_intervals,,147.98614297362246,,,AccuFunSpeedIncrease
anomaly_seed550994_matrix_02,550994,matrix,outside_run,False,missing_frame,timeout,1999702829,,0,1,17,,348691,300008.7915508616,us,check_quality_intervals,1999354138,160.312602187545,,,
anomaly_seed550994_matrix_02,550994,matrix,outside_run,False,missing_frame,timeout,1999702829,,0,1,27,,329510,299998.040578099,us,check_quality_intervals,1999373319,160.312602187545,,,
anomaly_seed550994_matrix_02,550994,matrix,outside_run,False,missing_frame,timeout,1999702829,,0,1,96,,360031,300002.12618121144,us,check_quality_intervals,1999342798,160.312602187545,,,
anomaly_seed550994_matrix_02,550994,matrix,outside_run,False,missing_frame,timeout,1999702829,,0,1,1025,,359042,299994.6987215121,us,check_quality_intervals,1999343787,160.312602187545,,,
anomaly_seed550994_matrix_02,550994,matrix,outside_run,False,missing_frame,timeout,1999702829,,0,1,1425,,381031,299998.040578099,us,check_quality_intervals,1999321798,160.312602187545,,,
anomaly_seed550994_matrix_02,550994,matrix,outside_run,False,missing_frame,timeout,1999702829,,0,1,1553,,381610,299999.8533333333,us,check_quality_intervals,1999321219,160.312602187545,,,
anomaly_seed550994_matrix_02,550994,matrix,outside_run,False,missing_frame,timeout,1999702829,,0,1,2021,,376590,299986.63757643115,us,check_quality_intervals,1999326239,160.312602187545,,,
anomaly_seed550994_matrix_02,550994,matrix,outside_run,False,missing_frame,timeout,1999902829,,0,1,1037,,652586,599947.8987764185,us,check_quality_intervals,1999250243,160.5125946303306,,,
anomaly_seed550994_matrix_02,550994,matrix,outside_run,False,frequency_decrease,frequency,2000073829,,0,1,17,,3,"{""min"": 4.999853478446146, ""max"": 14.999560435338438}",frames/window,check_quality_intervals,,160.68358816891208,1999073829,2000073829,
anomaly_seed550994_matrix_02,550994,matrix,outside_run,False,frequency_decrease,frequency,2000073829,,0,1,27,,3,"{""min"": 5.00003265724498, ""max"": 15.000097971734942}",frames/window,check_quality_intervals,,160.68358816891208,1999073829,2000073829,
anomaly_seed550994_matrix_02,550994,matrix,outside_run,False,frequency_decrease,frequency,2000073829,,0,1,96,,3,"{""min"": 4.999964563897621, ""max"": 14.999893691692865}",frames/window,check_quality_intervals,,160.68358816891208,1999073829,2000073829,
anomaly_seed550994_matrix_02,550994,matrix,outside_run,False,frequency_decrease,frequency,2000073829,,0,1,1025,,3,"{""min"": 5.0000883562028005, ""max"": 15.000265068608401}",frames/window,check_quality_intervals,,160.68358816891208,1999073829,2000073829,
anomaly_seed550994_matrix_02,550994,matrix,outside_run,False,frequency_decrease,frequency,2000073829,,0,1,1037,,1,"{""min"": 2.5002171072841812, ""max"": 7.500651321852544}",frames/window,check_quality_intervals,,160.68358816891208,1999073829,2000073829,
anomaly_seed550994_matrix_02,550994,matrix,outside_run,False,frequency_decrease,frequency,2000073829,,0,1,1325,,0,"{""min"": 6.463728929873014e-06, ""max"": 2.00000646372893}",frames/window,check_quality_intervals,,160.68358816891208,1999073829,2000073829,
anomaly_seed550994_matrix_02,550994,matrix,outside_run,False,frequency_decrease,frequency,2000073829,,0,1,1329,,0,"{""min"": 3.738128557650988e-05, ""max"": 2.0000373812855763}",frames/window,check_quality_intervals,,160.68358816891208,1999073829,2000073829,
anomaly_seed550994_matrix_02,550994,matrix,outside_run,False,frequency_decrease,frequency,2000073829,,0,1,1425,,3,"{""min"": 5.00003265724498, ""max"": 15.000097971734942}",frames/window,check_quality_intervals,,160.68358816891208,1999073829,2000073829,
anomaly_seed550994_matrix_02,550994,matrix,outside_run,False,frequency_decrease,frequency,2000073829,,0,1,1553,,3,"{""min"": 5.000002444445641, ""max"": 15.00000733333692}",frames/window,check_quality_intervals,,160.68358816891208,1999073829,2000073829,
anomaly_seed550994_matrix_02,550994,matrix,outside_run,False,frequency_decrease,frequency,2000073829,,0,1,2021,,3,"{""min"": 5.00022271697961, ""max"": 15.000668150938829}",frames/window,check_quality_intervals,,160.68358816891208,1999073829,2000073829,
anomaly_seed550994_matrix_02,550994,matrix,outside_run,False,frequency_decrease,frequency,2001073829,,0,1,10,,0,"{""min"": 7.446982831504911e-06, ""max"": 2.0000074469828313}",frames/window,check_quality_intervals,,161.6835503828399,2000073829,2001073829,
anomaly_seed550994_matrix_02,550994,matrix,outside_run,False,frequency_decrease,frequency,2001073829,,0,1,1881,,0,"{""min"": 4.1229220260063926e-06, ""max"": 2.000004122922026}",frames/window,check_quality_intervals,,161.6835503828399,2000073829,2001073829,
anomaly_seed550994_matrix_02,550994,matrix,outside_run,False,missing_frame,timeout,2001802829,,0,1,1325,,3077029,2999980.608938549,us,check_quality_intervals,1998725800,162.41252283679336,,,
anomaly_seed550994_matrix_02,550994,matrix,outside_run,False,missing_frame,timeout,2002102829,,0,1,1329,,3032148,2999887.860335195,us,check_quality_intervals,1999070681,162.71251150097166,,,
anomaly_seed550994_matrix_02,550994,matrix,outside_run,False,missing_frame,timeout,2002302829,,0,1,10,,3051714,2999977.659217877,us,check_quality_intervals,1999251115,162.9125039437573,,,
anomaly_seed550994_matrix_02,550994,matrix,outside_run,False,missing_frame,timeout,2002302829,,0,1,1881,,3009068,2999987.6312849172,us,check_quality_intervals,1999293761,162.9125039437573,,,
anomaly_seed550994_matrix_03,550994,matrix,outside_run,False,missing_frame,timeout,2009602829,,0,1,27,,300000,299998.040578099,us,check_quality_intervals,,-1.2566653164659973,,,
anomaly_seed550994_matrix_03,550994,matrix,outside_run,False,missing_frame,timeout,2009602829,,0,1,1025,,300000,299994.6987215121,us,check_quality_intervals,,-1.2566653164659973,,,
anomaly_seed550994_matrix_03,550994,matrix,outside_run,False,missing_frame,timeout,2009602829,,0,1,1425,,300000,299998.040578099,us,check_quality_intervals,,-1.2566653164659973,,,
anomaly_seed550994_matrix_03,550994,matrix,outside_run,False,missing_frame,timeout,2009602829,,0,1,1553,,300000,299999.8533333333,us,check_quality_intervals,,-1.2566653164659973,,,
anomaly_seed550994_matrix_03,550994,matrix,outside_run,False,missing_frame,timeout,2009602829,,0,1,2021,,300000,299986.63757643115,us,check_quality_intervals,,-1.2566653164659973,,,
anomaly_seed550994_matrix_03,550994,matrix,outside_run,False,missing_frame,timeout,2009702829,,0,1,17,,400000,300008.7915508616,us,check_quality_intervals,,-1.1566720547617841,,,
anomaly_seed550994_matrix_03,550994,matrix,outside_run,False,missing_frame,timeout,2009702829,,0,1,96,,400000,300002.12618121144,us,check_quality_intervals,,-1.1566720547617841,,,
anomaly_seed550994_matrix_03,550994,matrix,outside_run,False,missing_frame,timeout,2009902829,,0,1,1037,,600000,599947.8987764185,us,check_quality_intervals,,-0.9566855313535848,,,
anomaly_seed550994_matrix_03,550994,matrix,outside_run,False,frequency_decrease,frequency,2010302829,,0,1,10,,0,"{""min"": 7.446982831504911e-06, ""max"": 2.0000074469828313}",frames/window,check_quality_intervals,,-0.5567124845374136,2009302829,2010302829,
anomaly_seed550994_matrix_03,550994,matrix,outside_run,False,frequency_decrease,frequency,2010302829,,0,1,17,,0,"{""min"": 4.999853478446146, ""max"": 14.999560435338438}",frames/window,check_quality_intervals,,-0.5567124845374136,2009302829,2010302829,
anomaly_seed550994_matrix_03,550994,matrix,outside_run,False,frequency_decrease,frequency,2010302829,,0,1,27,,0,"{""min"": 5.00003265724498, ""max"": 15.000097971734942}",frames/window,check_quality_intervals,,-0.5567124845374136,2009302829,2010302829,
anomaly_seed550994_matrix_03,550994,matrix,outside_run,False,frequency_decrease,frequency,2010302829,,0,1,96,,0,"{""min"": 4.999964563897621, ""max"": 14.999893691692865}",frames/window,check_quality_intervals,,-0.5567124845374136,2009302829,2010302829,
anomaly_seed550994_matrix_03,550994,matrix,outside_run,False,frequency_decrease,frequency,2010302829,,0,1,1025,,0,"{""min"": 5.0000883562028005, ""max"": 15.000265068608401}",frames/window,check_quality_intervals,,-0.5567124845374136,2009302829,2010302829,
anomaly_seed550994_matrix_03,550994,matrix,outside_run,False,frequency_decrease,frequency,2010302829,,0,1,1037,,0,"{""min"": 2.5002171072841812, ""max"": 7.500651321852544}",frames/window,check_quality_intervals,,-0.5567124845374136,2009302829,2010302829,
anomaly_seed550994_matrix_03,550994,matrix,outside_run,False,frequency_decrease,frequency,2010302829,,0,1,1325,,0,"{""min"": 6.463728929873014e-06, ""max"": 2.00000646372893}",frames/window,check_quality_intervals,,-0.5567124845374136,2009302829,2010302829,
anomaly_seed550994_matrix_03,550994,matrix,outside_run,False,frequency_decrease,frequency,2010302829,,0,1,1329,,0,"{""min"": 3.738128557650988e-05, ""max"": 2.0000373812855763}",frames/window,check_quality_intervals,,-0.5567124845374136,2009302829,2010302829,
anomaly_seed550994_matrix_03,550994,matrix,outside_run,False,frequency_decrease,frequency,2010302829,,0,1,1425,,0,"{""min"": 5.00003265724498, ""max"": 15.000097971734942}",frames/window,check_quality_intervals,,-0.5567124845374136,2009302829,2010302829,
anomaly_seed550994_matrix_03,550994,matrix,outside_run,False,frequency_decrease,frequency,2010302829,,0,1,1553,,0,"{""min"": 5.000002444445641, ""max"": 15.00000733333692}",frames/window,check_quality_intervals,,-0.5567124845374136,2009302829,2010302829,
anomaly_seed550994_matrix_03,550994,matrix,outside_run,False,frequency_decrease,frequency,2010302829,,0,1,1881,,0,"{""min"": 4.1229220260063926e-06, ""max"": 2.000004122922026}",frames/window,check_quality_intervals,,-0.5567124845374136,2009302829,2010302829,
anomaly_seed550994_matrix_03,550994,matrix,outside_run,False,frequency_decrease,frequency,2010302829,,0,1,2021,,0,"{""min"": 5.00022271697961, ""max"": 15.000668150938829}",frames/window,check_quality_intervals,,-0.5567124845374136,2009302829,2010302829,
anomaly_seed550994_matrix_03,550994,matrix,target_episode,False,period_violation,period,2025872230,,0,1,17,11582,35579,"{""min"": 70002.0513618677, ""max"": 130003.80967204004}",us,check_quality_intervals,,15.011639403149724,,,
anomaly_seed550994_matrix_03,550994,matrix,target_episode,False,statistical_deviation,three_sigma,2025872230,,0,1,17,11582,35579,"{""mean"": 100002.93051695387, ""std"": 5926.439876609726, ""sigma"": 3.0}",us,check_quality_intervals,,15.011639403149724,,,
anomaly_seed550994_matrix_03,550994,matrix,target_episode,False,statistical_deviation,three_sigma,2026106225,,0,1,17,11610,80999,"{""mean"": 100002.93051695387, ""std"": 5926.439876609726, ""sigma"": 3.0}",us,check_quality_intervals,,15.245618635874228,,,
anomaly_seed550994_matrix_03,550994,matrix,target_episode,False,period_violation,period,2026260690,,0,1,17,11627,69027,"{""min"": 70002.0513618677, ""max"": 130003.80967204004}",us,check_quality_intervals,,15.400073227565503,,,
anomaly_seed550994_matrix_03,550994,matrix,target_episode,False,statistical_deviation,three_sigma,2026260690,,0,1,17,11627,69027,"{""mean"": 100002.93051695387, ""std"": 5926.439876609726, ""sigma"": 3.0}",us,check_quality_intervals,,15.400073227565503,,,
anomaly_seed550994_matrix_03,550994,matrix,target_episode,False,statistical_deviation,three_sigma,2026507219,,0,1,17,11654,72001,"{""mean"": 100002.93051695387, ""std"": 5926.439876609726, ""sigma"": 3.0}",us,check_quality_intervals,,15.646585615711956,,,
anomaly_seed550994_matrix_03,550994,matrix,target_episode,False,statistical_deviation,three_sigma,2026742805,,0,1,17,11683,75997,"{""mean"": 100002.93051695387, ""std"": 5926.439876609726, ""sigma"": 3.0}",us,check_quality_intervals,,15.882155741230136,,,
anomaly_seed550994_matrix_03,550994,matrix,target_episode,False,statistical_deviation,three_sigma,2026991649,,0,1,17,11707,80435,"{""mean"": 100002.93051695387, ""std"": 5926.439876609726, ""sigma"": 3.0}",us,check_quality_intervals,,16.13098297338499,,,
anomaly_seed550994_matrix_03,550994,matrix,target_episode,False,statistical_deviation,three_sigma,2027467218,,0,1,17,11761,78597,"{""mean"": 100002.93051695387, ""std"": 5926.439876609726, ""sigma"": 3.0}",us,check_quality_intervals,,16.606519928138404,,,
anomaly_seed550994_matrix_03,550994,matrix,target_episode,False,statistical_deviation,three_sigma,2027789197,,0,1,17,11798,78001,"{""mean"": 100002.93051695387, ""std"": 5926.439876609726, ""sigma"": 3.0}",us,check_quality_intervals,,16.928477232240628,,,
anomaly_seed550994_matrix_03,550994,matrix,target_episode,False,period_violation,period,2028024191,,0,1,17,11827,69000,"{""min"": 70002.0513618677, ""max"": 130003.80967204004}",us,check_quality_intervals,,17.16345539764942,,,
anomaly_seed550994_matrix_03,550994,matrix,target_episode,False,statistical_deviation,three_sigma,2028024191,,0,1,17,11827,69000,"{""mean"": 100002.93051695387, ""std"": 5926.439876609726, ""sigma"": 3.0}",us,check_quality_intervals,,17.16345539764942,,,
anomaly_seed550994_matrix_03,550994,matrix,target_episode,False,statistical_deviation,three_sigma,2028268187,,0,1,17,11853,76561,"{""mean"": 100002.93051695387, ""std"": 5926.439876609726, ""sigma"": 3.0}",us,check_quality_intervals,,17.407434956476827,,,
anomaly_seed550994_matrix_03,550994,matrix,target_episode,False,statistical_deviation,three_sigma,2028744178,,0,1,17,11910,75998,"{""mean"": 100002.93051695387, ""std"": 5926.439876609726, ""sigma"": 3.0}",us,check_quality_intervals,,17.8833938827947,,,
anomaly_seed550994_matrix_03,550994,matrix,target_episode,False,statistical_deviation,three_sigma,2028989174,,0,1,17,11934,78997,"{""mean"": 100002.93051695387, ""std"": 5926.439876609726, ""sigma"": 3.0}",us,check_quality_intervals,,18.12837337423935,,,
anomaly_seed550994_matrix_03,550994,matrix,target_episode,False,statistical_deviation,three_sigma,2029226588,,0,1,17,11964,76418,"{""mean"": 100002.93051695387, ""std"": 5926.439876609726, ""sigma"": 3.0}",us,check_quality_intervals,,18.36577137658141,,,
anomaly_seed550994_matrix_03,550994,matrix,target_episode,False,statistical_deviation,three_sigma,2029470590,,0,1,17,11988,78005,"{""mean"": 100002.93051695387, ""std"": 5926.439876609726, ""sigma"": 3.0}",us,check_quality_intervals,,18.6097569350045,,,
anomaly_seed550994_matrix_03,550994,matrix,target_episode,False,statistical_deviation,three_sigma,2029789162,,0,1,17,12025,80001,"{""mean"": 100002.93051695387, ""std"": 5926.439876609726, ""sigma"": 3.0}",us,check_quality_intervals,,18.928307468680543,,,
anomaly_seed550994_matrix_03,550994,matrix,target_episode,False,period_violation,period,2030024574,,0,1,17,12054,69997,"{""min"": 70002.0513618677, ""max"": 130003.80967204004}",us,check_quality_intervals,,19.16370360592334,,,
anomaly_seed550994_matrix_03,550994,matrix,target_episode,False,statistical_deviation,three_sigma,2030024574,,0,1,17,12054,69997,"{""mean"": 100002.93051695387, ""std"": 5926.439876609726, ""sigma"": 3.0}",us,check_quality_intervals,,19.16370360592334,,,
anomaly_seed550994_matrix_03,550994,matrix,target_episode,False,statistical_deviation,three_sigma,2030263589,,0,1,17,12079,71016,"{""mean"": 100002.93051695387, ""std"": 5926.439876609726, ""sigma"": 3.0}",us,check_quality_intervals,,19.402702500385224,,,
anomaly_seed550994_matrix_03,550994,matrix,target_episode,False,statistical_deviation,three_sigma,2030501146,,0,1,17,12103,71419,"{""mean"": 100002.93051695387, ""std"": 5926.439876609726, ""sigma"": 3.0}",us,check_quality_intervals,,19.64024349309173,,,
anomaly_seed550994_matrix_03,550994,matrix,target_episode,False,statistical_deviation,three_sigma,2030667583,,0,1,17,12124,72438,"{""mean"": 100002.93051695387, ""std"": 5926.439876609726, ""sigma"": 3.0}",us,check_quality_intervals,,19.806669278074004,,,
anomaly_seed550994_matrix_03,550994,matrix,target_episode,False,statistical_deviation,three_sigma,2030910672,,0,1,17,12153,75528,"{""mean"": 100002.93051695387, ""std"": 5926.439876609726, ""sigma"": 3.0}",us,check_quality_intervals,,20.04974189801788,,,
anomaly_seed550994_matrix_03,550994,matrix,target_episode,False,statistical_deviation,three_sigma,2031230552,,0,1,17,12189,79417,"{""mean"": 100002.93051695387, ""std"": 5926.439876609726, ""sigma"": 3.0}",us,check_quality_intervals,,20.369600343556893,,,
anomaly_seed550994_matrix_03,550994,matrix,target_episode,False,statistical_deviation,three_sigma,2031788543,,0,1,17,12250,78979,"{""mean"": 100002.93051695387, ""std"": 5926.439876609726, ""sigma"": 3.0}",us,check_quality_intervals,,20.927553744471993,,,
anomaly_seed550994_matrix_03,550994,matrix,target_recovery,False,period_violation,period,2031938543,,0,1,17,12270,150000,"{""min"": 70002.0513618677, ""max"": 130003.80967204004}",us,check_quality_intervals,,21.0775436370282,,,
anomaly_seed550994_matrix_03,550994,matrix,other_id_during_episode,False,statistical_deviation,three_sigma,2032775611,,0,1,1881,12360,987845,"{""mean"": 999995.8770949724, ""std"": 2718.9869676307303, ""sigma"": 3.0}",us,check_quality_intervals,,21.914555232909326,,,
anomaly_seed550994_matrix_03,550994,matrix,target_episode,False,period_violation,period,2035870056,,0,1,17,12701,20557,"{""min"": 70002.0513618677, ""max"": 130003.80967204004}",us,check_quality_intervals,,25.008791720048,,,
anomaly_seed550994_matrix_03,550994,matrix,target_episode,False,statistical_deviation,three_sigma,2035870056,,0,1,17,12701,20557,"{""mean"": 100002.93051695387, ""std"": 5926.439876609726, ""sigma"": 3.0}",us,check_quality_intervals,,25.008791720048,,,
anomaly_seed550994_matrix_03,550994,matrix,target_episode,False,frequency_increase,frequency,2036302829,,0,1,17,,15,"{""min"": 4.999853478446146, ""max"": 14.999560435338438}",frames/window,check_quality_intervals,,25.44153555852258,2035302829,2036302829,
anomaly_seed550994_matrix_03,550994,matrix,other_id_during_episode,False,statistical_deviation,three_sigma,2036785551,,0,1,1881,12811,1009014,"{""mean"": 999995.8770949724, ""std"": 2718.9869676307303, ""sigma"": 3.0}",us,check_quality_intervals,,25.9242250312857,,,
anomaly_seed550994_matrix_03,550994,matrix,other_id_during_episode,False,statistical_deviation,three_sigma,2036915579,,0,1,2021,12828,113987,"{""mean"": 99995.54585881038, ""std"": 4537.376146841342, ""sigma"": 3.0}",us,check_quality_intervals,,26.05424426961432,,,
anomaly_seed550994_matrix_03,550994,matrix,other_id_during_episode,False,statistical_deviation,three_sigma,2041801507,,0,1,2021,13401,86010,"{""mean"": 99995.54585881038, ""std"": 4537.376146841342, ""sigma"": 3.0}",us,check_quality_intervals,,30.93984304132701,,,
anomaly_seed550994_matrix_03,550994,matrix,target_episode,False,period_violation,period,2045869320,,0,1,17,13850,20439,"{""min"": 70002.0513618677, ""max"": 130003.80967204004}",us,check_quality_intervals,,35.007381940049584,,,
anomaly_seed550994_matrix_03,550994,matrix,target_episode,False,statistical_deviation,three_sigma,2045869320,,0,1,17,13850,20439,"{""mean"": 100002.93051695387, ""std"": 5926.439876609726, ""sigma"": 3.0}",us,check_quality_intervals,,35.007381940049584,,,
anomaly_seed550994_matrix_03,550994,matrix,target_episode,False,burst,burst,2046140873,,0,1,17,13890,4,"{""min_frames"": 4, ""max_interval_us"": 25000.732629238468}",frames,check_quality_intervals,,35.2789166420049,,,
anomaly_seed550994_matrix_03,550994,matrix,target_episode,False,frequency_increase,frequency,2046302829,,0,1,17,,24,"{""min"": 4.999853478446146, ""max"": 14.999560435338438}",frames/window,check_quality_intervals,,35.44086172893027,2045302829,2046302829,
anomaly_seed550994_matrix_03,550994,matrix,target_episode,False,burst,burst,2046615866,,0,1,17,13953,4,"{""min_frames"": 4, ""max_interval_us"": 25000.732629238468}",frames,check_quality_intervals,,35.75387763557099,,,
anomaly_seed550994_matrix_03,550994,matrix,target_episode,False,burst,burst,2047138854,,0,1,17,14030,4,"{""min_frames"": 4, ""max_interval_us"": 25000.732629238468}",frames,check_quality_intervals,,36.27683039509184,,,
anomaly_seed550994_matrix_03,550994,matrix,target_episode,False,burst,burst,2051588778,,0,1,17,14651,4,"{""min_frames"": 4, ""max_interval_us"": 25000.732629238468}",frames,check_quality_intervals,,40.72645454604415,,,
anomaly_seed550994_matrix_03,550994,matrix,other_id_during_episode,False,statistical_deviation,three_sigma,2052779260,,0,1,1881,14793,990893,"{""mean"": 999995.8770949724, ""std"": 2718.9869676307303, ""sigma"": 3.0}",us,check_quality_intervals,,41.91685632784406,,,
anomaly_seed550994_matrix_03,550994,matrix,target_episode,False,period_violation,period,2055869284,,0,1,17,15134,20133,"{""min"": 70002.0513618677, ""max"": 130003.80967204004}",us,check_quality_intervals,,45.006672112882924,,,
anomaly_seed550994_matrix_03,550994,matrix,target_episode,False,statistical_deviation,three_sigma,2055869284,,0,1,17,15134,20133,"{""mean"": 100002.93051695387, ""std"": 5926.439876609726, ""sigma"": 3.0}",us,check_quality_intervals,,45.006672112882924,,,
anomaly_seed550994_matrix_03,550994,matrix,target_episode,False,period_violation,period,2056373135,,0,1,17,15188,133441,"{""min"": 70002.0513618677, ""max"": 130003.80967204004}",us,check_quality_intervals,,45.51048916191148,,,
anomaly_seed550994_matrix_03,550994,matrix,target_episode,False,statistical_deviation,three_sigma,2056373135,,0,1,17,15188,133441,"{""mean"": 100002.93051695387, ""std"": 5926.439876609726, ""sigma"": 3.0}",us,check_quality_intervals,,45.51048916191148,,,
anomaly_seed550994_matrix_03,550994,matrix,target_episode,False,period_violation,period,2056873129,,0,1,17,15243,135863,"{""min"": 70002.0513618677, ""max"": 130003.80967204004}",us,check_quality_intervals,,46.0104494708364,,,
anomaly_seed550994_matrix_03,550994,matrix,target_episode,False,period_violation,period,2057244677,,0,1,17,15284,132997,"{""min"": 70002.0513618677, ""max"": 130003.80967204004}",us,check_quality_intervals,,46.38197243483274,,,
anomaly_seed550994_matrix_03,550994,matrix,target_episode,False,statistical_deviation,three_sigma,2057244677,,0,1,17,15284,132997,"{""mean"": 100002.93051695387, ""std"": 5926.439876609726, ""sigma"": 3.0}",us,check_quality_intervals,,46.38197243483274,,,
anomaly_seed550994_matrix_03,550994,matrix,target_episode,False,period_violation,period,2057499113,,0,1,17,15306,133998,"{""min"": 70002.0513618677, ""max"": 130003.80967204004}",us,check_quality_intervals,,46.63639129018184,,,
anomaly_seed550994_matrix_03,550994,matrix,target_episode,False,statistical_deviation,three_sigma,2057737668,,0,1,17,15339,125997,"{""mean"": 100002.93051695387, ""std"": 5926.439876609726, ""sigma"": 3.0}",us,check_quality_intervals,,46.87493021564036,,,
anomaly_seed550994_matrix_03,550994,matrix,target_episode,False,period_violation,period,2057875668,,0,1,17,15351,138000,"{""min"": 70002.0513618677, ""max"": 130003.80967204004}",us,check_quality_intervals,,47.012920916791906,,,
anomaly_seed550994_matrix_03,550994,matrix,target_episode,False,statistical_deviation,three_sigma,2058114664,,0,1,17,15375,121554,"{""mean"": 100002.93051695387, ""std"": 5926.439876609726, ""sigma"": 3.0}",us,check_quality_intervals,,47.251900812534224,,,
anomaly_seed550994_matrix_03,550994,matrix,target_episode,False,period_violation,period,2058375238,,0,1,17,15405,133996,"{""min"": 70002.0513618677, ""max"": 130003.80967204004}",us,check_quality_intervals,,47.512457254286915,,,
anomaly_seed550994_matrix_03,550994,matrix,target_episode,False,period_violation,period,2058619656,,0,1,17,15431,132562,"{""min"": 70002.0513618677, ""max"": 130003.80967204004}",us,check_quality_intervals,,47.75685878467855,,,
anomaly_seed550994_matrix_03,550994,matrix,target_episode,False,statistical_deviation,three_sigma,2058619656,,0,1,17,15431,132562,"{""mean"": 100002.93051695387, ""std"": 5926.439876609726, ""sigma"": 3.0}",us,check_quality_intervals,,47.75685878467855,,,
anomaly_seed550994_matrix_03,550994,matrix,other_id_during_episode,False,statistical_deviation,three_sigma,2058789154,,0,1,1881,15451,1013840,"{""mean"": 999995.8770949724, ""std"": 2718.9869676307303, ""sigma"": 3.0}",us,check_quality_intervals,,47.92634536340193,,,
anomaly_seed550994_matrix_03,550994,matrix,target_episode,False,period_violation,period,2058873093,,0,1,17,15461,137442,"{""min"": 70002.0513618677, ""max"": 130003.80967204004}",us,check_quality_intervals,,48.010278707343815,,,
anomaly_seed550994_matrix_03,550994,matrix,target_episode,False,statistical_deviation,three_sigma,2058873093,,0,1,17,15461,137442,"{""mean"": 100002.93051695387, ""std"": 5926.439876609726, ""sigma"": 3.0}",us,check_quality_intervals,,48.010278707343815,,,
anomaly_seed550994_matrix_03,550994,matrix,target_episode,False,period_violation,period,2059494638,,0,1,17,15524,135417,"{""min"": 70002.0513618677, ""max"": 130003.80967204004}",us,check_quality_intervals,,48.63178182580239,,,
anomaly_seed550994_matrix_03,550994,matrix,target_episode,False,statistical_deviation,three_sigma,2059736055,,0,1,17,15557,125998,"{""mean"": 100002.93051695387, ""std"": 5926.439876609726, ""sigma"": 3.0}",us,check_quality_intervals,,48.87318255841025,,,
anomaly_seed550994_matrix_03,550994,matrix,target_episode,False,period_violation,period,2059873084,,0,1,17,15569,137029,"{""min"": 70002.0513618677, ""max"": 130003.80967204004}",us,check_quality_intervals,,49.010202324990715,,,
anomaly_seed550994_matrix_03,550994,matrix,target_episode,False,period_violation,period,2060375627,,0,1,17,15622,135000,"{""min"": 70002.0513618677, ""max"": 130003.80967204004}",us,check_quality_intervals,,49.51271146215629,,,
anomaly_seed550994_matrix_03,550994,matrix,target_episode,False,statistical_deviation,three_sigma,2060614619,,0,1,17,15647,121999,"{""mean"": 100002.93051695387, ""std"": 5926.439876609726, ""sigma"": 3.0}",us,check_quality_intervals,,49.751687358168155,,,
anomaly_seed550994_matrix_03,550994,matrix,other_id_during_episode,False,statistical_deviation,three_sigma,2060779120,,0,1,1881,15667,989841,"{""mean"": 999995.8770949724, ""std"": 2718.9869676307303, ""sigma"": 3.0}",us,check_quality_intervals,,49.91617727360418,,,
anomaly_seed550994_matrix_03,550994,matrix,target_episode,False,period_violation,period,2060994613,,0,1,17,15688,132995,"{""min"": 70002.0513618677, ""max"": 130003.80967204004}",us,check_quality_intervals,,50.13165575304784,,,
anomaly_seed550994_matrix_03,550994,matrix,target_episode,False,period_violation,period,2061246028,,0,1,17,15718,134837,"{""min"": 70002.0513618677, ""max"": 130003.80967204004}",us,check_quality_intervals,,50.383053811961325,,,
anomaly_seed550994_matrix_03,550994,matrix,target_episode,False,statistical_deviation,three_sigma,2061246028,,0,1,17,15718,134837,"{""mean"": 100002.93051695387, ""std"": 5926.439876609726, ""sigma"": 3.0}",us,check_quality_intervals,,50.383053811961325,,,
anomaly_seed550994_matrix_03,550994,matrix,target_recovery,False,period_violation,period,2061951036,,0,1,17,15795,216438,"{""min"": 70002.0513618677, ""max"": 130003.80967204004}",us,check_quality_intervals,,51.08801430643591,,,
anomaly_seed550994_matrix_03,550994,matrix,target_episode,False,period_violation,period,2065869529,,0,1,17,16226,20555,"{""min"": 70002.0513618677, ""max"": 130003.80967204004}",us,check_quality_intervals,,55.00624326678197,,,
anomaly_seed550994_matrix_03,550994,matrix,target_episode,False,statistical_deviation,three_sigma,2065869529,,0,1,17,16226,20555,"{""mean"": 100002.93051695387, ""std"": 5926.439876609726, ""sigma"": 3.0}",us,check_quality_intervals,,55.00624326678197,,,
anomaly_seed550994_matrix_03,550994,matrix,other_id_during_episode,False,statistical_deviation,three_sigma,2071789486,,0,1,1881,16849,1013981,"{""mean"": 999995.8770949724, ""std"": 2718.9869676307303, ""sigma"": 3.0}",us,check_quality_intervals,,60.925801362560854,,,
anomaly_seed550994_matrix_03,550994,matrix,target_episode,False,period_violation,period,2075869773,,0,1,17,17300,20838,"{""min"": 70002.0513618677, ""max"": 130003.80967204004}",us,check_quality_intervals,,65.00581342074805,,,
anomaly_seed550994_matrix_03,550994,matrix,target_episode,False,statistical_deviation,three_sigma,2075869773,,0,1,17,17300,20838,"{""mean"": 100002.93051695387, ""std"": 5926.439876609726, ""sigma"": 3.0}",us,check_quality_intervals,,65.00581342074805,,,
anomaly_seed550994_matrix_03,550994,matrix,target_episode,False,missing_frame,timeout,2076202890,,0,1,17,,333117,300008.7915508616,us,check_quality_intervals,2075869773,65.33890797433895,,,
anomaly_seed550994_matrix_03,550994,matrix,target_episode,False,missing_frame,timeout,2076605442,,0,1,17,,344660,300008.7915508616,us,check_quality_intervals,2076260782,65.74143284919397,,,
anomaly_seed550994_matrix_03,550994,matrix,other_id_during_episode,False,statistical_deviation,three_sigma,2076786839,,0,1,1881,17394,1009973,"{""mean"": 999995.8770949724, ""std"": 2718.9869676307303, ""sigma"": 3.0}",us,check_quality_intervals,,65.92281762612714,,,
anomaly_seed550994_matrix_03,550994,matrix,target_episode,False,missing_frame,timeout,2077001855,,0,1,17,,339516,300008.7915508616,us,check_quality_intervals,2076662339,66.13781913771288,,,
anomaly_seed550994_matrix_03,550994,matrix,target_episode,False,frequency_decrease,frequency,2077302829,,0,1,17,,2,"{""min"": 4.999853478446146, ""max"": 14.999560435338438}",frames/window,check_quality_intervals,,66.43877285719434,2076302829,2077302829,
anomaly_seed550994_matrix_03,550994,matrix,target_episode,False,missing_frame,timeout,2077403849,,0,1,17,,331519,300008.7915508616,us,check_quality_intervals,2077072330,66.53978605016741,,,
anomaly_seed550994_matrix_03,550994,matrix,target_episode,False,missing_frame,timeout,2077789800,,0,1,17,,321478,300008.7915508616,us,check_quality_intervals,2077468322,66.92571104364711,,,
anomaly_seed550994_matrix_03,550994,matrix,target_episode,False,missing_frame,timeout,2078200816,,0,1,17,,328049,300008.7915508616,us,check_quality_intervals,2077872767,67.33669934817276,,,
anomaly_seed550994_matrix_03,550994,matrix,target_episode,False,missing_frame,timeout,2078595408,,0,1,17,,333099,300008.7915508616,us,check_quality_intervals,2078262309,67.73126475939621,,,
anomaly_seed550994_matrix_03,550994,matrix,target_episode,False,missing_frame,timeout,2079002840,,0,1,17,,334536,300008.7915508616,us,check_quality_intervals,2078668304,68.13866930542234,,,
anomaly_seed550994_matrix_03,550994,matrix,target_episode,False,missing_frame,timeout,2079407394,,0,1,17,,333505,300008.7915508616,us,check_quality_intervals,2079073889,68.54319604537639,,,
anomaly_seed550994_matrix_03,550994,matrix,other_id_during_episode,False,statistical_deviation,three_sigma,2079492391,,0,1,1553,17671,84997,"{""mean"": 99999.95111111109, ""std"": 4972.81681632463, ""sigma"": 3.0}",us,check_quality_intervals,,68.62818731802739,,,
anomaly_seed550994_matrix_03,550994,matrix,target_episode,False,missing_frame,timeout,2079788788,,0,1,17,,320907,300008.7915508616,us,check_quality_intervals,2079467881,68.92456434592003,,,
anomaly_seed550994_matrix_03,550994,matrix,target_episode,False,missing_frame,timeout,2080199800,,0,1,17,,328518,300008.7915508616,us,check_quality_intervals,2079871282,69.33554865071522,,,
anomaly_seed550994_matrix_03,550994,matrix,target_episode,False,missing_frame,timeout,2080604812,,0,1,17,,340085,300008.7915508616,us,check_quality_intervals,2080264727,69.74053335980831,,,
anomaly_seed550994_matrix_03,550994,matrix,other_id_during_episode,False,statistical_deviation,three_sigma,2080776783,,0,1,1881,17806,987995,"{""mean"": 999995.8770949724, ""std"": 2718.9869676307303, ""sigma"": 3.0}",us,check_quality_intervals,,69.91249277189318,,,
anomaly_seed550994_matrix_03,550994,matrix,target_episode,False,missing_frame,timeout,2081001959,,0,1,17,,340691,300008.7915508616,us,check_quality_intervals,2080661268,70.13765359886833,,,
anomaly_seed550994_matrix_03,550994,matrix,target_episode,False,missing_frame,timeout,2081392810,,0,1,17,,319549,300008.7915508616,us,check_quality_intervals,2081073261,70.52847826217099,,,
anomaly_seed550994_matrix_03,550994,matrix,target_episode,False,missing_frame,timeout,2081789732,,0,1,17,,321478,300008.7915508616,us,check_quality_intervals,2081468254,70.9253735163924,,,
anomaly_seed550994_matrix_03,550994,matrix,target_episode,False,missing_frame,timeout,2086150267,,0,1,17,,301088,300008.7915508616,us,check_quality_intervals,2085849179,75.28561469064007,,,
anomaly_seed550994_matrix_03,550994,matrix,other_id_during_episode,False,statistical_deviation,three_sigma,2086786664,,0,1,1881,18450,1009973,"{""mean"": 999995.8770949724, ""std"": 2718.9869676307303, ""sigma"": 3.0}",us,check_quality_intervals,,75.92196880832718,,,
anomaly_seed550994_matrix_03,550994,matrix,target_recovery,False,period_violation,period,2086950161,,0,1,17,18469,1100982,"{""min"": 70002.0513618677, ""max"": 130003.80967204004}",us,check_quality_intervals,,76.0854547914155,,,
anomaly_seed550994_matrix_03,550994,matrix,target_recovery,False,statistical_deviation,three_sigma,2086950161,,0,1,17,18469,1100982,"{""mean"": 100002.93051695387, ""std"": 5926.439876609726, ""sigma"": 3.0}",us,check_quality_intervals,,76.0854547914155,,,
anomaly_seed550994_matrix_03,550994,matrix,target_recovery,False,frequency_decrease,frequency,2087302829,,0,1,17,,4,"{""min"": 4.999853478446146, ""max"": 14.999560435338438}",frames/window,check_quality_intervals,,76.43809902760204,2086302829,2087302829,
anomaly_seed550994_matrix_03,550994,matrix,background_candidate,False,statistical_deviation,three_sigma,2088407764,,0,1,1553,18625,115086,"{""mean"": 99999.95111111109, ""std"": 4972.81681632463, ""sigma"": 3.0}",us,check_quality_intervals,,77.54295957381181,,,
anomaly_seed550994_matrix_03,550994,matrix,target_episode,False,missing_frame,timeout,2091151178,,0,1,17,,303666,300008.7915508616,us,check_quality_intervals,2090847512,80.28618871445812,,,
anomaly_seed550994_matrix_03,550994,matrix,target_episode,False,frequency_decrease,frequency,2092302829,,0,1,17,,0,"{""min"": 4.999853478446146, ""max"": 14.999560435338438}",frames/window,check_quality_intervals,,81.43776211280587,2091302829,2092302829,
anomaly_seed550994_matrix_03,550994,matrix,other_id_during_episode,False,statistical_deviation,three_sigma,2092789539,,0,1,1881,19093,1013984,"{""mean"": 999995.8770949724, ""std"": 2718.9869676307303, ""sigma"": 3.0}",us,check_quality_intervals,,81.92443931684546,,,
anomaly_seed550994_matrix_03,550994,matrix,other_id_during_episode,False,statistical_deviation,three_sigma,2094776529,,0,1,1881,19293,987977,"{""mean"": 999995.8770949724, ""std"": 2718.9869676307303, ""sigma"": 3.0}",us,check_quality_intervals,,83.91129542757963,,,
anomaly_seed550994_matrix_03,550994,matrix,target_recovery,False,period_violation,period,2095938001,,0,1,17,19412,5090489,"{""min"": 70002.0513618677, ""max"": 130003.80967204004}",us,check_quality_intervals,,85.07268916415899,,,
anomaly_seed550994_matrix_03,550994,matrix,target_recovery,False,statistical_deviation,three_sigma,2095938001,,0,1,17,19412,5090489,"{""mean"": 100002.93051695387, ""std"": 5926.439876609726, ""sigma"": 3.0}",us,check_quality_intervals,,85.07268916415899,,,
anomaly_seed550994_matrix_03,550994,matrix,target_episode,False,period_violation,period,2100871538,,0,1,27,19944,16949,"{""min"": 69999.54280155644, ""max"": 129999.15091717624}",us,check_quality_intervals,,90.00589372783634,,,
anomaly_seed550994_matrix_03,550994,matrix,target_episode,False,statistical_deviation,three_sigma,2100871538,,0,1,27,19944,16949,"{""mean"": 99999.34685936634, ""std"": 5752.574263184422, ""sigma"": 3.0}",us,check_quality_intervals,,90.00589372783634,,,
anomaly_seed550994_matrix_03,550994,matrix,target_episode,False,burst,burst,2100911005,,0,1,27,19948,4,"{""min_frames"": 4, ""max_interval_us"": 24999.836714841585}",frames,check_quality_intervals,,90.04535806843315,,,
anomaly_seed550994_matrix_03,550994,matrix,other_id_during_episode,False,statistical_deviation,three_sigma,2103906964,,0,1,1553,20279,114997,"{""mean"": 99999.95111111109, ""std"": 4972.81681632463, ""sigma"": 3.0}",us,check_quality_intervals,,93.04111519184984,,,
anomaly_seed550994_matrix_03,550994,matrix,target_episode,False,period_violation,period,2105868919,,0,1,27,20499,16997,"{""min"": 69999.54280155644, ""max"": 129999.15091717624}",us,check_quality_intervals,,95.00293798951628,,,
anomaly_seed550994_matrix_03,550994,matrix,target_episode,False,statistical_deviation,three_sigma,2105868919,,0,1,27,20499,16997,"{""mean"": 99999.34685936634, ""std"": 5752.574263184422, ""sigma"": 3.0}",us,check_quality_intervals,,95.00293798951628,,,
anomaly_seed550994_matrix_03,550994,matrix,target_episode,False,burst,burst,2105885343,,0,1,27,20501,4,"{""min_frames"": 4, ""max_interval_us"": 24999.836714841585}",frames,check_quality_intervals,,95.01936088281848,,,
anomaly_seed550994_matrix_03,550994,matrix,target_episode,False,frequency_increase,frequency,2106302829,,0,1,27,,29,"{""min"": 5.00003265724498, ""max"": 15.000097971734942}",frames/window,check_quality_intervals,,95.43681875137663,2105302829,2106302829,
anomaly_seed550994_matrix_03,550994,matrix,target_episode,False,unknown_id,dbc,2113868718,,0,1,2045,21402,2045,ID in DBC or baseline,,check_quality_intervals,,103.00219793938658,,,
anomaly_seed550994_matrix_03,550994,matrix,target_episode,False,unknown_id,dbc,2118869052,,0,1,2045,21953,2045,ID in DBC or baseline,,check_quality_intervals,,108.00219500208435,,,
anomaly_seed550994_matrix_03,550994,matrix,target_episode,False,dlc_mismatch,dbc,2126869440,,0,1,10,22843,1,2,bytes,check_quality_intervals,,116.00204391226585,,,
anomaly_seed550994_matrix_03,550994,matrix,target_episode,False,period_violation,period,2126869440,,0,1,10,22843,141534,"{""min"": 699994.787150838, ""max"": 1299990.3189944134}",us,check_quality_intervals,,116.00204391226585,,,
anomaly_seed550994_matrix_03,550994,matrix,target_episode,False,statistical_deviation,three_sigma,2126869440,,0,1,10,22843,141534,"{""mean"": 999992.5530726257, ""std"": 7111.511378011396, ""sigma"": 3.0}",us,check_quality_intervals,,116.00204391226585,,,
anomaly_seed550994_matrix_03,550994,matrix,target_episode,False,burst,burst,2126972019,,0,1,10,22856,4,"{""min_frames"": 4, ""max_interval_us"": 249998.1382681564}",frames,check_quality_intervals,,116.10461600018915,,,
anomaly_seed550994_matrix_03,550994,matrix,target_episode,False,frequency_increase,frequency,2127302829,,0,1,10,,6,"{""min"": 7.446982831504911e-06, ""max"": 2.0000074469828313}",frames/window,check_quality_intervals,,116.43540370923279,2126302829,2127302829,
anomaly_seed550994_matrix_03,550994,matrix,target_episode,False,dlc_mismatch,dbc,2134871335,,0,1,10,23731,3,2,bytes,check_quality_intervals,,124.00339972090117,,,
anomaly_seed550994_matrix_03,550994,matrix,target_episode,False,period_violation,period,2134871335,,0,1,10,23731,134594,"{""min"": 699994.787150838, ""max"": 1299990.3189944134}",us,check_quality_intervals,,124.00339972090117,,,
anomaly_seed550994_matrix_03,550994,matrix,target_episode,False,statistical_deviation,three_sigma,2134871335,,0,1,10,23731,134594,"{""mean"": 999992.5530726257, ""std"": 7111.511378011396, ""sigma"": 3.0}",us,check_quality_intervals,,124.00339972090117,,,
anomaly_seed550994_matrix_03,550994,matrix,target_episode,False,burst,burst,2134961771,,0,1,10,23744,4,"{""min_frames"": 4, ""max_interval_us"": 249998.1382681564}",frames,check_quality_intervals,,124.09382962705628,,,
anomaly_seed550994_matrix_03,550994,matrix,target_episode,False,frequency_increase,frequency,2135302829,,0,1,10,,6,"{""min"": 7.446982831504911e-06, ""max"": 2.0000074469828313}",frames/window,check_quality_intervals,,124.43486464555895,2134302829,2135302829,
anomaly_seed550994_matrix_03,550994,matrix,target_episode,False,signal_out_of_range,dbc,2142871622,,0,1,6,24620,101.0,"{""min"": -100, ""max"": 100}",%,check_quality_intervals,,132.0031476378887,,,AccuFunSpeedIncrease
anomaly_seed550994_matrix_03,550994,matrix,target_episode,False,signal_out_of_range,dbc,2150869038,,0,1,6,25508,-101.0,"{""min"": -100, ""max"": 100}",%,check_quality_intervals,,140.00002474833212,,,AccuFunSpeedIncrease
anomaly_seed550994_matrix_03,550994,matrix,other_id_during_episode,False,statistical_deviation,three_sigma,2151807576,,0,1,1553,25613,115031,"{""mean"": 99999.95111111109, ""std"": 4972.81681632463, ""sigma"": 3.0}",us,check_quality_intervals,,140.93849950686467,,,
anomaly_seed550994_matrix_03,550994,matrix,target_episode,False,signal_out_of_range,dbc,2158869895,,0,1,6,26397,110.0,"{""min"": -100, ""max"": 100}",%,check_quality_intervals,,148.00034262691108,,,AccuFunSpeedIncrease
anomaly_seed550994_matrix_03,550994,matrix,other_id_during_episode,False,statistical_deviation,three_sigma,2160789929,,0,1,1881,26599,1012403,"{""mean"": 999995.8770949724, ""std"": 2718.9869676307303, ""sigma"": 3.0}",us,check_quality_intervals,,149.92024724933856,,,
anomaly_seed550994_matrix_03,550994,matrix,background_candidate,False,statistical_deviation,three_sigma,2163789876,,0,1,1881,26930,1014539,"{""mean"": 999995.8770949724, ""std"": 2718.9869676307303, ""sigma"": 3.0}",us,check_quality_intervals,,152.91999210403196,,,
anomaly_seed550994_matrix_03,550994,matrix,outside_run,False,missing_frame,timeout,2171134829,,0,1,96,,309040,300002.12618121144,us,check_quality_intervals,2170825789,160.26445017936365,,,
anomaly_seed550994_matrix_03,550994,matrix,outside_run,False,missing_frame,timeout,2171134829,,0,1,1425,,331037,299998.040578099,us,check_quality_intervals,2170803792,160.26445017936365,,,
anomaly_seed550994_matrix_03,550994,matrix,outside_run,False,missing_frame,timeout,2171134829,,0,1,1553,,331599,299999.8533333333,us,check_quality_intervals,2170803230,160.26445017936365,,,
anomaly_seed550994_matrix_03,550994,matrix,outside_run,False,missing_frame,timeout,2171134829,,0,1,2021,,326039,299986.63757643115,us,check_quality_intervals,2170808790,160.26445017936365,,,
anomaly_seed550994_matrix_03,550994,matrix,outside_run,False,missing_frame,timeout,2171234829,,0,1,17,,384722,300008.7915508616,us,check_quality_intervals,2170850107,160.36444344106764,,,
anomaly_seed550994_matrix_03,550994,matrix,outside_run,False,missing_frame,timeout,2171234829,,0,1,27,,381469,299998.040578099,us,check_quality_intervals,2170853360,160.36444344106764,,,
anomaly_seed550994_matrix_03,550994,matrix,outside_run,False,missing_frame,timeout,2171234829,,0,1,1025,,394458,299994.6987215121,us,check_quality_intervals,2170840371,160.36444344106764,,,
anomaly_seed550994_matrix_03,550994,matrix,outside_run,False,frequency_decrease,frequency,2171302829,,0,1,1325,,0,"{""min"": 6.463728929873014e-06, ""max"": 2.00000646372893}",frames/window,check_quality_intervals,,160.43243885902663,2170302829,2171302829,
anomaly_seed550994_matrix_03,550994,matrix,outside_run,False,frequency_decrease,frequency,2171302829,,0,1,1425,,5,"{""min"": 5.00003265724498, ""max"": 15.000097971734942}",frames/window,check_quality_intervals,,160.43243885902663,2170302829,2171302829,
anomaly_seed550994_matrix_03,550994,matrix,outside_run,False,frequency_decrease,frequency,2171302829,,0,1,1553,,5,"{""min"": 5.000002444445641, ""max"": 15.00000733333692}",frames/window,check_quality_intervals,,160.43243885902663,2170302829,2171302829,
anomaly_seed550994_matrix_03,550994,matrix,outside_run,False,missing_frame,timeout,2171334829,,0,1,1037,,614045,599947.8987764185,us,check_quality_intervals,2170720784,160.46443670277162,,,
anomaly_seed550994_matrix_03,550994,matrix,outside_run,False,frequency_decrease,frequency,2172302829,,0,1,10,,0,"{""min"": 7.446982831504911e-06, ""max"": 2.0000074469828313}",frames/window,check_quality_intervals,,161.4323714760674,2171302829,2172302829,
anomaly_seed550994_matrix_03,550994,matrix,outside_run,False,frequency_decrease,frequency,2172302829,,0,1,17,,0,"{""min"": 4.999853478446146, ""max"": 14.999560435338438}",frames/window,check_quality_intervals,,161.4323714760674,2171302829,2172302829,
anomaly_seed550994_matrix_03,550994,matrix,outside_run,False,frequency_decrease,frequency,2172302829,,0,1,27,,0,"{""min"": 5.00003265724498, ""max"": 15.000097971734942}",frames/window,check_quality_intervals,,161.4323714760674,2171302829,2172302829,
anomaly_seed550994_matrix_03,550994,matrix,outside_run,False,frequency_decrease,frequency,2172302829,,0,1,96,,0,"{""min"": 4.999964563897621, ""max"": 14.999893691692865}",frames/window,check_quality_intervals,,161.4323714760674,2171302829,2172302829,
anomaly_seed550994_matrix_03,550994,matrix,outside_run,False,frequency_decrease,frequency,2172302829,,0,1,1025,,0,"{""min"": 5.0000883562028005, ""max"": 15.000265068608401}",frames/window,check_quality_intervals,,161.4323714760674,2171302829,2172302829,
anomaly_seed550994_matrix_03,550994,matrix,outside_run,False,frequency_decrease,frequency,2172302829,,0,1,1037,,0,"{""min"": 2.5002171072841812, ""max"": 7.500651321852544}",frames/window,check_quality_intervals,,161.4323714760674,2171302829,2172302829,
anomaly_seed550994_matrix_03,550994,matrix,outside_run,False,frequency_decrease,frequency,2172302829,,0,1,1329,,0,"{""min"": 3.738128557650988e-05, ""max"": 2.0000373812855763}",frames/window,check_quality_intervals,,161.4323714760674,2171302829,2172302829,
anomaly_seed550994_matrix_03,550994,matrix,outside_run,False,frequency_decrease,frequency,2172302829,,0,1,1881,,0,"{""min"": 4.1229220260063926e-06, ""max"": 2.000004122922026}",frames/window,check_quality_intervals,,161.4323714760674,2171302829,2172302829,
anomaly_seed550994_matrix_03,550994,matrix,outside_run,False,frequency_decrease,frequency,2172302829,,0,1,2021,,0,"{""min"": 5.00022271697961, ""max"": 15.000668150938829}",frames/window,check_quality_intervals,,161.4323714760674,2171302829,2172302829,
anomaly_seed805238_matrix_01,805238,matrix,outside_run,False,missing_frame,timeout,5055959829,,0,1,65,,300015,299997.0800000003,us,check_quality_intervals,,-3.5785094606840087,,,
anomaly_seed805238_matrix_01,805238,matrix,outside_run,False,missing_frame,timeout,5055959829,,0,1,455,,300015,299998.3107281815,us,check_quality_intervals,,-3.5785094606840087,,,
anomaly_seed805238_matrix_01,805238,matrix,outside_run,False,missing_frame,timeout,5055959829,,0,1,512,,300015,299988.29849916586,us,check_quality_intervals,,-3.5785094606840087,,,
anomaly_seed805238_matrix_01,805238,matrix,outside_run,False,missing_frame,timeout,5055959829,,0,1,1425,,300015,299997.23666666617,us,check_quality_intervals,,-3.5785094606840087,,,
anomaly_seed805238_matrix_01,805238,matrix,outside_run,False,missing_frame,timeout,5055959829,,0,1,1761,,300015,300004.68593663163,us,check_quality_intervals,,-3.5785094606840087,,,
anomaly_seed805238_matrix_01,805238,matrix,outside_run,False,missing_frame,timeout,5055959829,,0,1,1763,,300015,300003.98221234005,us,check_quality_intervals,,-3.5785094606840087,,,
anomaly_seed805238_matrix_01,805238,matrix,outside_run,False,missing_frame,timeout,5056259829,,0,1,1037,,600015,599967.9733333335,us,check_quality_intervals,,-3.2785086675576394,,,
anomaly_seed805238_matrix_01,805238,matrix,outside_run,False,missing_frame,timeout,5056259829,,0,1,1038,,600015,599997.4471635147,us,check_quality_intervals,,-3.2785086675576394,,,
anomaly_seed805238_matrix_01,805238,matrix,outside_run,False,missing_frame,timeout,5056359829,,0,1,1317,,700015,600019.3982202449,us,check_quality_intervals,,-3.1785084031815765,,,
anomaly_seed805238_matrix_01,805238,matrix,outside_run,False,frequency_decrease,frequency,5056659814,,0,1,65,,0,"{""min"": 5.000048667140355, ""max"": 15.000146001421065}",frames/window,check_quality_intervals,,-2.8785226100944845,5055659814,5056659814,
anomaly_seed805238_matrix_01,805238,matrix,outside_run,False,frequency_decrease,frequency,5056659814,,0,1,455,,0,"{""min"": 5.000028154688845, ""max"": 15.000084464066536}",frames/window,check_quality_intervals,,-2.8785226100944845,5055659814,5056659814,
anomaly_seed805238_matrix_01,805238,matrix,outside_run,False,frequency_decrease,frequency,5056659814,,0,1,512,,0,"{""min"": 5.00019503262115, ""max"": 15.00058509786345}",frames/window,check_quality_intervals,,-2.8785226100944845,5055659814,5056659814,
anomaly_seed805238_matrix_01,805238,matrix,outside_run,False,frequency_decrease,frequency,5056659814,,0,1,1037,,0,"{""min"": 2.500133451567792, ""max"": 7.500400354703376}",frames/window,check_quality_intervals,,-2.8785226100944845,5055659814,5056659814,
anomaly_seed805238_matrix_01,805238,matrix,outside_run,False,frequency_decrease,frequency,5056659814,,0,1,1038,,0,"{""min"": 2.5000106368639456, ""max"": 7.5000319105918365}",frames/window,check_quality_intervals,,-2.8785226100944845,5055659814,5056659814,
anomaly_seed805238_matrix_01,805238,matrix,outside_run,False,frequency_decrease,frequency,5056659814,,0,1,1317,,0,"{""min"": 2.49991917669536, ""max"": 7.49975753008608}",frames/window,check_quality_intervals,,-2.8785226100944845,5055659814,5056659814,
anomaly_seed805238_matrix_01,805238,matrix,outside_run,False,frequency_decrease,frequency,5056659814,,0,1,1425,,0,"{""min"": 5.000046055979791, ""max"": 15.000138167939372}",frames/window,check_quality_intervals,,-2.8785226100944845,5055659814,5056659814,
anomaly_seed805238_matrix_01,805238,matrix,outside_run,False,frequency_decrease,frequency,5056659814,,0,1,1761,,0,"{""min"": 4.999921902276009, ""max"": 14.999765706828027}",frames/window,check_quality_intervals,,-2.8785226100944845,5055659814,5056659814,
anomaly_seed805238_matrix_01,805238,matrix,outside_run,False,frequency_decrease,frequency,5056659814,,0,1,1763,,0,"{""min"": 4.999933630675321, ""max"": 14.999800892025963}",frames/window,check_quality_intervals,,-2.8785226100944845,5055659814,5056659814,
anomaly_seed805238_matrix_01,805238,matrix,outside_run,False,frequency_decrease,frequency,5056659814,,0,1,1881,,0,"{""min"": 6.547528903277922e-06, ""max"": 2.000006547528903}",frames/window,check_quality_intervals,,-2.8785226100944845,5055659814,5056659814,
anomaly_seed805238_matrix_01,805238,matrix,outside_run,False,missing_frame,timeout,5058659814,,0,1,1881,,3000000,2999980.3575418997,us,check_quality_intervals,,-0.8785173225805057,,,
anomaly_seed805238_matrix_01,805238,matrix,outside_run,False,missing_frame,timeout,5058759829,,0,1,9,,3100015,3000013.9273743015,us,check_quality_intervals,,-0.7785020581651655,,,
anomaly_seed805238_matrix_01,805238,matrix,outside_run,False,missing_frame,timeout,5058759829,,0,1,10,,3100015,3000004.5251396648,us,check_quality_intervals,,-0.7785020581651655,,,
anomaly_seed805238_matrix_01,805238,matrix,outside_run,False,missing_frame,timeout,5058759829,,0,1,1327,,3100015,3000013.927374302,us,check_quality_intervals,,-0.7785020581651655,,,
anomaly_seed805238_matrix_01,805238,matrix,background_candidate,False,statistical_deviation,three_sigma,5068667158,,0,1,1881,4348,989575,"{""mean"": 999993.4525139666, ""std"": 3469.485721993882, ""sigma"": 3.0}",us,check_quality_intervals,,9.128853134405698,,,
anomaly_seed805238_matrix_01,805238,matrix,background_candidate,False,statistical_deviation,three_sigma,5071677514,,0,1,1881,4679,1010984,"{""mean"": 999993.4525139666, ""std"": 3469.485721993882, ""sigma"": 3.0}",us,check_quality_intervals,,12.139217093055187,,,
anomaly_seed805238_matrix_01,805238,matrix,target_episode,False,statistical_deviation,three_sigma,5074536497,,0,1,65,4995,70417,"{""mean"": 99999.02666666677, ""std"": 5960.796541510946, ""sigma"": 3.0}",us,check_quality_intervals,,14.998207651511557,,,
anomaly_seed805238_matrix_01,805238,matrix,target_episode,False,statistical_deviation,three_sigma,5074861490,,0,1,65,5033,74999,"{""mean"": 99999.02666666677, ""std"": 5960.796541510946, ""sigma"": 3.0}",us,check_quality_intervals,,15.323201510714249,,,
anomaly_seed805238_matrix_01,805238,matrix,target_episode,False,period_violation,period,5075097924,,0,1,65,5060,69434,"{""min"": 69999.31866666675, ""max"": 129998.7346666668}",us,check_quality_intervals,,15.559636135787752,,,
anomaly_seed805238_matrix_01,805238,matrix,target_episode,False,statistical_deviation,three_sigma,5075097924,,0,1,65,5060,69434,"{""mean"": 99999.02666666677, ""std"": 5960.796541510946, ""sigma"": 3.0}",us,check_quality_intervals,,15.559636135787752,,,
anomaly_seed805238_matrix_01,805238,matrix,target_episode,False,statistical_deviation,three_sigma,5075502898,,0,1,65,5103,79825,"{""mean"": 99999.02666666677, ""std"": 5960.796541510946, ""sigma"": 3.0}",us,check_quality_intervals,,15.964611206440633,,,
anomaly_seed805238_matrix_01,805238,matrix,target_episode,False,statistical_deviation,three_sigma,5075740893,,0,1,65,5132,77417,"{""mean"": 99999.02666666677, ""std"": 5960.796541510946, ""sigma"": 3.0}",us,check_quality_intervals,,16.202606835641987,,,
anomaly_seed805238_matrix_01,805238,matrix,target_episode,False,statistical_deviation,three_sigma,5075902472,,0,1,65,5148,78998,"{""mean"": 99999.02666666677, ""std"": 5960.796541510946, ""sigma"": 3.0}",us,check_quality_intervals,,16.364186262817217,,,
anomaly_seed805238_matrix_01,805238,matrix,target_episode,False,statistical_deviation,three_sigma,5076301907,,0,1,65,5194,77442,"{""mean"": 99999.02666666677, ""std"": 5960.796541510946, ""sigma"": 3.0}",us,check_quality_intervals,,16.76362231882656,,,
anomaly_seed805238_matrix_01,805238,matrix,target_episode,False,statistical_deviation,three_sigma,5076536880,,0,1,65,5221,73418,"{""mean"": 99999.02666666677, ""std"": 5960.796541510946, ""sigma"": 3.0}",us,check_quality_intervals,,16.998595940037696,,,
anomaly_seed805238_matrix_01,805238,matrix,target_episode,False,statistical_deviation,three_sigma,5076774457,,0,1,65,5250,70998,"{""mean"": 99999.02666666677, ""std"": 5960.796541510946, ""sigma"": 3.0}",us,check_quality_intervals,,17.236173568134333,,,
anomaly_seed805238_matrix_01,805238,matrix,target_episode,False,statistical_deviation,three_sigma,5077017454,,0,1,65,5276,70999,"{""mean"": 99999.02666666677, ""std"": 5960.796541510946, ""sigma"": 3.0}",us,check_quality_intervals,,17.47917121055873,,,
anomaly_seed805238_matrix_01,805238,matrix,target_episode,False,statistical_deviation,three_sigma,5077178879,,0,1,65,5296,78976,"{""mean"": 99999.02666666677, ""std"": 5960.796541510946, ""sigma"": 3.0}",us,check_quality_intervals,,17.640596637327437,,,
anomaly_seed805238_matrix_01,805238,matrix,target_episode,False,statistical_deviation,three_sigma,5077343889,,0,1,65,5312,78440,"{""mean"": 99999.02666666677, ""std"": 5960.796541510946, ""sigma"": 3.0}",us,check_quality_intervals,,17.805607073573487,,,
anomaly_seed805238_matrix_01,805238,matrix,target_episode,False,statistical_deviation,three_sigma,5077738021,,0,1,65,5357,71576,"{""mean"": 99999.02666666677, ""std"": 5960.796541510946, ""sigma"": 3.0}",us,check_quality_intervals,,18.19974011556307,,,
anomaly_seed805238_matrix_01,805238,matrix,target_episode,False,statistical_deviation,three_sigma,5077901877,,0,1,65,5373,80439,"{""mean"": 99999.02666666677, ""std"": 5960.796541510946, ""sigma"": 3.0}",us,check_quality_intervals,,18.36359654875864,,,
anomaly_seed805238_matrix_01,805238,matrix,target_episode,False,statistical_deviation,three_sigma,5078301870,,0,1,65,5419,76435,"{""mean"": 99999.02666666677, ""std"": 5960.796541510946, ""sigma"": 3.0}",us,check_quality_intervals,,18.763590606242925,,,
anomaly_seed805238_matrix_01,805238,matrix,target_episode,False,statistical_deviation,three_sigma,5078535869,,0,1,65,5446,73020,"{""mean"": 99999.02666666677, ""std"": 5960.796541510946, ""sigma"": 3.0}",us,check_quality_intervals,,18.997590224879456,,,
anomaly_seed805238_matrix_01,805238,matrix,target_episode,False,statistical_deviation,three_sigma,5078860419,,0,1,65,5483,71997,"{""mean"": 99999.02666666677, ""std"": 5960.796541510946, ""sigma"": 3.0}",us,check_quality_intervals,,19.32214108291015,,,
anomaly_seed805238_matrix_01,805238,matrix,target_episode,False,statistical_deviation,three_sigma,5079027011,,0,1,65,5501,81588,"{""mean"": 99999.02666666677, ""std"": 5960.796541510946, ""sigma"": 3.0}",us,check_quality_intervals,,19.488733523339405,,,
anomaly_seed805238_matrix_01,805238,matrix,target_episode,False,period_violation,period,5079095857,,0,1,65,5510,68846,"{""min"": 69999.31866666675, ""max"": 129998.7346666668}",us,check_quality_intervals,,19.55757970535162,,,
anomaly_seed805238_matrix_01,805238,matrix,target_episode,False,period_violation,period,5079253852,,0,1,65,5527,67437,"{""min"": 69999.31866666675, ""max"": 129998.7346666668}",us,check_quality_intervals,,19.71557512305158,,,
anomaly_seed805238_matrix_01,805238,matrix,target_episode,False,statistical_deviation,three_sigma,5079253852,,0,1,65,5527,67437,"{""mean"": 99999.02666666677, ""std"": 5960.796541510946, ""sigma"": 3.0}",us,check_quality_intervals,,19.71557512305158,,,
anomaly_seed805238_matrix_01,805238,matrix,target_episode,False,statistical_deviation,three_sigma,5079502411,,0,1,65,5554,79581,"{""mean"": 99999.02666666677, ""std"": 5960.796541510946, ""sigma"": 3.0}",us,check_quality_intervals,,19.96413478018174,,,
anomaly_seed805238_matrix_01,805238,matrix,target_episode,False,statistical_deviation,three_sigma,5079737986,,0,1,65,5583,71577,"{""mean"": 99999.02666666677, ""std"": 5960.796541510946, ""sigma"": 3.0}",us,check_quality_intervals,,20.199710402984493,,,
anomaly_seed805238_matrix_01,805238,matrix,target_episode,False,statistical_deviation,three_sigma,5079901840,,0,1,65,5599,80434,"{""mean"": 99999.02666666677, ""std"": 5960.796541510946, ""sigma"": 3.0}",us,check_quality_intervals,,20.36356483617501,,,
anomaly_seed805238_matrix_01,805238,matrix,target_episode,False,statistical_deviation,three_sigma,5080302393,,0,1,65,5645,76553,"{""mean"": 99999.02666666677, ""std"": 5960.796541510946, ""sigma"": 3.0}",us,check_quality_intervals,,20.76411889513929,,,
anomaly_seed805238_matrix_01,805238,matrix,background_candidate,False,statistical_deviation,three_sigma,5083678299,,0,1,1881,6019,1012405,"{""mean"": 999993.4525139666, ""std"": 3469.485721993882, ""sigma"": 3.0}",us,check_quality_intervals,,24.14003382021459,,,
anomaly_seed805238_matrix_01,805238,matrix,target_episode,False,statistical_deviation,three_sigma,5084539900,,0,1,65,6114,76139,"{""mean"": 99999.02666666677, ""std"": 5960.796541510946, ""sigma"": 3.0}",us,check_quality_intervals,,25.001637098077865,,,
anomaly_seed805238_matrix_01,805238,matrix,target_episode,False,period_violation,period,5084583758,,0,1,65,6120,43858,"{""min"": 69999.31866666675, ""max"": 129998.7346666668}",us,check_quality_intervals,,25.04549521402776,,,
anomaly_seed805238_matrix_01,805238,matrix,target_episode,False,frequency_increase,frequency,5085659814,,0,1,65,,20,"{""min"": 5.000048667140355, ""max"": 15.000146001421065}",frames/window,check_quality_intervals,,26.12155405885821,5084659814,5085659814,
anomaly_seed805238_matrix_01,805238,matrix,other_id_during_episode,False,statistical_deviation,three_sigma,5090908621,,0,1,1327,6876,991986,"{""mean"": 1000004.6424581007, ""std"": 2630.9833719445473, ""sigma"": 3.0}",us,check_quality_intervals,,31.370374935428345,,,
anomaly_seed805238_matrix_01,805238,matrix,target_episode,False,period_violation,period,5094535141,,0,1,65,7278,69996,"{""min"": 69999.31866666675, ""max"": 129998.7346666668}",us,check_quality_intervals,,34.996904523066654,,,
anomaly_seed805238_matrix_01,805238,matrix,target_episode,False,statistical_deviation,three_sigma,5094535141,,0,1,65,7278,69996,"{""mean"": 99999.02666666677, ""std"": 5960.796541510946, ""sigma"": 3.0}",us,check_quality_intervals,,34.996904523066654,,,
anomaly_seed805238_matrix_01,805238,matrix,target_episode,False,frequency_increase,frequency,5095659814,,0,1,65,,41,"{""min"": 5.000048667140355, ""max"": 15.000146001421065}",frames/window,check_quality_intervals,,36.1215804964281,5094659814,5095659814,
anomaly_seed805238_matrix_01,805238,matrix,other_id_during_episode,False,statistical_deviation,three_sigma,5095663666,,0,1,1881,7439,987146,"{""mean"": 999993.4525139666, ""std"": 3469.485721993882, ""sigma"": 3.0}",us,check_quality_intervals,,36.12543250661259,,,
anomaly_seed805238_matrix_01,805238,matrix,target_episode,False,burst,burst,5097413094,,0,1,65,7681,4,"{""min_frames"": 4, ""max_interval_us"": 24999.756666666693}",frames,check_quality_intervals,,37.87486513167426,,,
anomaly_seed805238_matrix_01,805238,matrix,other_id_during_episode,False,statistical_deviation,three_sigma,5099662542,,0,1,1881,8000,985981,"{""mean"": 999993.4525139666, ""std"": 3469.485721993882, ""sigma"": 3.0}",us,check_quality_intervals,,40.12431907866862,,,
anomaly_seed805238_matrix_01,805238,matrix,other_id_during_episode,False,statistical_deviation,three_sigma,5100907024,,0,1,1327,8148,991407,"{""mean"": 1000004.6424581007, ""std"": 2630.9833719445473, ""sigma"": 3.0}",us,check_quality_intervals,,41.368804368776665,,,
anomaly_seed805238_matrix_01,805238,matrix,background_candidate,False,statistical_deviation,three_sigma,5101911506,,0,1,9,8259,990562,"{""mean"": 1000004.6424581006, ""std"": 3114.986784154933, ""sigma"": 3.0}",us,check_quality_intervals,,42.373289024383254,,,
anomaly_seed805238_matrix_01,805238,matrix,target_episode,False,statistical_deviation,three_sigma,5104535964,,0,1,65,8550,70998,"{""mean"": 99999.02666666677, ""std"": 5960.796541510946, ""sigma"": 3.0}",us,check_quality_intervals,,44.99775396281176,,,
anomaly_seed805238_matrix_01,805238,matrix,target_episode,False,period_violation,period,5105171956,,0,1,65,8623,137579,"{""min"": 69999.31866666675, ""max"": 129998.7346666668}",us,check_quality_intervals,,45.6337476442205,,,
anomaly_seed805238_matrix_01,805238,matrix,target_episode,False,period_violation,period,5105669948,,0,1,65,8674,130421,"{""min"": 69999.31866666675, ""max"": 129998.7346666668}",us,check_quality_intervals,,46.13174096078994,,,
anomaly_seed805238_matrix_01,805238,matrix,target_episode,False,statistical_deviation,three_sigma,5106160356,,0,1,65,8728,125997,"{""mean"": 99999.02666666677, ""std"": 5960.796541510946, ""sigma"": 3.0}",us,check_quality_intervals,,46.62215025731009,,,
anomaly_seed805238_matrix_01,805238,matrix,target_episode,False,period_violation,period,5106417931,,0,1,65,8753,130997,"{""min"": 69999.31866666675, ""max"": 129998.7346666668}",us,check_quality_intervals,,46.87972593827543,,,
anomaly_seed805238_matrix_01,805238,matrix,target_episode,False,period_violation,period,5106793924,,0,1,65,8795,133403,"{""min"": 69999.31866666675, ""max"": 129998.7346666668}",us,check_quality_intervals,,47.255719932309205,,,
anomaly_seed805238_matrix_01,805238,matrix,target_episode,False,statistical_deviation,three_sigma,5106793924,,0,1,65,8795,133403,"{""mean"": 99999.02666666677, ""std"": 5960.796541510946, ""sigma"": 3.0}",us,check_quality_intervals,,47.255719932309205,,,
anomaly_seed805238_matrix_01,805238,matrix,target_episode,False,statistical_deviation,three_sigma,5107783909,,0,1,65,8903,125406,"{""mean"": 99999.02666666677, ""std"": 5960.796541510946, ""sigma"": 3.0}",us,check_quality_intervals,,48.24570754958913,,,
anomaly_seed805238_matrix_01,805238,matrix,target_episode,False,period_violation,period,5108172320,,0,1,65,8947,138418,"{""min"": 69999.31866666675, ""max"": 129998.7346666668}",us,check_quality_intervals,,48.63411957645333,,,
anomaly_seed805238_matrix_01,805238,matrix,target_episode,False,period_violation,period,5108416318,,0,1,65,8969,132419,"{""min"": 69999.31866666675, ""max"": 129998.7346666668}",us,check_quality_intervals,,48.878118221524666,,,
anomaly_seed805238_matrix_01,805238,matrix,target_episode,False,statistical_deviation,three_sigma,5108416318,,0,1,65,8969,132419,"{""mean"": 99999.02666666677, ""std"": 5960.796541510946, ""sigma"": 3.0}",us,check_quality_intervals,,48.878118221524666,,,
anomaly_seed805238_matrix_01,805238,matrix,target_episode,False,period_violation,period,5108797329,,0,1,65,9011,139017,"{""min"": 69999.31866666675, ""max"": 129998.7346666668}",us,check_quality_intervals,,49.25913022882556,,,
anomaly_seed805238_matrix_01,805238,matrix,target_episode,False,statistical_deviation,three_sigma,5108797329,,0,1,65,9011,139017,"{""mean"": 99999.02666666677, ""std"": 5960.796541510946, ""sigma"": 3.0}",us,check_quality_intervals,,49.25913022882556,,,
anomaly_seed805238_matrix_01,805238,matrix,target_episode,False,statistical_deviation,three_sigma,5109161882,,0,1,65,9052,127575,"{""mean"": 99999.02666666677, ""std"": 5960.796541510946, ""sigma"": 3.0}",us,check_quality_intervals,,49.62368419261544,,,
anomaly_seed805238_matrix_01,805238,matrix,target_episode,False,period_violation,period,5109671877,,0,1,65,9107,137580,"{""min"": 69999.31866666675, ""max"": 129998.7346666668}",us,check_quality_intervals,,50.13368054091772,,,
anomaly_seed805238_matrix_01,805238,matrix,target_episode,False,statistical_deviation,three_sigma,5109671877,,0,1,65,9107,137580,"{""mean"": 99999.02666666677, ""std"": 5960.796541510946, ""sigma"": 3.0}",us,check_quality_intervals,,50.13368054091772,,,
anomaly_seed805238_matrix_01,805238,matrix,target_episode,False,period_violation,period,5110566276,,0,1,65,9202,149997,"{""min"": 69999.31866666675, ""max"": 129998.7346666668}",us,check_quality_intervals,,51.02808190549113,,,
anomaly_seed805238_matrix_01,805238,matrix,background_candidate,True,statistical_deviation,three_sigma,5113677765,,0,1,1881,9547,1011389,"{""mean"": 999993.4525139666, ""std"": 3469.485721993882, ""sigma"": 3.0}",us,check_quality_intervals,,54.13957913151272,,,
anomaly_seed805238_matrix_01,805238,matrix,target_episode,True,statistical_deviation,three_sigma,5114534788,,0,1,65,9642,70999,"{""mean"": 99999.02666666677, ""std"": 5960.796541510946, ""sigma"": 3.0}",us,check_quality_intervals,,54.99660439727283,,,
anomaly_seed805238_matrix_01,805238,matrix,target_episode,True,period_violation,period,5114738204,,0,1,65,9665,203416,"{""min"": 69999.31866666675, ""max"": 129998.7346666668}",us,check_quality_intervals,,55.2000209350556,,,
anomaly_seed805238_matrix_01,805238,matrix,other_id_during_episode,True,statistical_deviation,three_sigma,5114916772,,0,1,1327,9681,1008979,"{""mean"": 1000004.6424581007, ""std"": 2630.9833719445473, ""sigma"": 3.0}",us,check_quality_intervals,,55.378589407145355,,,
anomaly_seed805238_matrix_01,805238,matrix,target_episode,True,frequency_decrease,frequency,5115567983,,0,1,65,,5,"{""min"": 5.000048667140355, ""max"": 15.000146001421065}",frames/window,check_quality_intervals,,56.02980212878931,5114567983,5115567983,
anomaly_seed805238_matrix_01,805238,matrix,other_id_during_episode,False,statistical_deviation,three_sigma,5118917707,,0,1,1327,10101,1007984,"{""mean"": 1000004.6424581007, ""std"": 2630.9833719445473, ""sigma"": 3.0}",us,check_quality_intervals,,59.379534984645254,,,
anomaly_seed805238_matrix_01,805238,matrix,other_id_during_episode,False,statistical_deviation,three_sigma,5119675661,,0,1,1881,10184,1012402,"{""mean"": 999993.4525139666, ""std"": 3469.485721993882, ""sigma"": 3.0}",us,check_quality_intervals,,60.13749098849205,,,
anomaly_seed805238_matrix_01,805238,matrix,target_episode,False,period_violation,period,5124536611,,0,1,65,10716,69554,"{""min"": 69999.31866666675, ""max"": 129998.7346666668}",us,check_quality_intervals,,64.99845383966282,,,
anomaly_seed805238_matrix_01,805238,matrix,target_episode,False,statistical_deviation,three_sigma,5124536611,,0,1,65,10716,69554,"{""mean"": 99999.02666666677, ""std"": 5960.796541510946, ""sigma"": 3.0}",us,check_quality_intervals,,64.99845383966282,,,
anomaly_seed805238_matrix_01,805238,matrix,target_episode,False,missing_frame,timeout,5124862078,,0,1,65,,325467,299997.0800000003,us,check_quality_intervals,5124536611,65.32392170011813,,,
anomaly_seed805238_matrix_01,805238,matrix,target_episode,False,missing_frame,timeout,5125267829,,0,1,65,,321226,299997.0800000003,us,check_quality_intervals,5124946603,65.72967377282541,,,
anomaly_seed805238_matrix_01,805238,matrix,target_episode,False,frequency_decrease,frequency,5125567983,,0,1,65,,2,"{""min"": 5.000048667140355, ""max"": 15.000146001421065}",frames/window,check_quality_intervals,,66.02982856635921,5124567983,5125567983,
anomaly_seed805238_matrix_01,805238,matrix,target_episode,False,missing_frame,timeout,5125658015,,0,1,65,,317417,299997.0800000003,us,check_quality_intervals,5125340598,66.119860804382,,,
anomaly_seed805238_matrix_01,805238,matrix,target_episode,False,missing_frame,timeout,5126058181,,0,1,65,,317154,299997.0800000003,us,check_quality_intervals,5125741027,66.52002786232401,,,
anomaly_seed805238_matrix_01,805238,matrix,target_episode,False,missing_frame,timeout,5126457581,,0,1,65,,314420,299997.0800000003,us,check_quality_intervals,5126143161,66.91942891823989,,,
anomaly_seed805238_matrix_01,805238,matrix,other_id_during_episode,False,statistical_deviation,three_sigma,5126677538,,0,1,1881,10937,1014402,"{""mean"": 999993.4525139666, ""std"": 3469.485721993882, ""sigma"": 3.0}",us,check_quality_intervals,,67.139386499753,,,
anomaly_seed805238_matrix_01,805238,matrix,target_episode,False,missing_frame,timeout,5126860574,,0,1,65,,317561,299997.0800000003,us,check_quality_intervals,5126543013,67.32242298365605,,,
anomaly_seed805238_matrix_01,805238,matrix,target_episode,False,missing_frame,timeout,5127267829,,0,1,65,,321257,299997.0800000003,us,check_quality_intervals,5126946572,67.7296790603394,,,
anomaly_seed805238_matrix_01,805238,matrix,target_episode,False,missing_frame,timeout,5127661139,,0,1,65,,317574,299997.0800000003,us,check_quality_intervals,5127343565,68.12299010015492,,,
anomaly_seed805238_matrix_01,805238,matrix,target_episode,False,missing_frame,timeout,5128041554,,0,1,65,,304996,299997.0800000003,us,check_quality_intervals,5127736558,68.50340610588027,,,
anomaly_seed805238_matrix_01,805238,matrix,target_episode,False,missing_frame,timeout,5128467829,,0,1,65,,325279,299997.0800000003,us,check_quality_intervals,5128142550,68.9296822328476,,,
anomaly_seed805238_matrix_01,805238,matrix,target_episode,False,missing_frame,timeout,5128862539,,0,1,65,,324994,299997.0800000003,us,check_quality_intervals,5128537545,69.32439327636449,,,
anomaly_seed805238_matrix_01,805238,matrix,target_episode,False,missing_frame,timeout,5129267829,,0,1,65,,321294,299997.0800000003,us,check_quality_intervals,5128946535,69.72968434785336,,,
anomaly_seed805238_matrix_01,805238,matrix,target_episode,False,missing_frame,timeout,5129659524,,0,1,65,,318994,299997.0800000003,us,check_quality_intervals,5129340530,70.12138038339911,,,
anomaly_seed805238_matrix_01,805238,matrix,target_episode,False,missing_frame,timeout,5130057937,,0,1,65,,320836,299997.0800000003,us,check_quality_intervals,5129737101,70.51979443670615,,,
anomaly_seed805238_matrix_01,805238,matrix,target_episode,False,missing_frame,timeout,5130459511,,0,1,65,,315582,299997.0800000003,us,check_quality_intervals,5130143929,70.92136949837065,,,
anomaly_seed805238_matrix_01,805238,matrix,background_candidate,False,statistical_deviation,three_sigma,5133676414,,0,1,1881,11680,1010983,"{""mean"": 999993.4525139666, ""std"": 3469.485721993882, ""sigma"": 3.0}",us,check_quality_intervals,,74.13828100308,,,
anomaly_seed805238_matrix_01,805238,matrix,target_episode,False,missing_frame,timeout,5134811892,,0,1,65,,351456,299997.0800000003,us,check_quality_intervals,5134460436,75.27376200500804,,,
anomaly_seed805238_matrix_01,805238,matrix,target_episode,False,frequency_decrease,frequency,5135568503,,0,1,65,,0,"{""min"": 5.000048667140355, ""max"": 15.000146001421065}",frames/window,check_quality_intervals,,76.03037500530436,5134568503,5135568503,
anomaly_seed805238_matrix_01,805238,matrix,target_episode,False,period_violation,period,5135570417,,0,1,65,11881,1109981,"{""min"": 69999.31866666675, ""max"": 129998.7346666668}",us,check_quality_intervals,,76.03228901036401,,,
anomaly_seed805238_matrix_01,805238,matrix,target_episode,False,statistical_deviation,three_sigma,5135570417,,0,1,65,11881,1109981,"{""mean"": 99999.02666666677, ""std"": 5960.796541510946, ""sigma"": 3.0}",us,check_quality_intervals,,76.03228901036401,,,
anomaly_seed805238_matrix_01,805238,matrix,target_episode,False,missing_frame,timeout,5139810334,,0,1,65,,346982,299997.0800000003,us,check_quality_intervals,5139463352,80.27221721967409,,,
anomaly_seed805238_matrix_01,805238,matrix,target_episode,False,frequency_decrease,frequency,5140568503,,0,1,65,,0,"{""min"": 5.000048667140355, ""max"": 15.000146001421065}",frames/window,check_quality_intervals,,81.03038822408931,5139568503,5140568503,
anomaly_seed805238_matrix_01,805238,matrix,other_id_during_episode,False,statistical_deviation,three_sigma,5140907735,,0,1,1327,12453,991403,"{""mean"": 1000004.6424581007, ""std"": 2630.9833719445473, ""sigma"": 3.0}",us,check_quality_intervals,,81.36962112093563,,,
anomaly_seed805238_matrix_01,805238,matrix,target_episode,False,period_violation,period,5144569673,,0,1,65,12824,5106321,"{""min"": 69999.31866666675, ""max"": 129998.7346666668}",us,check_quality_intervals,,85.03156880221002,,,
anomaly_seed805238_matrix_01,805238,matrix,target_episode,False,statistical_deviation,three_sigma,5144569673,,0,1,65,12824,5106321,"{""mean"": 99999.02666666677, ""std"": 5960.796541510946, ""sigma"": 3.0}",us,check_quality_intervals,,85.03156880221002,,,
anomaly_seed805238_matrix_01,805238,matrix,target_episode,False,period_violation,period,5149540163,,0,1,455,13371,32998,"{""min"": 69999.60583657568, ""max"": 129999.26798221198}",us,check_quality_intervals,,90.0020719429774,,,
anomaly_seed805238_matrix_01,805238,matrix,target_episode,False,statistical_deviation,three_sigma,5149540163,,0,1,455,13371,32998,"{""mean"": 99999.43690939383, ""std"": 6747.231844663525, ""sigma"": 3.0}",us,check_quality_intervals,,90.0020719429774,,,
anomaly_seed805238_matrix_01,805238,matrix,target_episode,False,burst,burst,5149593159,,0,1,455,13377,4,"{""min_frames"": 4, ""max_interval_us"": 24999.859227348457}",frames,check_quality_intervals,,90.05506808308628,,,
anomaly_seed805238_matrix_01,805238,matrix,target_episode,False,period_violation,period,5154536511,,0,1,455,13927,40969,"{""min"": 69999.60583657568, ""max"": 129999.26798221198}",us,check_quality_intervals,,94.99843315210792,,,
anomaly_seed805238_matrix_01,805238,matrix,target_episode,False,statistical_deviation,three_sigma,5154536511,,0,1,455,13927,40969,"{""mean"": 99999.43690939383, ""std"": 6747.231844663525, ""sigma"": 3.0}",us,check_quality_intervals,,94.99843315210792,,,
anomaly_seed805238_matrix_01,805238,matrix,target_episode,False,burst,burst,5154570071,,0,1,455,13933,4,"{""min_frames"": 4, ""max_interval_us"": 24999.859227348457}",frames,check_quality_intervals,,95.03199324083225,,,
anomaly_seed805238_matrix_01,805238,matrix,target_episode,False,frequency_increase,frequency,5155568503,,0,1,455,,24,"{""min"": 5.000028154688845, ""max"": 15.000084464066536}",frames/window,check_quality_intervals,,96.03042788044415,5154568503,5155568503,
anomaly_seed805238_matrix_01,805238,matrix,target_episode,False,unknown_id,dbc,5162535869,,0,1,2045,14815,2045,ID in DBC or baseline,,check_quality_intervals,,102.99781230046658,,,
anomaly_seed805238_matrix_01,805238,matrix,background_candidate,False,statistical_deviation,three_sigma,5166550869,,0,1,1038,15257,213996,"{""mean"": 199999.1490545049, ""std"": 4469.793214631377, ""sigma"": 3.0}",us,check_quality_intervals,,107.01282291515031,,,
anomaly_seed805238_matrix_01,805238,matrix,background_candidate,False,statistical_deviation,three_sigma,5166664407,,0,1,1881,15270,986560,"{""mean"": 999993.4525139666, ""std"": 3469.485721993882, ""sigma"": 3.0}",us,check_quality_intervals,,107.1263612153177,,,
anomaly_seed805238_matrix_01,805238,matrix,target_episode,False,unknown_id,dbc,5167536360,,0,1,2045,15368,2045,ID in DBC or baseline,,check_quality_intervals,,107.99831652054938,,,
anomaly_seed805238_matrix_01,805238,matrix,other_id_during_episode,False,statistical_deviation,three_sigma,5169920719,,0,1,9,15638,1010541,"{""mean"": 1000004.6424581006, ""std"": 3114.986784154933, ""sigma"": 3.0}",us,check_quality_intervals,,110.38268182421484,,,
anomaly_seed805238_matrix_01,805238,matrix,target_episode,False,dlc_mismatch,dbc,5175536589,,0,1,6,16260,1,2,bytes,check_quality_intervals,,115.99856667121094,,,
anomaly_seed805238_matrix_01,805238,matrix,background_candidate,False,statistical_deviation,three_sigma,5180664998,,0,1,1881,16828,988823,"{""mean"": 999993.4525139666, ""std"": 3469.485721993882, ""sigma"": 3.0}",us,check_quality_intervals,,121.126989229478,,,
anomaly_seed805238_matrix_01,805238,matrix,target_episode,False,dlc_mismatch,dbc,5183542062,,0,1,6,17147,3,2,bytes,check_quality_intervals,,124.00406083573631,,,
anomaly_seed805238_matrix_01,805238,matrix,target_episode,False,signal_out_of_range,dbc,5191541900,,0,1,6,18035,101.0,"{""min"": -100, ""max"": 100}",%,check_quality_intervals,,132.00391998536367,,,AccuFunSpeedIncrease
anomaly_seed805238_matrix_01,805238,matrix,target_episode,False,signal_out_of_range,dbc,5199539179,,0,1,6,18924,-101.0,"{""min"": -100, ""max"": 100}",%,check_quality_intervals,,140.00122012822607,,,AccuFunSpeedIncrease
anomaly_seed805238_matrix_01,805238,matrix,background_candidate,False,statistical_deviation,three_sigma,5210677047,,0,1,1881,20160,1012455,"{""mean"": 999993.4525139666, ""std"": 3469.485721993882, ""sigma"": 3.0}",us,check_quality_intervals,,151.13911757404225,,,
anomaly_seed805238_matrix_01,805238,matrix,background_candidate,False,statistical_deviation,three_sigma,5214665553,,0,1,1881,20602,989142,"{""mean"": 999993.4525139666, ""std"": 3469.485721993882, ""sigma"": 3.0}",us,check_quality_intervals,,155.12763411868255,,,
anomaly_seed805238_matrix_01,805238,matrix,background_candidate,False,statistical_deviation,three_sigma,5216677939,,0,1,1881,20823,1012401,"{""mean"": 999993.4525139666, ""std"": 3469.485721993882, ""sigma"": 3.0}",us,check_quality_intervals,,157.14002543894244,,,
anomaly_seed805238_matrix_01,805238,matrix,background_candidate,False,statistical_deviation,three_sigma,5218666432,,0,1,1881,21043,989510,"{""mean"": 999993.4525139666, ""std"": 3469.485721993882, ""sigma"": 3.0}",us,check_quality_intervals,,159.12852369603453,,,
anomaly_seed805238_matrix_01,805238,matrix,outside_run,False,missing_frame,timeout,5219778829,,0,1,65,,308482,299997.0800000003,us,check_quality_intervals,5219470347,160.24092363694174,,,
anomaly_seed805238_matrix_01,805238,matrix,outside_run,False,missing_frame,timeout,5219778829,,0,1,1425,,309320,299997.23666666617,us,check_quality_intervals,5219469509,160.24092363694174,,,
anomaly_seed805238_matrix_01,805238,matrix,outside_run,False,missing_frame,timeout,5219778829,,0,1,1763,,342897,300003.98221234005,us,check_quality_intervals,5219435932,160.24092363694174,,,
anomaly_seed805238_matrix_01,805238,matrix,outside_run,False,missing_frame,timeout,5219878829,,0,1,455,,380490,299998.3107281815,us,check_quality_intervals,5219498339,160.3409239013178,,,
anomaly_seed805238_matrix_01,805238,matrix,outside_run,False,missing_frame,timeout,5219878829,,0,1,512,,357462,299988.29849916586,us,check_quality_intervals,5219521367,160.3409239013178,,,
anomaly_seed805238_matrix_01,805238,matrix,outside_run,False,missing_frame,timeout,5219878829,,0,1,1761,,351899,300004.68593663163,us,check_quality_intervals,5219526930,160.3409239013178,,,
anomaly_seed805238_matrix_01,805238,matrix,outside_run,False,missing_frame,timeout,5219978829,,0,1,1037,,617325,599967.9733333335,us,check_quality_intervals,5219361504,160.44092416569296,,,
anomaly_seed805238_matrix_01,805238,matrix,outside_run,False,missing_frame,timeout,5219978829,,0,1,1038,,643896,599997.4471635147,us,check_quality_intervals,5219334933,160.44092416569296,,,
anomaly_seed805238_matrix_01,805238,matrix,outside_run,False,missing_frame,timeout,5220078829,,0,1,1317,,607441,600019.3982202449,us,check_quality_intervals,5219471388,160.54092443006903,,,
anomaly_seed805238_matrix_01,805238,matrix,outside_run,False,frequency_decrease,frequency,5220568503,,0,1,65,,0,"{""min"": 5.000048667140355, ""max"": 15.000146001421065}",frames/window,check_quality_intervals,,161.03059972464848,5219568503,5220568503,
anomaly_seed805238_matrix_01,805238,matrix,outside_run,False,frequency_decrease,frequency,5220568503,,0,1,455,,0,"{""min"": 5.000028154688845, ""max"": 15.000084464066536}",frames/window,check_quality_intervals,,161.03059972464848,5219568503,5220568503,
anomaly_seed805238_matrix_01,805238,matrix,outside_run,False,frequency_decrease,frequency,5220568503,,0,1,512,,0,"{""min"": 5.00019503262115, ""max"": 15.00058509786345}",frames/window,check_quality_intervals,,161.03059972464848,5219568503,5220568503,
anomaly_seed805238_matrix_01,805238,matrix,outside_run,False,frequency_decrease,frequency,5220568503,,0,1,1037,,0,"{""min"": 2.500133451567792, ""max"": 7.500400354703376}",frames/window,check_quality_intervals,,161.03059972464848,5219568503,5220568503,
anomaly_seed805238_matrix_01,805238,matrix,outside_run,False,frequency_decrease,frequency,5220568503,,0,1,1038,,0,"{""min"": 2.5000106368639456, ""max"": 7.5000319105918365}",frames/window,check_quality_intervals,,161.03059972464848,5219568503,5220568503,
anomaly_seed805238_matrix_01,805238,matrix,outside_run,False,frequency_decrease,frequency,5220568503,,0,1,1317,,0,"{""min"": 2.49991917669536, ""max"": 7.49975753008608}",frames/window,check_quality_intervals,,161.03059972464848,5219568503,5220568503,
anomaly_seed805238_matrix_01,805238,matrix,outside_run,False,frequency_decrease,frequency,5220568503,,0,1,1425,,0,"{""min"": 5.000046055979791, ""max"": 15.000138167939372}",frames/window,check_quality_intervals,,161.03059972464848,5219568503,5220568503,
anomaly_seed805238_matrix_01,805238,matrix,outside_run,False,frequency_decrease,frequency,5220568503,,0,1,1761,,0,"{""min"": 4.999921902276009, ""max"": 14.999765706828027}",frames/window,check_quality_intervals,,161.03059972464848,5219568503,5220568503,
anomaly_seed805238_matrix_01,805238,matrix,outside_run,False,frequency_decrease,frequency,5220568503,,0,1,1763,,0,"{""min"": 4.999933630675321, ""max"": 14.999800892025963}",frames/window,check_quality_intervals,,161.03059972464848,5219568503,5220568503,
anomaly_seed805238_matrix_01,805238,matrix,outside_run,False,frequency_decrease,frequency,5220568503,,0,1,1881,,0,"{""min"": 6.547528903277922e-06, ""max"": 2.000006547528903}",frames/window,check_quality_intervals,,161.03059972464848,5219568503,5220568503,
anomaly_seed805238_matrix_01,805238,matrix,outside_run,False,missing_frame,timeout,5221677829,,0,1,1881,,3011397,2999980.3575418997,us,check_quality_intervals,5218666432,162.13992865743663,,,
anomaly_seed805238_matrix_02,805238,matrix,outside_run,False,missing_frame,timeout,5231377829,,0,1,65,,300000,299997.0800000003,us,check_quality_intervals,,-1.2492969865674266,,,
anomaly_seed805238_matrix_02,805238,matrix,outside_run,False,missing_frame,timeout,5231377829,,0,1,455,,300000,299998.3107281815,us,check_quality_intervals,,-1.2492969865674266,,,
anomaly_seed805238_matrix_02,805238,matrix,outside_run,False,missing_frame,timeout,5231377829,,0,1,512,,300000,299988.29849916586,us,check_quality_intervals,,-1.2492969865674266,,,
anomaly_seed805238_matrix_02,805238,matrix,outside_run,False,missing_frame,timeout,5231377829,,0,1,1425,,300000,299997.23666666617,us,check_quality_intervals,,-1.2492969865674266,,,
anomaly_seed805238_matrix_02,805238,matrix,outside_run,False,missing_frame,timeout,5231477955,,0,1,1761,,400126,300004.68593663163,us,check_quality_intervals,,-1.1491701861785428,,,
anomaly_seed805238_matrix_02,805238,matrix,outside_run,False,missing_frame,timeout,5231477955,,0,1,1763,,400126,300003.98221234005,us,check_quality_intervals,,-1.1491701861785428,,,
anomaly_seed805238_matrix_02,805238,matrix,outside_run,False,missing_frame,timeout,5231677832,,0,1,1037,,600003,599967.9733333335,us,check_quality_intervals,,-0.9492915883989869,,,
anomaly_seed805238_matrix_02,805238,matrix,outside_run,False,missing_frame,timeout,5231677832,,0,1,1038,,600003,599997.4471635147,us,check_quality_intervals,,-0.9492915883989869,,,
anomaly_seed805238_matrix_02,805238,matrix,outside_run,False,missing_frame,timeout,5231777829,,0,1,1317,,700000,600019.3982202449,us,check_quality_intervals,,-0.8492937890422301,,,
anomaly_seed805238_matrix_02,805238,matrix,outside_run,False,frequency_decrease,frequency,5232077829,,0,1,65,,0,"{""min"": 5.000048667140355, ""max"": 15.000146001421065}",frames/window,check_quality_intervals,,-0.549291390897878,5231077829,5232077829,
anomaly_seed805238_matrix_02,805238,matrix,outside_run,False,frequency_decrease,frequency,5232077829,,0,1,455,,0,"{""min"": 5.000028154688845, ""max"": 15.000084464066536}",frames/window,check_quality_intervals,,-0.549291390897878,5231077829,5232077829,
anomaly_seed805238_matrix_02,805238,matrix,outside_run,False,frequency_decrease,frequency,5232077829,,0,1,512,,0,"{""min"": 5.00019503262115, ""max"": 15.00058509786345}",frames/window,check_quality_intervals,,-0.549291390897878,5231077829,5232077829,
anomaly_seed805238_matrix_02,805238,matrix,outside_run,False,frequency_decrease,frequency,5232077829,,0,1,1037,,0,"{""min"": 2.500133451567792, ""max"": 7.500400354703376}",frames/window,check_quality_intervals,,-0.549291390897878,5231077829,5232077829,
anomaly_seed805238_matrix_02,805238,matrix,outside_run,False,frequency_decrease,frequency,5232077829,,0,1,1038,,0,"{""min"": 2.5000106368639456, ""max"": 7.5000319105918365}",frames/window,check_quality_intervals,,-0.549291390897878,5231077829,5232077829,
anomaly_seed805238_matrix_02,805238,matrix,outside_run,False,frequency_decrease,frequency,5232077829,,0,1,1317,,0,"{""min"": 2.49991917669536, ""max"": 7.49975753008608}",frames/window,check_quality_intervals,,-0.549291390897878,5231077829,5232077829,
anomaly_seed805238_matrix_02,805238,matrix,outside_run,False,frequency_decrease,frequency,5232077829,,0,1,1425,,0,"{""min"": 5.000046055979791, ""max"": 15.000138167939372}",frames/window,check_quality_intervals,,-0.549291390897878,5231077829,5232077829,
anomaly_seed805238_matrix_02,805238,matrix,outside_run,False,frequency_decrease,frequency,5232077829,,0,1,1761,,0,"{""min"": 4.999921902276009, ""max"": 14.999765706828027}",frames/window,check_quality_intervals,,-0.549291390897878,5231077829,5232077829,
anomaly_seed805238_matrix_02,805238,matrix,outside_run,False,frequency_decrease,frequency,5232077829,,0,1,1763,,0,"{""min"": 4.999933630675321, ""max"": 14.999800892025963}",frames/window,check_quality_intervals,,-0.549291390897878,5231077829,5232077829,
anomaly_seed805238_matrix_02,805238,matrix,outside_run,False,frequency_decrease,frequency,5232077829,,0,1,1881,,0,"{""min"": 6.547528903277922e-06, ""max"": 2.000006547528903}",frames/window,check_quality_intervals,,-0.549291390897878,5231077829,5232077829,
anomaly_seed805238_matrix_02,805238,matrix,target_episode,False,statistical_deviation,three_sigma,5247634864,,0,1,65,23192,72438,"{""mean"": 99999.02666666677, ""std"": 5960.796541510946, ""sigma"": 3.0}",us,check_quality_intervals,,15.007867969144572,,,
anomaly_seed805238_matrix_02,805238,matrix,target_episode,False,statistical_deviation,three_sigma,5247866420,,0,1,65,23219,71998,"{""mean"": 99999.02666666677, ""std"": 5960.796541510946, ""sigma"": 3.0}",us,check_quality_intervals,,15.23942582016078,,,
anomaly_seed805238_matrix_02,805238,matrix,target_episode,False,statistical_deviation,three_sigma,5248034997,,0,1,65,23240,78987,"{""mean"": 99999.02666666677, ""std"": 5960.796541510946, ""sigma"": 3.0}",us,check_quality_intervals,,15.408004167733406,,,
anomaly_seed805238_matrix_02,805238,matrix,target_episode,False,statistical_deviation,three_sigma,5248191413,,0,1,65,23257,73402,"{""mean"": 99999.02666666677, ""std"": 5960.796541510946, ""sigma"": 3.0}",us,check_quality_intervals,,15.564421418093609,,,
anomaly_seed805238_matrix_02,805238,matrix,target_episode,False,statistical_deviation,three_sigma,5248439411,,0,1,65,23284,80997,"{""mean"": 99999.02666666677, ""std"": 5960.796541510946, ""sigma"": 3.0}",us,check_quality_intervals,,15.812421400544203,,,
anomaly_seed805238_matrix_02,805238,matrix,target_episode,False,statistical_deviation,three_sigma,5248995819,,0,1,65,23345,80980,"{""mean"": 99999.02666666677, ""std"": 5960.796541510946, ""sigma"": 3.0}",us,check_quality_intervals,,16.36883384836567,,,
anomaly_seed805238_matrix_02,805238,matrix,target_episode,False,statistical_deviation,three_sigma,5249312973,,0,1,65,23383,75565,"{""mean"": 99999.02666666677, ""std"": 5960.796541510946, ""sigma"": 3.0}",us,check_quality_intervals,,16.685990383636028,,,
anomaly_seed805238_matrix_02,805238,matrix,target_episode,False,statistical_deviation,three_sigma,5249631389,,0,1,65,23418,73998,"{""mean"": 99999.02666666677, ""std"": 5960.796541510946, ""sigma"": 3.0}",us,check_quality_intervals,,17.004408928994344,,,
anomaly_seed805238_matrix_02,805238,matrix,target_episode,False,statistical_deviation,three_sigma,5249785982,,0,1,65,23436,70595,"{""mean"": 99999.02666666677, ""std"": 5960.796541510946, ""sigma"": 3.0}",us,check_quality_intervals,,17.15900316478222,,,
anomaly_seed805238_matrix_02,805238,matrix,target_episode,False,statistical_deviation,three_sigma,5250034384,,0,1,65,23465,78999,"{""mean"": 99999.02666666677, ""std"": 5960.796541510946, ""sigma"": 3.0}",us,check_quality_intervals,,17.40740715046084,,,
anomaly_seed805238_matrix_02,805238,matrix,target_episode,False,statistical_deviation,three_sigma,5250191380,,0,1,65,23482,72996,"{""mean"": 99999.02666666677, ""std"": 5960.796541510946, ""sigma"": 3.0}",us,check_quality_intervals,,17.564404405458266,,,
anomaly_seed805238_matrix_02,805238,matrix,target_episode,False,statistical_deviation,three_sigma,5250436817,,0,1,65,23509,79440,"{""mean"": 99999.02666666677, ""std"": 5960.796541510946, ""sigma"": 3.0}",us,check_quality_intervals,,17.80984336743555,,,
anomaly_seed805238_matrix_02,805238,matrix,target_episode,False,statistical_deviation,three_sigma,5250746813,,0,1,65,23542,72003,"{""mean"": 99999.02666666677, ""std"": 5960.796541510946, ""sigma"": 3.0}",us,check_quality_intervals,,18.11984184548584,,,
anomaly_seed805238_matrix_02,805238,matrix,target_episode,False,statistical_deviation,three_sigma,5251073366,,0,1,65,23580,73577,"{""mean"": 99999.02666666677, ""std"": 5960.796541510946, ""sigma"": 3.0}",us,check_quality_intervals,,18.446397455889628,,,
anomaly_seed805238_matrix_02,805238,matrix,target_episode,False,statistical_deviation,three_sigma,5251399358,,0,1,65,23616,78545,"{""mean"": 99999.02666666677, ""std"": 5960.796541510946, ""sigma"": 3.0}",us,check_quality_intervals,,18.77239206180905,,,
anomaly_seed805238_matrix_02,805238,matrix,target_episode,False,statistical_deviation,three_sigma,5251878788,,0,1,65,23672,79998,"{""mean"": 99999.02666666677, ""std"": 5960.796541510946, ""sigma"": 3.0}",us,check_quality_intervals,,19.25182589428357,,,
anomaly_seed805238_matrix_02,805238,matrix,target_episode,False,statistical_deviation,three_sigma,5252112925,,0,1,65,23698,72576,"{""mean"": 99999.02666666677, ""std"": 5960.796541510946, ""sigma"": 3.0}",us,check_quality_intervals,,19.48596476593155,,,
anomaly_seed805238_matrix_02,805238,matrix,target_episode,False,statistical_deviation,three_sigma,5252276783,,0,1,65,23715,78437,"{""mean"": 99999.02666666677, ""std"": 5960.796541510946, ""sigma"": 3.0}",us,check_quality_intervals,,19.649824075781797,,,
anomaly_seed805238_matrix_02,805238,matrix,target_episode,False,statistical_deviation,three_sigma,5252435762,,0,1,65,23735,76420,"{""mean"": 99999.02666666677, ""std"": 5960.796541510946, ""sigma"": 3.0}",us,check_quality_intervals,,19.808804346630154,,,
anomaly_seed805238_matrix_02,805238,matrix,target_episode,False,statistical_deviation,three_sigma,5252745757,,0,1,65,23768,73417,"{""mean"": 99999.02666666677, ""std"": 5960.796541510946, ""sigma"": 3.0}",us,check_quality_intervals,,20.11880182467211,,,
anomaly_seed805238_matrix_02,805238,matrix,target_episode,False,period_violation,period,5253067920,,0,1,65,23806,68061,"{""min"": 69999.31866666675, ""max"": 129998.7346666668}",us,check_quality_intervals,,20.440967399983908,,,
anomaly_seed805238_matrix_02,805238,matrix,target_episode,False,statistical_deviation,three_sigma,5253067920,,0,1,65,23806,68061,"{""mean"": 99999.02666666677, ""std"": 5960.796541510946, ""sigma"": 3.0}",us,check_quality_intervals,,20.440967399983908,,,
anomaly_seed805238_matrix_02,805238,matrix,target_episode,False,statistical_deviation,three_sigma,5253314330,,0,1,65,23834,75528,"{""mean"": 99999.02666666677, ""std"": 5960.796541510946, ""sigma"": 3.0}",us,check_quality_intervals,,20.687379369739332,,,
anomaly_seed805238_matrix_02,805238,matrix,target_episode,False,period_violation,period,5257628686,,0,1,65,24311,69437,"{""min"": 69999.31866666675, ""max"": 129998.7346666668}",us,check_quality_intervals,,25.001769857898157,,,
anomaly_seed805238_matrix_02,805238,matrix,target_episode,False,statistical_deviation,three_sigma,5257628686,,0,1,65,24311,69437,"{""mean"": 99999.02666666677, ""std"": 5960.796541510946, ""sigma"": 3.0}",us,check_quality_intervals,,25.001769857898157,,,
anomaly_seed805238_matrix_02,805238,matrix,target_episode,False,frequency_increase,frequency,5259077829,,0,1,65,,20,"{""min"": 5.000048667140355, ""max"": 15.000146001421065}",frames/window,check_quality_intervals,,26.450924442077437,5258077829,5259077829,
anomaly_seed805238_matrix_02,805238,matrix,other_id_during_episode,False,statistical_deviation,three_sigma,5261756137,,0,1,1881,24806,986560,"{""mean"": 999993.4525139666, ""std"": 3469.485721993882, ""sigma"": 3.0}",us,check_quality_intervals,,29.12925385197363,,,
anomaly_seed805238_matrix_02,805238,matrix,target_episode,False,statistical_deviation,three_sigma,5267635488,,0,1,65,25475,71821,"{""mean"": 99999.02666666677, ""std"": 5960.796541510946, ""sigma"": 3.0}",us,check_quality_intervals,,35.00865185041096,,,
anomaly_seed805238_matrix_02,805238,matrix,target_episode,False,period_violation,period,5267661070,,0,1,65,25478,25582,"{""min"": 69999.31866666675, ""max"": 129998.7346666668}",us,check_quality_intervals,,35.03423405490893,,,
anomaly_seed805238_matrix_02,805238,matrix,target_episode,False,frequency_increase,frequency,5268077829,,0,1,65,,23,"{""min"": 5.000048667140355, ""max"": 15.000146001421065}",frames/window,check_quality_intervals,,35.450996386402544,5267077829,5268077829,
anomaly_seed805238_matrix_02,805238,matrix,target_episode,False,burst,burst,5268532053,,0,1,65,25602,4,"{""min_frames"": 4, ""max_interval_us"": 24999.756666666693}",frames,check_quality_intervals,,35.90522401738474,,,
anomaly_seed805238_matrix_02,805238,matrix,target_episode,False,burst,burst,5268927046,,0,1,65,25658,4,"{""min_frames"": 4, ""max_interval_us"": 24999.756666666693}",frames,check_quality_intervals,,36.300220174885155,,,
anomaly_seed805238_matrix_02,805238,matrix,target_episode,False,burst,burst,5269383038,,0,1,65,25719,4,"{""min_frames"": 4, ""max_interval_us"": 24999.756666666693}",frames,check_quality_intervals,,36.7562158200005,,,
anomaly_seed805238_matrix_02,805238,matrix,target_episode,False,burst,burst,5269506036,,0,1,65,25735,4,"{""min_frames"": 4, ""max_interval_us"": 24999.756666666693}",frames,check_quality_intervals,,36.87921480322344,,,
anomaly_seed805238_matrix_02,805238,matrix,target_episode,False,burst,burst,5269727465,,0,1,65,25770,4,"{""min_frames"": 4, ""max_interval_us"": 24999.756666666693}",frames,check_quality_intervals,,37.10064557328583,,,
anomaly_seed805238_matrix_02,805238,matrix,target_episode,False,burst,burst,5269928029,,0,1,65,25798,4,"{""min_frames"": 4, ""max_interval_us"": 24999.756666666693}",frames,check_quality_intervals,,37.30121117655688,,,
anomaly_seed805238_matrix_02,805238,matrix,target_episode,False,burst,burst,5271406003,,0,1,65,26001,4,"{""min_frames"": 4, ""max_interval_us"": 24999.756666666693}",frames,check_quality_intervals,,38.77919699120635,,,
anomaly_seed805238_matrix_02,805238,matrix,target_episode,False,burst,burst,5272004992,,0,1,65,26086,4,"{""min_frames"": 4, ""max_interval_us"": 24999.756666666693}",frames,check_quality_intervals,,39.37819077941302,,,
anomaly_seed805238_matrix_02,805238,matrix,other_id_during_episode,False,statistical_deviation,three_sigma,5272758378,,0,1,1881,26194,989418,"{""mean"": 999993.4525139666, ""std"": 3469.485721993882, ""sigma"": 3.0}",us,check_quality_intervals,,40.131582801840814,,,
anomaly_seed805238_matrix_02,805238,matrix,target_episode,False,burst,burst,5272927982,,0,1,65,26219,4,"{""min_frames"": 4, ""max_interval_us"": 24999.756666666693}",frames,check_quality_intervals,,40.301188157623336,,,
anomaly_seed805238_matrix_02,805238,matrix,target_episode,False,statistical_deviation,three_sigma,5277630893,,0,1,65,26759,71000,"{""mean"": 99999.02666666677, ""std"": 5960.796541510946, ""sigma"": 3.0}",us,check_quality_intervals,,45.00413675181806,,,
anomaly_seed805238_matrix_02,805238,matrix,target_episode,False,period_violation,period,5277889307,,0,1,65,26785,131415,"{""min"": 69999.31866666675, ""max"": 129998.7346666668}",us,check_quality_intervals,,45.2625528175323,,,
anomaly_seed805238_matrix_02,805238,matrix,target_episode,False,statistical_deviation,three_sigma,5278126461,,0,1,65,26816,123155,"{""mean"": 99999.02666666677, ""std"": 5960.796541510946, ""sigma"": 3.0}",us,check_quality_intervals,,45.499708713296705,,,
anomaly_seed805238_matrix_02,805238,matrix,target_episode,False,period_violation,period,5278513295,,0,1,65,26851,131416,"{""min"": 69999.31866666675, ""max"": 129998.7346666668}",us,check_quality_intervals,,45.88654580557562,,,
anomaly_seed805238_matrix_02,805238,matrix,target_episode,False,statistical_deviation,three_sigma,5278755295,,0,1,65,26880,126420,"{""mean"": 99999.02666666677, ""std"": 5960.796541510946, ""sigma"": 3.0}",us,check_quality_intervals,,46.12854774007877,,,
anomaly_seed805238_matrix_02,805238,matrix,target_episode,False,period_violation,period,5278889291,,0,1,65,26893,133996,"{""min"": 69999.31866666675, ""max"": 129998.7346666668}",us,check_quality_intervals,,46.26254481121834,,,
anomaly_seed805238_matrix_02,805238,matrix,target_episode,False,statistical_deviation,three_sigma,5279127867,,0,1,65,26924,125001,"{""mean"": 99999.02666666677, ""std"": 5960.796541510946, ""sigma"": 3.0}",us,check_quality_intervals,,46.501122718350224,,,
anomaly_seed805238_matrix_02,805238,matrix,target_episode,False,period_violation,period,5279514859,,0,1,65,26959,130997,"{""min"": 69999.31866666675, ""max"": 129998.7346666668}",us,check_quality_intervals,,46.88811781189199,,,
anomaly_seed805238_matrix_02,805238,matrix,target_episode,False,statistical_deviation,three_sigma,5279757276,,0,1,65,26988,125419,"{""mean"": 99999.02666666677, ""std"": 5960.796541510946, ""sigma"": 3.0}",us,check_quality_intervals,,47.13053674972876,,,
anomaly_seed805238_matrix_02,805238,matrix,target_episode,False,period_violation,period,5279891271,,0,1,65,27001,133995,"{""min"": 69999.31866666675, ""max"": 129998.7346666668}",us,check_quality_intervals,,47.26453282086,,,
anomaly_seed805238_matrix_02,805238,matrix,target_episode,False,statistical_deviation,three_sigma,5280128428,,0,1,65,27032,122578,"{""mean"": 99999.02666666677, ""std"": 5960.796541510946, ""sigma"": 3.0}",us,check_quality_intervals,,47.50169171664849,,,
anomaly_seed805238_matrix_02,805238,matrix,target_episode,False,period_violation,period,5280514293,,0,1,65,27061,131450,"{""min"": 69999.31866666675, ""max"": 129998.7346666668}",us,check_quality_intervals,,47.88755980118168,,,
anomaly_seed805238_matrix_02,805238,matrix,target_episode,False,period_violation,period,5281632825,,0,1,65,27180,130999,"{""min"": 69999.31866666675, ""max"": 129998.7346666668}",us,check_quality_intervals,,49.00610074251784,,,
anomaly_seed805238_matrix_02,805238,matrix,target_episode,False,statistical_deviation,three_sigma,5281632825,,0,1,65,27180,130999,"{""mean"": 99999.02666666677, ""std"": 5960.796541510946, ""sigma"": 3.0}",us,check_quality_intervals,,49.00610074251784,,,
anomaly_seed805238_matrix_02,805238,matrix,target_episode,False,period_violation,period,5282386813,,0,1,65,27260,130422,"{""min"": 69999.31866666675, ""max"": 129998.7346666668}",us,check_quality_intervals,,49.760094769757984,,,
anomaly_seed805238_matrix_02,805238,matrix,target_episode,False,period_violation,period,5282888800,,0,1,65,27317,133403,"{""min"": 69999.31866666675, ""max"": 129998.7346666668}",us,check_quality_intervals,,50.26208578254828,,,
anomaly_seed805238_matrix_02,805238,matrix,target_episode,False,statistical_deviation,three_sigma,5283130373,,0,1,65,27345,126575,"{""mean"": 99999.02666666677, ""std"": 5960.796541510946, ""sigma"": 3.0}",us,check_quality_intervals,,50.50366071363813,,,
anomaly_seed805238_matrix_02,805238,matrix,target_episode,False,period_violation,period,5283659786,,0,1,65,27399,157998,"{""min"": 69999.31866666675, ""max"": 129998.7346666668}",us,check_quality_intervals,,51.03307794566734,,,
anomaly_seed805238_matrix_02,805238,matrix,target_episode,False,statistical_deviation,three_sigma,5283659786,,0,1,65,27399,157998,"{""mean"": 99999.02666666677, ""std"": 5960.796541510946, ""sigma"": 3.0}",us,check_quality_intervals,,51.03307794566734,,,
anomaly_seed805238_matrix_02,805238,matrix,target_episode,False,statistical_deviation,three_sigma,5287631716,,0,1,65,27839,71548,"{""mean"": 99999.02666666677, ""std"": 5960.796541510946, ""sigma"": 3.0}",us,check_quality_intervals,,55.005039696536286,,,
anomaly_seed805238_matrix_02,805238,matrix,target_episode,False,period_violation,period,5287832292,,0,1,65,27862,200576,"{""min"": 69999.31866666675, ""max"": 129998.7346666668}",us,check_quality_intervals,,55.205617299903686,,,
anomaly_seed805238_matrix_02,805238,matrix,target_episode,False,frequency_decrease,frequency,5289077829,,0,1,65,,5,"{""min"": 5.000048667140355, ""max"": 15.000146001421065}",frames/window,check_quality_intervals,,56.45116425649446,5288077829,5289077829,
anomaly_seed805238_matrix_02,805238,matrix,other_id_during_episode,False,statistical_deviation,three_sigma,5292010073,,0,1,1327,28298,1008422,"{""mean"": 1000004.6424581007, ""std"": 2630.9833719445473, ""sigma"": 3.0}",us,check_quality_intervals,,59.38343169630784,,,
anomaly_seed805238_matrix_02,805238,matrix,target_episode,False,period_violation,period,5297627537,,0,1,65,28913,69416,"{""min"": 69999.31866666675, ""max"": 129998.7346666668}",us,check_quality_intervals,,65.00094060126958,,,
anomaly_seed805238_matrix_02,805238,matrix,target_episode,False,statistical_deviation,three_sigma,5297627537,,0,1,65,28913,69416,"{""mean"": 99999.02666666677, ""std"": 5960.796541510946, ""sigma"": 3.0}",us,check_quality_intervals,,65.00094060126958,,,
anomaly_seed805238_matrix_02,805238,matrix,target_episode,False,missing_frame,timeout,5297954537,,0,1,65,,327000,299997.0800000003,us,check_quality_intervals,5297627537,65.32794321524604,,,
anomaly_seed805238_matrix_02,805238,matrix,target_episode,False,missing_frame,timeout,5298352999,,0,1,65,,313469,299997.0800000003,us,check_quality_intervals,5298039530,65.72640840047723,,,
anomaly_seed805238_matrix_02,805238,matrix,target_episode,False,missing_frame,timeout,5298754523,,0,1,65,,324999,299997.0800000003,us,check_quality_intervals,5298429524,66.12793561018523,,,
anomaly_seed805238_matrix_02,805238,matrix,target_episode,False,frequency_decrease,frequency,5299077829,,0,1,65,,2,"{""min"": 5.000048667140355, ""max"": 15.000146001421065}",frames/window,check_quality_intervals,,66.45124419463346,5298077829,5299077829,
anomaly_seed805238_matrix_02,805238,matrix,target_episode,False,missing_frame,timeout,5299154984,,0,1,65,,322889,299997.0800000003,us,check_quality_intervals,5298832095,66.52839981139613,,,
anomaly_seed805238_matrix_02,805238,matrix,target_episode,False,missing_frame,timeout,5299550928,,0,1,65,,317417,299997.0800000003,us,check_quality_intervals,5299233511,66.92434697649864,,,
anomaly_seed805238_matrix_02,805238,matrix,target_episode,False,missing_frame,timeout,5299951096,,0,1,65,,322001,299997.0800000003,us,check_quality_intervals,5299629095,67.32451817536729,,,
anomaly_seed805238_matrix_02,805238,matrix,target_episode,False,missing_frame,timeout,5300363494,,0,1,65,,330996,299997.0800000003,us,check_quality_intervals,5300032498,67.73691947200055,,,
anomaly_seed805238_matrix_02,805238,matrix,target_episode,False,missing_frame,timeout,5300755016,,0,1,65,,316947,299997.0800000003,us,check_quality_intervals,5300438069,68.12844460175445,,,
anomaly_seed805238_matrix_02,805238,matrix,target_episode,False,missing_frame,timeout,5301150899,,0,1,65,,318835,299997.0800000003,us,check_quality_intervals,5300832064,68.52433076636962,,,
anomaly_seed805238_matrix_02,805238,matrix,target_episode,False,missing_frame,timeout,5301552052,,0,1,65,,314577,299997.0800000003,us,check_quality_intervals,5301237475,68.92548697311184,,,
anomaly_seed805238_matrix_02,805238,matrix,target_episode,False,missing_frame,timeout,5301950994,,0,1,65,,322524,299997.0800000003,us,check_quality_intervals,5301628470,69.32443216217975,,,
anomaly_seed805238_matrix_02,805238,matrix,target_episode,False,missing_frame,timeout,5302362038,,0,1,65,,329576,299997.0800000003,us,check_quality_intervals,5302032462,69.73547944798939,,,
anomaly_seed805238_matrix_02,805238,matrix,target_episode,False,missing_frame,timeout,5302752452,,0,1,65,,317396,299997.0800000003,us,check_quality_intervals,5302435056,70.12589656888576,,,
anomaly_seed805238_matrix_02,805238,matrix,target_episode,False,missing_frame,timeout,5303152023,,0,1,65,,322576,299997.0800000003,us,check_quality_intervals,5302829447,70.5254707629819,,,
anomaly_seed805238_matrix_02,805238,matrix,target_episode,False,missing_frame,timeout,5303562439,,0,1,65,,332420,299997.0800000003,us,check_quality_intervals,5303230019,70.93589004377165,,,
anomaly_seed805238_matrix_02,805238,matrix,target_episode,False,missing_frame,timeout,5307886829,,0,1,65,,323014,299997.0800000003,us,check_quality_intervals,5307563815,75.2603146121403,,,
anomaly_seed805238_matrix_02,805238,matrix,target_episode,False,frequency_decrease,frequency,5308077829,,0,1,65,,5,"{""min"": 5.000048667140355, ""max"": 15.000146001421065}",frames/window,check_quality_intervals,,75.45131613895856,5307077829,5308077829,
anomaly_seed805238_matrix_02,805238,matrix,target_episode,False,period_violation,period,5308663793,,0,1,65,30075,1099978,"{""min"": 69999.31866666675, ""max"": 129998.7346666668}",us,check_quality_intervals,,76.03728482304561,,,
anomaly_seed805238_matrix_02,805238,matrix,target_episode,False,statistical_deviation,three_sigma,5308663793,,0,1,65,30075,1099978,"{""mean"": 99999.02666666677, ""std"": 5960.796541510946, ""sigma"": 3.0}",us,check_quality_intervals,,76.03728482304561,,,
anomaly_seed805238_matrix_02,805238,matrix,target_episode,False,missing_frame,timeout,5312886829,,0,1,65,,331552,299997.0800000003,us,check_quality_intervals,5312555277,80.26035458120981,,,
anomaly_seed805238_matrix_02,805238,matrix,target_episode,False,frequency_decrease,frequency,5313077829,,0,1,65,,5,"{""min"": 5.000048667140355, ""max"": 15.000146001421065}",frames/window,check_quality_intervals,,80.45135610802807,5312077829,5313077829,
anomaly_seed805238_matrix_02,805238,matrix,target_episode,False,period_violation,period,5317658183,,0,1,65,31018,5102906,"{""min"": 69999.31866666675, ""max"": 129998.7346666668}",us,check_quality_intervals,,85.03174672252526,,,
anomaly_seed805238_matrix_02,805238,matrix,target_episode,False,statistical_deviation,three_sigma,5317658183,,0,1,65,31018,5102906,"{""mean"": 99999.02666666677, ""std"": 5960.796541510946, ""sigma"": 3.0}",us,check_quality_intervals,,85.03174672252526,,,
anomaly_seed805238_matrix_02,805238,matrix,target_episode,False,period_violation,period,5322631668,,0,1,455,31568,32578,"{""min"": 69999.60583657568, ""max"": 129999.26798221198}",us,check_quality_intervals,,90.00527147963922,,,
anomaly_seed805238_matrix_02,805238,matrix,target_episode,False,statistical_deviation,three_sigma,5322631668,,0,1,455,31568,32578,"{""mean"": 99999.43690939383, ""std"": 6747.231844663525, ""sigma"": 3.0}",us,check_quality_intervals,,90.00527147963922,,,
anomaly_seed805238_matrix_02,805238,matrix,target_episode,False,burst,burst,5322685524,,0,1,455,31574,4,"{""min_frames"": 4, ""max_interval_us"": 24999.859227348457}",frames,check_quality_intervals,,90.05912791015452,,,
anomaly_seed805238_matrix_02,805238,matrix,target_episode,False,period_violation,period,5327632997,,0,1,455,32124,41997,"{""min"": 69999.60583657568, ""max"": 129999.26798221198}",us,check_quality_intervals,,95.00664045933222,,,
anomaly_seed805238_matrix_02,805238,matrix,target_episode,False,statistical_deviation,three_sigma,5327632997,,0,1,455,32124,41997,"{""mean"": 99999.43690939383, ""std"": 6747.231844663525, ""sigma"": 3.0}",us,check_quality_intervals,,95.00664045933222,,,
anomaly_seed805238_matrix_02,805238,matrix,target_episode,False,burst,burst,5327658995,,0,1,455,32130,4,"{""min_frames"": 4, ""max_interval_us"": 24999.859227348457}",frames,check_quality_intervals,,95.03263866715547,,,
anomaly_seed805238_matrix_02,805238,matrix,target_episode,False,frequency_increase,frequency,5328077829,,0,1,455,,27,"{""min"": 5.000028154688845, ""max"": 15.000084464066536}",frames/window,check_quality_intervals,,95.45147601523658,5327077829,5328077829,
anomaly_seed805238_matrix_02,805238,matrix,target_episode,False,unknown_id,dbc,5335630795,,0,1,2045,33024,2045,ID in DBC or baseline,,check_quality_intervals,,103.00450239224138,,,
anomaly_seed805238_matrix_02,805238,matrix,target_episode,False,unknown_id,dbc,5340631287,,0,1,2045,33565,2045,ID in DBC or baseline,,check_quality_intervals,,108.00503436524396,,,
anomaly_seed805238_matrix_02,805238,matrix,target_episode,False,dlc_mismatch,dbc,5348632514,,0,1,6,34457,1,2,bytes,check_quality_intervals,,116.00632532556332,,,
anomaly_seed805238_matrix_02,805238,matrix,background_candidate,False,statistical_deviation,three_sigma,5352013908,,0,1,9,34830,1011981,"{""mean"": 1000004.6424581006, ""std"": 3114.986784154933, ""sigma"": 3.0}",us,check_quality_intervals,,119.38774635579767,,,
anomaly_seed805238_matrix_02,805238,matrix,target_episode,False,dlc_mismatch,dbc,5356633408,,0,1,6,35341,3,2,bytes,check_quality_intervals,,124.00728328322079,,,
anomaly_seed805238_matrix_02,805238,matrix,target_episode,False,signal_out_of_range,dbc,5364628249,,0,1,6,36229,101.0,"{""min"": -100, ""max"": 100}",%,check_quality_intervals,,132.00218819249253,,,AccuFunSpeedIncrease
anomaly_seed805238_matrix_02,805238,matrix,target_episode,False,signal_out_of_range,dbc,5372632687,,0,1,6,37118,-101.0,"{""min"": -100, ""max"": 100}",%,check_quality_intervals,,140.00669017848023,,,AccuFunSpeedIncrease
anomaly_seed805238_matrix_02,805238,matrix,outside_run,False,missing_frame,timeout,5392845829,,0,1,1763,,325529,300003.98221234005,us,check_quality_intervals,5392520300,160.21999375857533,,,
anomaly_seed805238_matrix_02,805238,matrix,outside_run,False,missing_frame,timeout,5392945829,,0,1,65,,388378,299997.0800000003,us,check_quality_intervals,5392557451,160.31999455795707,,,
anomaly_seed805238_matrix_02,805238,matrix,outside_run,False,missing_frame,timeout,5392945829,,0,1,455,,343979,299998.3107281815,us,check_quality_intervals,5392601850,160.31999455795707,,,
anomaly_seed805238_matrix_02,805238,matrix,outside_run,False,missing_frame,timeout,5392945829,,0,1,512,,335975,299988.29849916586,us,check_quality_intervals,5392609854,160.31999455795707,,,
anomaly_seed805238_matrix_02,805238,matrix,outside_run,False,missing_frame,timeout,5392945829,,0,1,1425,,391530,299997.23666666617,us,check_quality_intervals,5392554299,160.31999455795707,,,
anomaly_seed805238_matrix_02,805238,matrix,outside_run,False,missing_frame,timeout,5392945829,,0,1,1761,,330440,300004.68593663163,us,check_quality_intervals,5392615389,160.31999455795707,,,
anomaly_seed805238_matrix_02,805238,matrix,outside_run,False,missing_frame,timeout,5393045829,,0,1,1038,,612969,599997.4471635147,us,check_quality_intervals,5392432860,160.4199953573379,,,
anomaly_seed805238_matrix_02,805238,matrix,outside_run,False,frequency_decrease,frequency,5393077829,,0,1,65,,5,"{""min"": 5.000048667140355, ""max"": 15.000146001421065}",frames/window,check_quality_intervals,,160.45199561314013,5392077829,5393077829,
anomaly_seed805238_matrix_02,805238,matrix,outside_run,False,frequency_decrease,frequency,5393077829,,0,1,1037,,2,"{""min"": 2.500133451567792, ""max"": 7.500400354703376}",frames/window,check_quality_intervals,,160.45199561314013,5392077829,5393077829,
anomaly_seed805238_matrix_02,805238,matrix,outside_run,False,frequency_decrease,frequency,5393077829,,0,1,1038,,2,"{""min"": 2.5000106368639456, ""max"": 7.5000319105918365}",frames/window,check_quality_intervals,,160.45199561314013,5392077829,5393077829,
anomaly_seed805238_matrix_02,805238,matrix,outside_run,False,frequency_decrease,frequency,5393077829,,0,1,1425,,5,"{""min"": 5.000046055979791, ""max"": 15.000138167939372}",frames/window,check_quality_intervals,,160.45199561314013,5392077829,5393077829,
anomaly_seed805238_matrix_02,805238,matrix,outside_run,False,frequency_decrease,frequency,5393077829,,0,1,1881,,0,"{""min"": 6.547528903277922e-06, ""max"": 2.000006547528903}",frames/window,check_quality_intervals,,160.45199561314013,5392077829,5393077829,
anomaly_seed805238_matrix_02,805238,matrix,outside_run,False,missing_frame,timeout,5393145829,,0,1,1037,,685975,599967.9733333335,us,check_quality_intervals,5392459854,160.51999615671969,,,
anomaly_seed805238_matrix_02,805238,matrix,outside_run,False,missing_frame,timeout,5393245829,,0,1,1317,,670670,600019.3982202449,us,check_quality_intervals,5392575159,160.61999695610143,,,
anomaly_seed805238_matrix_02,805238,matrix,outside_run,False,frequency_decrease,frequency,5394077829,,0,1,455,,0,"{""min"": 5.000028154688845, ""max"": 15.000084464066536}",frames/window,check_quality_intervals,,161.452003606954,5393077829,5394077829,
anomaly_seed805238_matrix_02,805238,matrix,outside_run,False,frequency_decrease,frequency,5394077829,,0,1,512,,0,"{""min"": 5.00019503262115, ""max"": 15.00058509786345}",frames/window,check_quality_intervals,,161.452003606954,5393077829,5394077829,
anomaly_seed805238_matrix_02,805238,matrix,outside_run,False,frequency_decrease,frequency,5394077829,,0,1,1317,,0,"{""min"": 2.49991917669536, ""max"": 7.49975753008608}",frames/window,check_quality_intervals,,161.452003606954,5393077829,5394077829,
anomaly_seed805238_matrix_02,805238,matrix,outside_run,False,frequency_decrease,frequency,5394077829,,0,1,1761,,0,"{""min"": 4.999921902276009, ""max"": 14.999765706828027}",frames/window,check_quality_intervals,,161.452003606954,5393077829,5394077829,
anomaly_seed805238_matrix_02,805238,matrix,outside_run,False,frequency_decrease,frequency,5394077829,,0,1,1763,,0,"{""min"": 4.999933630675321, ""max"": 14.999800892025963}",frames/window,check_quality_intervals,,161.452003606954,5393077829,5394077829,
anomaly_seed805238_matrix_02,805238,matrix,outside_run,False,missing_frame,timeout,5394845829,,0,1,1881,,3087415,2999980.3575418997,us,check_quality_intervals,5391758414,162.22000974620312,,,
anomaly_seed805238_matrix_02,805238,matrix,outside_run,False,missing_frame,timeout,5395045829,,0,1,9,,3043047,3000013.9273743015,us,check_quality_intervals,5392002782,162.42001134496573,,,
anomaly_seed805238_matrix_02,805238,matrix,outside_run,False,missing_frame,timeout,5395045829,,0,1,1327,,3043531,3000013.927374302,us,check_quality_intervals,5392002298,162.42001134496573,,,
anomaly_seed805238_matrix_02,805238,matrix,outside_run,False,missing_frame,timeout,5395145829,,0,1,10,,3025628,3000004.5251396648,us,check_quality_intervals,5392120201,162.52001214434748,,,
anomaly_seed805238_matrix_03,805238,matrix,outside_run,False,missing_frame,timeout,5448196829,,0,1,65,,300000,299997.0800000003,us,check_quality_intervals,,-1.6700508611704175,,,
anomaly_seed805238_matrix_03,805238,matrix,outside_run,False,missing_frame,timeout,5448196829,,0,1,455,,300000,299998.3107281815,us,check_quality_intervals,,-1.6700508611704175,,,
anomaly_seed805238_matrix_03,805238,matrix,outside_run,False,missing_frame,timeout,5448196829,,0,1,512,,300000,299988.29849916586,us,check_quality_intervals,,-1.6700508611704175,,,
anomaly_seed805238_matrix_03,805238,matrix,outside_run,False,missing_frame,timeout,5448196829,,0,1,1425,,300000,299997.23666666617,us,check_quality_intervals,,-1.6700508611704175,,,
anomaly_seed805238_matrix_03,805238,matrix,outside_run,False,missing_frame,timeout,5448296829,,0,1,1761,,400000,300004.68593663163,us,check_quality_intervals,,-1.5700475760630475,,,
anomaly_seed805238_matrix_03,805238,matrix,outside_run,False,missing_frame,timeout,5448296829,,0,1,1763,,400000,300003.98221234005,us,check_quality_intervals,,-1.5700475760630475,,,
anomaly_seed805238_matrix_03,805238,matrix,outside_run,False,missing_frame,timeout,5448496829,,0,1,1037,,600000,599967.9733333335,us,check_quality_intervals,,-1.3700410058473977,,,
anomaly_seed805238_matrix_03,805238,matrix,outside_run,False,missing_frame,timeout,5448496829,,0,1,1038,,600000,599997.4471635147,us,check_quality_intervals,,-1.3700410058473977,,,
anomaly_seed805238_matrix_03,805238,matrix,outside_run,False,missing_frame,timeout,5448596829,,0,1,1317,,700000,600019.3982202449,us,check_quality_intervals,,-1.2700377207391182,,,
anomaly_seed805238_matrix_03,805238,matrix,outside_run,False,frequency_decrease,frequency,5448896829,,0,1,65,,0,"{""min"": 5.000048667140355, ""max"": 15.000146001421065}",frames/window,check_quality_intervals,,-0.9700278654151889,5447896829,5448896829,
anomaly_seed805238_matrix_03,805238,matrix,outside_run,False,frequency_decrease,frequency,5448896829,,0,1,455,,0,"{""min"": 5.000028154688845, ""max"": 15.000084464066536}",frames/window,check_quality_intervals,,-0.9700278654151889,5447896829,5448896829,
anomaly_seed805238_matrix_03,805238,matrix,outside_run,False,frequency_decrease,frequency,5448896829,,0,1,512,,0,"{""min"": 5.00019503262115, ""max"": 15.00058509786345}",frames/window,check_quality_intervals,,-0.9700278654151889,5447896829,5448896829,
anomaly_seed805238_matrix_03,805238,matrix,outside_run,False,frequency_decrease,frequency,5448896829,,0,1,1037,,0,"{""min"": 2.500133451567792, ""max"": 7.500400354703376}",frames/window,check_quality_intervals,,-0.9700278654151889,5447896829,5448896829,
anomaly_seed805238_matrix_03,805238,matrix,outside_run,False,frequency_decrease,frequency,5448896829,,0,1,1038,,0,"{""min"": 2.5000106368639456, ""max"": 7.5000319105918365}",frames/window,check_quality_intervals,,-0.9700278654151889,5447896829,5448896829,
anomaly_seed805238_matrix_03,805238,matrix,outside_run,False,frequency_decrease,frequency,5448896829,,0,1,1317,,0,"{""min"": 2.49991917669536, ""max"": 7.49975753008608}",frames/window,check_quality_intervals,,-0.9700278654151889,5447896829,5448896829,
anomaly_seed805238_matrix_03,805238,matrix,outside_run,False,frequency_decrease,frequency,5448896829,,0,1,1425,,0,"{""min"": 5.000046055979791, ""max"": 15.000138167939372}",frames/window,check_quality_intervals,,-0.9700278654151889,5447896829,5448896829,
anomaly_seed805238_matrix_03,805238,matrix,outside_run,False,frequency_decrease,frequency,5448896829,,0,1,1761,,0,"{""min"": 4.999921902276009, ""max"": 14.999765706828027}",frames/window,check_quality_intervals,,-0.9700278654151889,5447896829,5448896829,
anomaly_seed805238_matrix_03,805238,matrix,outside_run,False,frequency_decrease,frequency,5448896829,,0,1,1763,,0,"{""min"": 4.999933630675321, ""max"": 14.999800892025963}",frames/window,check_quality_intervals,,-0.9700278654151889,5447896829,5448896829,
anomaly_seed805238_matrix_03,805238,matrix,outside_run,False,frequency_decrease,frequency,5448896829,,0,1,1881,,0,"{""min"": 6.547528903277922e-06, ""max"": 2.000006547528903}",frames/window,check_quality_intervals,,-0.9700278654151889,5447896829,5448896829,
anomaly_seed805238_matrix_03,805238,matrix,boundary_guard,False,statistical_deviation,three_sigma,5450657409,,0,1,1038,41312,186578,"{""mean"": 199999.1490545049, ""std"": 4469.793214631377, ""sigma"": 3.0}",us,check_quality_intervals,,0.7906099715378732,,,
anomaly_seed805238_matrix_03,805238,matrix,target_episode,False,statistical_deviation,three_sigma,5464865571,,0,1,65,42869,74996,"{""mean"": 99999.02666666677, ""std"": 5960.796541510946, ""sigma"": 3.0}",us,check_quality_intervals,,14.999238724992326,,,
anomaly_seed805238_matrix_03,805238,matrix,target_episode,False,statistical_deviation,three_sigma,5465189565,,0,1,65,42903,74998,"{""mean"": 99999.02666666677, ""std"": 5960.796541510946, ""sigma"": 3.0}",us,check_quality_intervals,,15.323243368544269,,,
anomaly_seed805238_matrix_03,805238,matrix,target_episode,False,statistical_deviation,three_sigma,5465583562,,0,1,65,42949,76560,"{""mean"": 99999.02666666677, ""std"": 5960.796541510946, ""sigma"": 3.0}",us,check_quality_intervals,,15.71725331177103,,,
anomaly_seed805238_matrix_03,805238,matrix,target_episode,False,statistical_deviation,three_sigma,5465744556,,0,1,65,42969,73560,"{""mean"": 99999.02666666677, ""std"": 5960.796541510946, ""sigma"": 3.0}",us,check_quality_intervals,,15.878252600597515,,,
anomaly_seed805238_matrix_03,805238,matrix,target_episode,False,statistical_deviation,three_sigma,5465901972,,0,1,65,42985,74978,"{""mean"": 99999.02666666677, ""std"": 5960.796541510946, ""sigma"": 3.0}",us,check_quality_intervals,,16.035673771883005,,,
anomaly_seed805238_matrix_03,805238,matrix,target_episode,False,statistical_deviation,three_sigma,5466069130,,0,1,65,43005,75579,"{""mean"": 99999.02666666677, ""std"": 5960.796541510946, ""sigma"": 3.0}",us,check_quality_intervals,,16.202837263203893,,,
anomaly_seed805238_matrix_03,805238,matrix,target_episode,False,statistical_deviation,three_sigma,5466545540,,0,1,65,43059,71994,"{""mean"": 99999.02666666677, ""std"": 5960.796541510946, ""sigma"": 3.0}",us,check_quality_intervals,,16.67926291378673,,,
anomaly_seed805238_matrix_03,805238,matrix,target_episode,False,statistical_deviation,three_sigma,5466786976,,0,1,65,43084,76439,"{""mean"": 99999.02666666677, ""std"": 5960.796541510946, ""sigma"": 3.0}",us,check_quality_intervals,,16.920706845220124,,,
anomaly_seed805238_matrix_03,805238,matrix,target_episode,False,statistical_deviation,three_sigma,5467101532,,0,1,65,43120,70559,"{""mean"": 99999.02666666677, ""std"": 5960.796541510946, ""sigma"": 3.0}",us,check_quality_intervals,,17.23527317872354,,,
anomaly_seed805238_matrix_03,805238,matrix,target_episode,False,statistical_deviation,three_sigma,5467270531,,0,1,65,43141,77419,"{""mean"": 99999.02666666677, ""std"": 5960.796541510946, ""sigma"": 3.0}",us,check_quality_intervals,,17.404277730523503,,,
anomaly_seed805238_matrix_03,805238,matrix,target_episode,False,period_violation,period,5467500525,,0,1,65,43166,67998,"{""min"": 69999.31866666675, ""max"": 129998.7346666668}",us,check_quality_intervals,,17.634279286074865,,,
anomaly_seed805238_matrix_03,805238,matrix,target_episode,False,statistical_deviation,three_sigma,5467500525,,0,1,65,43166,67998,"{""mean"": 99999.02666666677, ""std"": 5960.796541510946, ""sigma"": 3.0}",us,check_quality_intervals,,17.634279286074865,,,
anomaly_seed805238_matrix_03,805238,matrix,target_episode,False,statistical_deviation,three_sigma,5467663525,,0,1,65,43185,71002,"{""mean"": 99999.02666666677, ""std"": 5960.796541510946, ""sigma"": 3.0}",us,check_quality_intervals,,17.797284640800324,,,
anomaly_seed805238_matrix_03,805238,matrix,target_episode,False,period_violation,period,5467820523,,0,1,65,43202,66998,"{""min"": 69999.31866666675, ""max"": 129998.7346666668}",us,check_quality_intervals,,17.954287798354436,,,
anomaly_seed805238_matrix_03,805238,matrix,target_episode,False,statistical_deviation,three_sigma,5467820523,,0,1,65,43202,66998,"{""mean"": 99999.02666666677, ""std"": 5960.796541510946, ""sigma"": 3.0}",us,check_quality_intervals,,17.954287798354436,,,
anomaly_seed805238_matrix_03,805238,matrix,target_episode,False,statistical_deviation,three_sigma,5468069096,,0,1,65,43230,75155,"{""mean"": 99999.02666666677, ""std"": 5960.796541510946, ""sigma"": 3.0}",us,check_quality_intervals,,18.202868964245585,,,
anomaly_seed805238_matrix_03,805238,matrix,target_episode,False,period_violation,period,5468381510,,0,1,65,43265,69997,"{""min"": 69999.31866666675, ""max"": 129998.7346666668}",us,check_quality_intervals,,18.515293227382617,,,
anomaly_seed805238_matrix_03,805238,matrix,target_episode,False,statistical_deviation,three_sigma,5468381510,,0,1,65,43265,69997,"{""mean"": 99999.02666666677, ""std"": 5960.796541510946, ""sigma"": 3.0}",us,check_quality_intervals,,18.515293227382617,,,
anomaly_seed805238_matrix_03,805238,matrix,target_episode,False,period_violation,period,5468621507,,0,1,65,43292,66419,"{""min"": 69999.31866666675, ""max"": 129998.7346666668}",us,check_quality_intervals,,18.75529811154274,,,
anomaly_seed805238_matrix_03,805238,matrix,target_episode,False,statistical_deviation,three_sigma,5468621507,,0,1,65,43292,66419,"{""mean"": 99999.02666666677, ""std"": 5960.796541510946, ""sigma"": 3.0}",us,check_quality_intervals,,18.75529811154274,,,
anomaly_seed805238_matrix_03,805238,matrix,target_episode,False,period_violation,period,5468862506,,0,1,65,43320,68582,"{""min"": 69999.31866666675, ""max"": 129998.7346666668}",us,check_quality_intervals,,18.996305028620522,,,
anomaly_seed805238_matrix_03,805238,matrix,target_episode,False,statistical_deviation,three_sigma,5468862506,,0,1,65,43320,68582,"{""mean"": 99999.02666666677, ""std"": 5960.796541510946, ""sigma"": 3.0}",us,check_quality_intervals,,18.996305028620522,,,
anomaly_seed805238_matrix_03,805238,matrix,target_episode,False,statistical_deviation,three_sigma,5469023497,,0,1,65,43337,74547,"{""mean"": 99999.02666666677, ""std"": 5960.796541510946, ""sigma"": 3.0}",us,check_quality_intervals,,19.157301317348345,,,
anomaly_seed805238_matrix_03,805238,matrix,target_episode,False,statistical_deviation,three_sigma,5469270498,,0,1,65,43366,77002,"{""mean"": 99999.02666666677, ""std"": 5960.796541510946, ""sigma"": 3.0}",us,check_quality_intervals,,19.404310431597477,,,
anomaly_seed805238_matrix_03,805238,matrix,target_episode,False,statistical_deviation,three_sigma,5469580490,,0,1,65,43400,72998,"{""mean"": 99999.02666666677, ""std"": 5960.796541510946, ""sigma"": 3.0}",us,check_quality_intervals,,19.71431261516963,,,
anomaly_seed805238_matrix_03,805238,matrix,target_episode,False,statistical_deviation,three_sigma,5469906487,,0,1,65,43436,71562,"{""mean"": 99999.02666666677, ""std"": 5960.796541510946, ""sigma"": 3.0}",us,check_quality_intervals,,20.040320324522796,,,
anomaly_seed805238_matrix_03,805238,matrix,other_id_during_episode,False,statistical_deviation,three_sigma,5469989861,,0,1,1881,43446,987400,"{""mean"": 999993.4525139666, ""std"": 3469.485721993882, ""sigma"": 3.0}",us,check_quality_intervals,,20.12369706344849,,,
anomaly_seed805238_matrix_03,805238,matrix,target_episode,False,period_violation,period,5470302912,,0,1,65,43482,69435,"{""min"": 69999.31866666675, ""max"": 129998.7346666668}",us,check_quality_intervals,,20.43675834751176,,,
anomaly_seed805238_matrix_03,805238,matrix,target_episode,False,statistical_deviation,three_sigma,5470302912,,0,1,65,43482,69435,"{""mean"": 99999.02666666677, ""std"": 5960.796541510946, ""sigma"": 3.0}",us,check_quality_intervals,,20.43675834751176,,,
anomaly_seed805238_matrix_03,805238,matrix,target_episode,False,period_violation,period,5470620467,,0,1,65,43518,64991,"{""min"": 69999.31866666675, ""max"": 129998.7346666668}",us,check_quality_intervals,,20.75432377953583,,,
anomaly_seed805238_matrix_03,805238,matrix,target_episode,False,statistical_deviation,three_sigma,5470620467,,0,1,65,43518,64991,"{""mean"": 99999.02666666677, ""std"": 5960.796541510946, ""sigma"": 3.0}",us,check_quality_intervals,,20.75432377953583,,,
anomaly_seed805238_matrix_03,805238,matrix,target_episode,False,period_violation,period,5474861394,,0,1,65,43988,64996,"{""min"": 69999.31866666675, ""max"": 129998.7346666668}",us,check_quality_intervals,,24.99539009856424,,,
anomaly_seed805238_matrix_03,805238,matrix,target_episode,False,statistical_deviation,three_sigma,5474861394,,0,1,65,43988,64996,"{""mean"": 99999.02666666677, ""std"": 5960.796541510946, ""sigma"": 3.0}",us,check_quality_intervals,,24.99539009856424,,,
anomaly_seed805238_matrix_03,805238,matrix,target_episode,False,frequency_increase,frequency,5475930813,,0,1,65,,20,"{""min"": 5.000048667140355, ""max"": 15.000146001421065}",frames/window,check_quality_intervals,,26.06484423013284,5474930813,5475930813,
anomaly_seed805238_matrix_03,805238,matrix,other_id_during_episode,False,statistical_deviation,three_sigma,5477989722,,0,1,1881,44362,985402,"{""mean"": 999993.4525139666, ""std"": 3469.485721993882, ""sigma"": 3.0}",us,check_quality_intervals,,28.12382086751569,,,
anomaly_seed805238_matrix_03,805238,matrix,other_id_during_episode,False,statistical_deviation,three_sigma,5481000248,,0,1,1881,44722,1010454,"{""mean"": 999993.4525139666, ""std"": 3469.485721993882, ""sigma"": 3.0}",us,check_quality_intervals,,31.13444576654365,,,
anomaly_seed805238_matrix_03,805238,matrix,target_episode,False,statistical_deviation,three_sigma,5484864796,,0,1,65,45152,74579,"{""mean"": 99999.02666666677, ""std"": 5960.796541510946, ""sigma"": 3.0}",us,check_quality_intervals,,34.99912072111547,,,
anomaly_seed805238_matrix_03,805238,matrix,target_episode,False,period_violation,period,5484898795,,0,1,65,45155,33999,"{""min"": 69999.31866666675, ""max"": 129998.7346666668}",us,check_quality_intervals,,35.03312083801953,,,
anomaly_seed805238_matrix_03,805238,matrix,target_episode,False,burst,burst,5485768200,,0,1,65,45279,4,"{""min_frames"": 4, ""max_interval_us"": 24999.756666666693}",frames,check_quality_intervals,,35.90255439891237,,,
anomaly_seed805238_matrix_03,805238,matrix,target_episode,False,frequency_increase,frequency,5485930813,,0,1,65,,40,"{""min"": 5.000048667140355, ""max"": 15.000146001421065}",frames/window,check_quality_intervals,,36.06517274092442,5484930813,5485930813,
anomaly_seed805238_matrix_03,805238,matrix,target_episode,False,burst,burst,5485964640,,0,1,65,45306,4,"{""min_frames"": 4, ""max_interval_us"": 24999.756666666693}",frames,check_quality_intervals,,36.09900085217807,,,
anomaly_seed805238_matrix_03,805238,matrix,other_id_during_episode,False,statistical_deviation,three_sigma,5486003580,,0,1,1881,45309,1011874,"{""mean"": 999993.4525139666, ""std"": 3469.485721993882, ""sigma"": 3.0}",us,check_quality_intervals,,36.13794213139855,,,
anomaly_seed805238_matrix_03,805238,matrix,target_episode,False,burst,burst,5488769150,,0,1,65,45699,4,"{""min_frames"": 4, ""max_interval_us"": 24999.756666666693}",frames,check_quality_intervals,,38.90360298335802,,,
anomaly_seed805238_matrix_03,805238,matrix,target_episode,False,statistical_deviation,three_sigma,5494865039,,0,1,65,46436,75529,"{""mean"": 99999.02666666677, ""std"": 5960.796541510946, ""sigma"": 3.0}",us,check_quality_intervals,,44.999692239890265,,,
anomaly_seed805238_matrix_03,805238,matrix,target_episode,False,period_violation,period,5494996037,,0,1,65,46447,130998,"{""min"": 69999.31866666675, ""max"": 129998.7346666668}",us,check_quality_intervals,,45.13069454331557,,,
anomaly_seed805238_matrix_03,805238,matrix,target_episode,False,statistical_deviation,three_sigma,5495239033,,0,1,65,46477,126001,"{""mean"": 99999.02666666677, ""std"": 5960.796541510946, ""sigma"": 3.0}",us,check_quality_intervals,,45.37369852599635,,,
anomaly_seed805238_matrix_03,805238,matrix,target_episode,False,period_violation,period,5495619025,,0,1,65,46518,133575,"{""min"": 69999.31866666675, ""max"": 129998.7346666668}",us,check_quality_intervals,,45.75370300914375,,,
anomaly_seed805238_matrix_03,805238,matrix,target_episode,False,statistical_deviation,three_sigma,5495619025,,0,1,65,46518,133575,"{""mean"": 99999.02666666677, ""std"": 5960.796541510946, ""sigma"": 3.0}",us,check_quality_intervals,,45.75370300914375,,,
anomaly_seed805238_matrix_03,805238,matrix,target_episode,False,period_violation,period,5495868021,,0,1,65,46545,132579,"{""min"": 69999.31866666675, ""max"": 129998.7346666668}",us,check_quality_intervals,,46.00270718893132,,,
anomaly_seed805238_matrix_03,805238,matrix,target_episode,False,statistical_deviation,three_sigma,5495868021,,0,1,65,46545,132579,"{""mean"": 99999.02666666677, ""std"": 5960.796541510946, ""sigma"": 3.0}",us,check_quality_intervals,,46.00270718893132,,,
anomaly_seed805238_matrix_03,805238,matrix,target_episode,False,period_violation,period,5496499012,,0,1,65,46613,132000,"{""min"": 69999.31866666675, ""max"": 129998.7346666668}",us,check_quality_intervals,,46.6337189176666,,,
anomaly_seed805238_matrix_03,805238,matrix,target_episode,False,period_violation,period,5496746005,,0,1,65,46639,136998,"{""min"": 69999.31866666675, ""max"": 129998.7346666668}",us,check_quality_intervals,,46.88072003165294,,,
anomaly_seed805238_matrix_03,805238,matrix,target_episode,False,statistical_deviation,three_sigma,5496746005,,0,1,65,46639,136998,"{""mean"": 99999.02666666677, ""std"": 5960.796541510946, ""sigma"": 3.0}",us,check_quality_intervals,,46.88072003165294,,,
anomaly_seed805238_matrix_03,805238,matrix,target_episode,False,period_violation,period,5497619991,,0,1,65,46731,133419,"{""min"": 69999.31866666675, ""max"": 129998.7346666668}",us,check_quality_intervals,,47.75473474303582,,,
anomaly_seed805238_matrix_03,805238,matrix,target_episode,False,period_violation,period,5497869986,,0,1,65,46761,132997,"{""min"": 69999.31866666675, ""max"": 129998.7346666668}",us,check_quality_intervals,,48.00473795564148,,,
anomaly_seed805238_matrix_03,805238,matrix,target_episode,False,statistical_deviation,three_sigma,5497869986,,0,1,65,46761,132997,"{""mean"": 99999.02666666677, ""std"": 5960.796541510946, ""sigma"": 3.0}",us,check_quality_intervals,,48.00473795564148,,,
anomaly_seed805238_matrix_03,805238,matrix,target_episode,False,period_violation,period,5498125402,,0,1,65,46785,134417,"{""min"": 69999.31866666675, ""max"": 129998.7346666668}",us,check_quality_intervals,,48.26016234633268,,,
anomaly_seed805238_matrix_03,805238,matrix,target_episode,False,statistical_deviation,three_sigma,5498359977,,0,1,65,46813,119419,"{""mean"": 99999.02666666677, ""std"": 5960.796541510946, ""sigma"": 3.0}",us,check_quality_intervals,,48.49474505237498,,,
anomaly_seed805238_matrix_03,805238,matrix,target_episode,False,period_violation,period,5498494973,,0,1,65,46829,134996,"{""min"": 69999.31866666675, ""max"": 129998.7346666668}",us,check_quality_intervals,,48.62974548713903,,,
anomaly_seed805238_matrix_03,805238,matrix,target_episode,False,period_violation,period,5498748970,,0,1,65,46852,135999,"{""min"": 69999.31866666675, ""max"": 129998.7346666668}",us,check_quality_intervals,,48.883750831214385,,,
anomaly_seed805238_matrix_03,805238,matrix,target_episode,False,period_violation,period,5499498536,,0,1,65,46937,131994,"{""min"": 69999.31866666675, ""max"": 129998.7346666668}",us,check_quality_intervals,,49.6333414552668,,,
anomaly_seed805238_matrix_03,805238,matrix,target_episode,False,period_violation,period,5500499943,,0,1,65,47046,133423,"{""min"": 69999.31866666675, ""max"": 129998.7346666668}",us,check_quality_intervals,,50.634781352567174,,,
anomaly_seed805238_matrix_03,805238,matrix,target_episode,False,period_violation,period,5500892509,,0,1,65,47088,156576,"{""min"": 69999.31866666675, ""max"": 129998.7346666668}",us,check_quality_intervals,,51.027360248784355,,,
anomaly_seed805238_matrix_03,805238,matrix,target_episode,False,statistical_deviation,three_sigma,5500892509,,0,1,65,47088,156576,"{""mean"": 99999.02666666677, ""std"": 5960.796541510946, ""sigma"": 3.0}",us,check_quality_intervals,,51.027360248784355,,,
anomaly_seed805238_matrix_03,805238,matrix,target_episode,False,period_violation,period,5504861860,,0,1,65,47525,63558,"{""min"": 69999.31866666675, ""max"": 129998.7346666668}",us,check_quality_intervals,,54.996841646247994,,,
anomaly_seed805238_matrix_03,805238,matrix,target_episode,False,statistical_deviation,three_sigma,5504861860,,0,1,65,47525,63558,"{""mean"": 99999.02666666677, ""std"": 5960.796541510946, ""sigma"": 3.0}",us,check_quality_intervals,,54.996841646247994,,,
anomaly_seed805238_matrix_03,805238,matrix,target_episode,False,frequency_decrease,frequency,5505930813,,0,1,65,,5,"{""min"": 5.000048667140355, ""max"": 15.000146001421065}",frames/window,check_quality_intervals,,56.065829762507576,5504930813,5505930813,
anomaly_seed805238_matrix_03,805238,matrix,target_episode,False,statistical_deviation,three_sigma,5514866123,,0,1,65,48599,75438,"{""mean"": 99999.02666666677, ""std"": 5960.796541510946, ""sigma"": 3.0}",us,check_quality_intervals,,65.00143329708354,,,
anomaly_seed805238_matrix_03,805238,matrix,target_episode,False,missing_frame,timeout,5515189211,,0,1,65,,323088,299997.0800000003,us,check_quality_intervals,5514866123,65.32453191087309,,,
anomaly_seed805238_matrix_03,805238,matrix,target_episode,False,period_violation,period,5515269095,,0,1,65,48645,402972,"{""min"": 69999.31866666675, ""max"": 129998.7346666668}",us,check_quality_intervals,,65.40441853514847,,,
anomaly_seed805238_matrix_03,805238,matrix,target_episode,False,missing_frame,timeout,5515597093,,0,1,65,,327998,299997.0800000003,us,check_quality_intervals,5515269095,65.73242731023738,,,
anomaly_seed805238_matrix_03,805238,matrix,target_episode,False,frequency_decrease,frequency,5515930813,,0,1,65,,2,"{""min"": 5.000048667140355, ""max"": 15.000146001421065}",frames/window,check_quality_intervals,,66.06615827329915,5514930813,5515930813,
anomaly_seed805238_matrix_03,805238,matrix,target_episode,False,missing_frame,timeout,5515968829,,0,1,65,,307160,299997.0800000003,us,check_quality_intervals,5515661669,66.1041755221662,,,
anomaly_seed805238_matrix_03,805238,matrix,target_episode,False,missing_frame,timeout,5516368100,,0,1,65,,300438,299997.0800000003,us,check_quality_intervals,5516067662,66.50345963864875,,,
anomaly_seed805238_matrix_03,805238,matrix,target_episode,False,missing_frame,timeout,5516786092,,0,1,65,,316437,299997.0800000003,us,check_quality_intervals,5516469655,66.92146537013762,,,
anomaly_seed805238_matrix_03,805238,matrix,target_episode,False,missing_frame,timeout,5517188647,,0,1,65,,323002,299997.0800000003,us,check_quality_intervals,5516865645,67.32403359450346,,,
anomaly_seed805238_matrix_03,805238,matrix,target_episode,False,missing_frame,timeout,5517586640,,0,1,65,,319998,299997.0800000003,us,check_quality_intervals,5517266642,67.72203966900351,,,
anomaly_seed805238_matrix_03,805238,matrix,target_episode,False,missing_frame,timeout,5517994071,,0,1,65,,328966,299997.0800000003,us,check_quality_intervals,5517665105,68.12948405355117,,,
anomaly_seed805238_matrix_03,805238,matrix,target_episode,False,missing_frame,timeout,5518390625,,0,1,65,,322997,299997.0800000003,us,check_quality_intervals,5518067628,68.52605108077793,,,
anomaly_seed805238_matrix_03,805238,matrix,target_episode,False,missing_frame,timeout,5518793616,,0,1,65,,323996,299997.0800000003,us,check_quality_intervals,5518469620,68.92905531946711,,,
anomaly_seed805238_matrix_03,805238,matrix,target_episode,False,missing_frame,timeout,5519194050,,0,1,65,,325855,299997.0800000003,us,check_quality_intervals,5518868195,69.32950247415627,,,
anomaly_seed805238_matrix_03,805238,matrix,target_episode,False,missing_frame,timeout,5519591603,,0,1,65,,322576,299997.0800000003,us,check_quality_intervals,5519269027,69.72706853420114,,,
anomaly_seed805238_matrix_03,805238,matrix,target_episode,False,missing_frame,timeout,5519994035,,0,1,65,,325016,299997.0800000003,us,check_quality_intervals,5519669019,70.12951375452649,,,
anomaly_seed805238_matrix_03,805238,matrix,target_episode,True,missing_frame,timeout,5520390590,,0,1,65,,321579,299997.0800000003,us,check_quality_intervals,5520069011,70.52608178178644,,,
anomaly_seed805238_matrix_03,805238,matrix,target_episode,True,missing_frame,timeout,5520784583,,0,1,65,,309992,299997.0800000003,us,check_quality_intervals,5520474591,70.92008772488136,,,
anomaly_seed805238_matrix_03,805238,matrix,target_episode,True,period_violation,period,5520890153,,0,1,65,49209,415562,"{""min"": 69999.31866666675, ""max"": 129998.7346666668}",us,check_quality_intervals,,71.0256611929704,,,
anomaly_seed805238_matrix_03,805238,matrix,target_episode,True,statistical_deviation,three_sigma,5520890153,,0,1,65,49209,415562,"{""mean"": 99999.02666666677, ""std"": 5960.796541510946, ""sigma"": 3.0}",us,check_quality_intervals,,71.0256611929704,,,
anomaly_seed805238_matrix_03,805238,matrix,other_id_during_episode,True,statistical_deviation,three_sigma,5521656145,,0,1,1038,49294,186136,"{""mean"": 199999.1490545049, ""std"": 4469.793214631377, ""sigma"": 3.0}",us,check_quality_intervals,,71.79167835663388,,,
anomaly_seed805238_matrix_03,805238,matrix,target_episode,False,missing_frame,timeout,5525123829,,0,1,65,,334730,299997.0800000003,us,check_quality_intervals,5524789099,75.25947627379564,,,
anomaly_seed805238_matrix_03,805238,matrix,target_episode,False,frequency_decrease,frequency,5525448022,,0,1,65,,4,"{""min"": 5.000048667140355, ""max"": 15.000146001421065}",frames/window,check_quality_intervals,,75.58367992388501,5524448022,5525448022,
anomaly_seed805238_matrix_03,805238,matrix,target_episode,False,period_violation,period,5525899487,,0,1,65,49752,1110388,"{""min"": 69999.31866666675, ""max"": 129998.7346666668}",us,check_quality_intervals,,76.03515975499757,,,
anomaly_seed805238_matrix_03,805238,matrix,target_episode,False,statistical_deviation,three_sigma,5525899487,,0,1,65,49752,1110388,"{""mean"": 99999.02666666677, ""std"": 5960.796541510946, ""sigma"": 3.0}",us,check_quality_intervals,,76.03515975499757,,,
anomaly_seed805238_matrix_03,805238,matrix,target_episode,False,missing_frame,timeout,5530123829,,0,1,65,,328409,299997.0800000003,us,check_quality_intervals,5529795420,80.25964052919143,,,
anomaly_seed805238_matrix_03,805238,matrix,target_episode,False,frequency_decrease,frequency,5530448022,,0,1,65,,4,"{""min"": 5.000048667140355, ""max"": 15.000146001421065}",frames/window,check_quality_intervals,,80.5838441792808,5529448022,5530448022,
anomaly_seed805238_matrix_03,805238,matrix,target_episode,False,period_violation,period,5534896328,,0,1,65,50695,5100908,"{""min"": 69999.31866666675, ""max"": 129998.7346666668}",us,check_quality_intervals,,85.03229631093356,,,
anomaly_seed805238_matrix_03,805238,matrix,target_episode,False,statistical_deviation,three_sigma,5534896328,,0,1,65,50695,5100908,"{""mean"": 99999.02666666677, ""std"": 5960.796541510946, ""sigma"": 3.0}",us,check_quality_intervals,,85.03229631093356,,,
anomaly_seed805238_matrix_03,805238,matrix,target_episode,False,period_violation,period,5539863233,,0,1,455,51245,33999,"{""min"": 69999.60583657568, ""max"": 129999.26798221198}",us,check_quality_intervals,,89.99936447912312,,,
anomaly_seed805238_matrix_03,805238,matrix,target_episode,False,statistical_deviation,three_sigma,5539863233,,0,1,455,51245,33999,"{""mean"": 99999.43690939383, ""std"": 6747.231844663525, ""sigma"": 3.0}",us,check_quality_intervals,,89.99936447912312,,,
anomaly_seed805238_matrix_03,805238,matrix,target_episode,False,period_violation,period,5544865581,,0,1,455,51801,29020,"{""min"": 69999.60583657568, ""max"": 129999.26798221198}",us,check_quality_intervals,,95.00187681165322,,,
anomaly_seed805238_matrix_03,805238,matrix,target_episode,False,statistical_deviation,three_sigma,5544865581,,0,1,455,51801,29020,"{""mean"": 99999.43690939383, ""std"": 6747.231844663525, ""sigma"": 3.0}",us,check_quality_intervals,,95.00187681165322,,,
anomaly_seed805238_matrix_03,805238,matrix,target_episode,False,burst,burst,5544893140,,0,1,455,51807,4,"{""min_frames"": 4, ""max_interval_us"": 24999.859227348457}",frames,check_quality_intervals,,95.02943671699622,,,
anomaly_seed805238_matrix_03,805238,matrix,target_episode,False,frequency_increase,frequency,5545448022,,0,1,455,,26,"{""min"": 5.000028154688845, ""max"": 15.000084464066536}",frames/window,check_quality_intervals,,95.58433694546818,5544448022,5545448022,
anomaly_seed805238_matrix_03,805238,matrix,other_id_during_episode,False,statistical_deviation,three_sigma,5546456717,,0,1,1038,51994,186160,"{""mean"": 199999.1490545049, ""std"": 4469.793214631377, ""sigma"": 3.0}",us,check_quality_intervals,,96.5930650821879,,,
anomaly_seed805238_matrix_03,805238,matrix,target_episode,False,unknown_id,dbc,5552869519,,0,1,2045,52700,2045,ID in DBC or baseline,,check_quality_intervals,,103.00607774965387,,,
anomaly_seed805238_matrix_03,805238,matrix,target_episode,False,unknown_id,dbc,5557861430,,0,1,2045,53253,2045,ID in DBC or baseline,,check_quality_intervals,,107.99815273931735,,,
anomaly_seed805238_matrix_03,805238,matrix,target_episode,False,dlc_mismatch,dbc,5565870079,,0,1,6,54145,1,2,bytes,check_quality_intervals,,116.00706483207993,,,
anomaly_seed805238_matrix_03,805238,matrix,other_id_during_episode,False,statistical_deviation,three_sigma,5568656732,,0,1,1038,54457,186576,"{""mean"": 199999.1490545049, ""std"": 4469.793214631377, ""sigma"": 3.0}",us,check_quality_intervals,,118.79380937663834,,,
anomaly_seed805238_matrix_03,805238,matrix,target_episode,False,dlc_mismatch,dbc,5573868552,,0,1,6,55032,3,2,bytes,check_quality_intervals,,124.00580059054924,,,
anomaly_seed805238_matrix_03,805238,matrix,target_episode,False,signal_out_of_range,dbc,5581861810,,0,1,6,55908,101.0,"{""min"": -100, ""max"": 100}",%,check_quality_intervals,,131.99932117770095,,,AccuFunSpeedIncrease
anomaly_seed805238_matrix_03,805238,matrix,target_episode,False,signal_out_of_range,dbc,5589862253,,0,1,6,56794,-101.0,"{""min"": -100, ""max"": 100}",%,check_quality_intervals,,140.00002700088714,,,AccuFunSpeedIncrease
anomaly_seed805238_matrix_03,805238,matrix,outside_run,False,missing_frame,timeout,5610105829,,0,1,65,,317383,299997.0800000003,us,check_quality_intervals,5609788446,160.24426802420462,,,
anomaly_seed805238_matrix_03,805238,matrix,outside_run,False,missing_frame,timeout,5610105829,,0,1,1425,,322238,299997.23666666617,us,check_quality_intervals,5609783591,160.24426802420462,,,
anomaly_seed805238_matrix_03,805238,matrix,outside_run,False,missing_frame,timeout,5610105829,,0,1,1763,,340828,300003.98221234005,us,check_quality_intervals,5609765001,160.24426802420462,,,
anomaly_seed805238_matrix_03,805238,matrix,outside_run,False,missing_frame,timeout,5610205829,,0,1,455,,370838,299998.3107281815,us,check_quality_intervals,5609834991,160.3442713093129,,,
anomaly_seed805238_matrix_03,805238,matrix,outside_run,False,missing_frame,timeout,5610205829,,0,1,512,,361837,299988.29849916586,us,check_quality_intervals,5609843992,160.3442713093129,,,
anomaly_seed805238_matrix_03,805238,matrix,outside_run,False,missing_frame,timeout,5610205829,,0,1,1761,,355387,300004.68593663163,us,check_quality_intervals,5609850442,160.3442713093129,,,
anomaly_seed805238_matrix_03,805238,matrix,outside_run,False,missing_frame,timeout,5610305829,,0,1,1037,,618418,599967.9733333335,us,check_quality_intervals,5609687411,160.44427459442025,,,
anomaly_seed805238_matrix_03,805238,matrix,outside_run,False,missing_frame,timeout,5610305829,,0,1,1038,,646828,599997.4471635147,us,check_quality_intervals,5609659001,160.44427459442025,,,
anomaly_seed805238_matrix_03,805238,matrix,outside_run,False,frequency_decrease,frequency,5610448022,,0,1,65,,4,"{""min"": 5.000048667140355, ""max"": 15.000146001421065}",frames/window,check_quality_intervals,,160.58647226561345,5609448022,5610448022,
anomaly_seed805238_matrix_03,805238,matrix,outside_run,False,frequency_decrease,frequency,5610448022,,0,1,455,,4,"{""min"": 5.000028154688845, ""max"": 15.000084464066536}",frames/window,check_quality_intervals,,160.58647226561345,5609448022,5610448022,
anomaly_seed805238_matrix_03,805238,matrix,outside_run,False,frequency_decrease,frequency,5610448022,,0,1,512,,4,"{""min"": 5.00019503262115, ""max"": 15.00058509786345}",frames/window,check_quality_intervals,,160.58647226561345,5609448022,5610448022,
anomaly_seed805238_matrix_03,805238,matrix,outside_run,False,frequency_decrease,frequency,5610448022,,0,1,1037,,2,"{""min"": 2.500133451567792, ""max"": 7.500400354703376}",frames/window,check_quality_intervals,,160.58647226561345,5609448022,5610448022,
anomaly_seed805238_matrix_03,805238,matrix,outside_run,False,frequency_decrease,frequency,5610448022,,0,1,1038,,2,"{""min"": 2.5000106368639456, ""max"": 7.5000319105918365}",frames/window,check_quality_intervals,,160.58647226561345,5609448022,5610448022,
anomaly_seed805238_matrix_03,805238,matrix,outside_run,False,frequency_decrease,frequency,5610448022,,0,1,1317,,2,"{""min"": 2.49991917669536, ""max"": 7.49975753008608}",frames/window,check_quality_intervals,,160.58647226561345,5609448022,5610448022,
anomaly_seed805238_matrix_03,805238,matrix,outside_run,False,frequency_decrease,frequency,5610448022,,0,1,1425,,4,"{""min"": 5.000046055979791, ""max"": 15.000138167939372}",frames/window,check_quality_intervals,,160.58647226561345,5609448022,5610448022,
anomaly_seed805238_matrix_03,805238,matrix,outside_run,False,frequency_decrease,frequency,5610448022,,0,1,1763,,4,"{""min"": 4.999933630675321, ""max"": 14.999800892025963}",frames/window,check_quality_intervals,,160.58647226561345,5609448022,5610448022,
anomaly_seed805238_matrix_03,805238,matrix,outside_run,False,frequency_decrease,frequency,5610448022,,0,1,1881,,0,"{""min"": 6.547528903277922e-06, ""max"": 2.000006547528903}",frames/window,check_quality_intervals,,160.58647226561345,5609448022,5610448022,
anomaly_seed805238_matrix_03,805238,matrix,outside_run,False,missing_frame,timeout,5610506544,,0,1,1317,,699666,600019.3982202449,us,check_quality_intervals,5609806878,160.64499618812457,,,
anomaly_seed805238_matrix_03,805238,matrix,outside_run,False,frequency_decrease,frequency,5611448022,,0,1,1761,,0,"{""min"": 4.999921902276009, ""max"": 14.999765706828027}",frames/window,check_quality_intervals,,161.5865051166926,5610448022,5611448022,
anomaly_seed805238_matrix_03,805238,matrix,outside_run,False,missing_frame,timeout,5612005829,,0,1,1881,,3007856,2999980.3575418997,us,check_quality_intervals,5608997973,162.14433044125465,,,
anomaly_seed829730_matrix_01,829730,matrix,outside_run,False,missing_frame,timeout,510026832,,0,1,15,,300003,299975.6781545306,us,check_quality_intervals,,-23.58584148138554,,,
anomaly_seed829730_matrix_01,829730,matrix,outside_run,False,missing_frame,timeout,510026832,,0,1,145,,300003,299993.3616666666,us,check_quality_intervals,,-23.58584148138554,,,
anomaly_seed829730_matrix_01,829730,matrix,outside_run,False,missing_frame,timeout,510026832,,0,1,455,,300003,299987.81156197865,us,check_quality_intervals,,-23.58584148138554,,,
anomaly_seed829730_matrix_01,829730,matrix,outside_run,False,missing_frame,timeout,510126829,,0,1,24,,400000,300011.43468593725,us,check_quality_intervals,,-23.485842690157217,,,
anomaly_seed829730_matrix_01,829730,matrix,outside_run,False,missing_frame,timeout,510126829,,0,1,103,,400000,300021.45525291836,us,check_quality_intervals,,-23.485842690157217,,,
anomaly_seed829730_matrix_01,829730,matrix,outside_run,False,missing_frame,timeout,510126829,,0,1,118,,400000,300014.7732073374,us,check_quality_intervals,,-23.485842690157217,,,
anomaly_seed829730_matrix_01,829730,matrix,outside_run,False,missing_frame,timeout,510126829,,0,1,458,,400000,300004.04057809897,us,check_quality_intervals,,-23.485842690157217,,,
anomaly_seed829730_matrix_01,829730,matrix,outside_run,False,missing_frame,timeout,510326829,,0,1,1317,,600000,599962.8353726361,us,check_quality_intervals,,-23.285839107593056,,,
anomaly_seed829730_matrix_01,829730,matrix,outside_run,False,frequency_decrease,frequency,510726829,,0,1,9,,0,"{""min"": 6.268195714476121e-06, ""max"": 2.0000062681957145}",frames/window,check_quality_intervals,,-22.885831942464677,509726829,510726829,
anomaly_seed829730_matrix_01,829730,matrix,outside_run,False,frequency_decrease,frequency,510726829,,0,1,15,,0,"{""min"": 5.000405396957832, ""max"": 15.001216190873496}",frames/window,check_quality_intervals,,-22.885831942464677,509726829,510726829,
anomaly_seed829730_matrix_01,829730,matrix,outside_run,False,frequency_decrease,frequency,510726829,,0,1,24,,0,"{""min"": 4.999809429164771, ""max"": 14.999428287494315}",frames/window,check_quality_intervals,,-22.885831942464677,509726829,510726829,
anomaly_seed829730_matrix_01,829730,matrix,outside_run,False,frequency_decrease,frequency,510726829,,0,1,103,,0,"{""min"": 4.999642438023303, ""max"": 14.998927314069908}",frames/window,check_quality_intervals,,-22.885831942464677,509726829,510726829,
anomaly_seed829730_matrix_01,829730,matrix,outside_run,False,frequency_decrease,frequency,510726829,,0,1,118,,0,"{""min"": 4.999753792001982, ""max"": 14.999261376005947}",frames/window,check_quality_intervals,,-22.885831942464677,509726829,510726829,
anomaly_seed829730_matrix_01,829730,matrix,outside_run,False,frequency_decrease,frequency,510726829,,0,1,145,,0,"{""min"": 5.0001106413371375, ""max"": 15.000331924011412}",frames/window,check_quality_intervals,,-22.885831942464677,509726829,510726829,
anomaly_seed829730_matrix_01,829730,matrix,outside_run,False,frequency_decrease,frequency,510726829,,0,1,455,,0,"{""min"": 5.000203148887248, ""max"": 15.000609446661745}",frames/window,check_quality_intervals,,-22.885831942464677,509726829,510726829,
anomaly_seed829730_matrix_01,829730,matrix,outside_run,False,frequency_decrease,frequency,510726829,,0,1,458,,0,"{""min"": 4.999932657938687, ""max"": 14.999797973816062}",frames/window,check_quality_intervals,,-22.885831942464677,509726829,510726829,
anomaly_seed829730_matrix_01,829730,matrix,outside_run,False,frequency_decrease,frequency,510726829,,0,1,1317,,0,"{""min"": 2.5001548622063434, ""max"": 7.50046458661903}",frames/window,check_quality_intervals,,-22.885831942464677,509726829,510726829,
anomaly_seed829730_matrix_01,829730,matrix,outside_run,False,frequency_decrease,frequency,510726829,,0,1,2026,,0,"{""min"": 1.1715221043706592e-05, ""max"": 2.000011715221044}",frames/window,check_quality_intervals,,-22.885831942464677,509726829,510726829,
anomaly_seed829730_matrix_01,829730,matrix,outside_run,False,missing_frame,timeout,512726829,,0,1,9,,3000000,2999981.1955307266,us,check_quality_intervals,,-20.885796116823006,,,
anomaly_seed829730_matrix_01,829730,matrix,outside_run,False,missing_frame,timeout,512726829,,0,1,2026,,3000000,2999964.8547486034,us,check_quality_intervals,,-20.885796116823006,,,
anomaly_seed829730_matrix_01,829730,matrix,outside_run,False,missing_frame,timeout,512826829,,0,1,10,,3100000,3000014.6480446914,us,check_quality_intervals,,-20.7857943255409,,,
anomaly_seed829730_matrix_01,829730,matrix,outside_run,False,missing_frame,timeout,512826829,,0,1,1324,,3100000,3000024.653631284,us,check_quality_intervals,,-20.7857943255409,,,
anomaly_seed829730_matrix_01,829730,matrix,target_episode,False,period_violation,period,548612842,,0,1,15,18063,53998,"{""min"": 69994.3249027238, ""max"": 129989.4605336299}",us,check_quality_intervals,,15.000859702899415,,,
anomaly_seed829730_matrix_01,829730,matrix,target_episode,False,statistical_deviation,three_sigma,548612842,,0,1,15,18063,53998,"{""mean"": 99991.89271817685, ""std"": 6450.634902728691, ""sigma"": 3.0}",us,check_quality_intervals,,15.000859702899415,,,
anomaly_seed829730_matrix_01,829730,matrix,target_episode,False,statistical_deviation,three_sigma,549003415,,0,1,15,18108,71997,"{""mean"": 99991.89271817685, ""std"": 6450.634902728691, ""sigma"": 3.0}",us,check_quality_intervals,,15.391439699163616,,,
anomaly_seed829730_matrix_01,829730,matrix,target_episode,False,statistical_deviation,three_sigma,549162412,,0,1,15,18125,71579,"{""mean"": 99991.89271817685, ""std"": 6450.634902728691, ""sigma"": 3.0}",us,check_quality_intervals,,15.550439547248393,,,
anomaly_seed829730_matrix_01,829730,matrix,target_episode,False,statistical_deviation,three_sigma,549493408,,0,1,15,18161,79000,"{""mean"": 99991.89271817685, ""std"": 6450.634902728691, ""sigma"": 3.0}",us,check_quality_intervals,,15.881441476320475,,,
anomaly_seed829730_matrix_01,829730,matrix,target_episode,False,statistical_deviation,three_sigma,549806404,,0,1,15,18198,71582,"{""mean"": 99991.89271817685, ""std"": 6450.634902728691, ""sigma"": 3.0}",us,check_quality_intervals,,16.194443082961754,,,
anomaly_seed829730_matrix_01,829730,matrix,target_episode,False,statistical_deviation,three_sigma,549964398,,0,1,15,18216,69999,"{""mean"": 99991.89271817685, ""std"": 6450.634902728691, ""sigma"": 3.0}",us,check_quality_intervals,,16.352439913079888,,,
anomaly_seed829730_matrix_01,829730,matrix,target_episode,False,statistical_deviation,three_sigma,550130395,,0,1,15,18234,79996,"{""mean"": 99991.89271817685, ""std"": 6450.634902728691, ""sigma"": 3.0}",us,check_quality_intervals,,16.518439886554475,,,
anomaly_seed829730_matrix_01,829730,matrix,target_episode,False,statistical_deviation,three_sigma,550370391,,0,1,15,18260,76998,"{""mean"": 99991.89271817685, ""std"": 6450.634902728691, ""sigma"": 3.0}",us,check_quality_intervals,,16.758440185559852,,,
anomaly_seed829730_matrix_01,829730,matrix,target_episode,False,statistical_deviation,three_sigma,550528392,,0,1,15,18279,74003,"{""mean"": 99991.89271817685, ""std"": 6450.634902728691, ""sigma"": 3.0}",us,check_quality_intervals,,16.916444015803474,,,
anomaly_seed829730_matrix_01,829730,matrix,target_episode,False,statistical_deviation,three_sigma,550847384,,0,1,15,18317,75001,"{""mean"": 99991.89271817685, ""std"": 6450.634902728691, ""sigma"": 3.0}",us,check_quality_intervals,,17.235441729850006,,,
anomaly_seed829730_matrix_01,829730,matrix,target_episode,False,statistical_deviation,three_sigma,551007818,,0,1,15,18333,72437,"{""mean"": 99991.89271817685, ""std"": 6450.634902728691, ""sigma"": 3.0}",us,check_quality_intervals,,17.395878603675516,,,
anomaly_seed829730_matrix_01,829730,matrix,target_episode,False,statistical_deviation,three_sigma,551162969,,0,1,15,18350,72590,"{""mean"": 99991.89271817685, ""std"": 6450.634902728691, ""sigma"": 3.0}",us,check_quality_intervals,,17.55103238286752,,,
anomaly_seed829730_matrix_01,829730,matrix,target_episode,False,period_violation,period,551400791,,0,1,15,18377,67416,"{""min"": 69994.3249027238, ""max"": 129989.4605336299}",us,check_quality_intervals,,17.788858642930453,,,
anomaly_seed829730_matrix_01,829730,matrix,target_episode,False,statistical_deviation,three_sigma,551400791,,0,1,15,18377,67416,"{""mean"": 99991.89271817685, ""std"": 6450.634902728691, ""sigma"": 3.0}",us,check_quality_intervals,,17.788858642930453,,,
anomaly_seed829730_matrix_01,829730,matrix,target_episode,False,statistical_deviation,three_sigma,551566961,,0,1,15,18396,73591,"{""mean"": 99991.89271817685, ""std"": 6450.634902728691, ""sigma"": 3.0}",us,check_quality_intervals,,17.955031619503863,,,
anomaly_seed829730_matrix_01,829730,matrix,target_episode,False,statistical_deviation,three_sigma,551734367,,0,1,15,18415,80561,"{""mean"": 99991.89271817685, ""std"": 6450.634902728691, ""sigma"": 3.0}",us,check_quality_intervals,,18.12244061821758,,,
anomaly_seed829730_matrix_01,829730,matrix,other_id_during_episode,False,statistical_deviation,three_sigma,551930943,,0,1,1324,18436,1009135,"{""mean"": 1000008.2178770946, ""std"": 2677.52892050251, ""sigma"": 3.0}",us,check_quality_intervals,,18.31902013944819,,,
anomaly_seed829730_matrix_01,829730,matrix,target_episode,False,statistical_deviation,three_sigma,551964782,,0,1,15,18441,70979,"{""mean"": 99991.89271817685, ""std"": 6450.634902728691, ""sigma"": 3.0}",us,check_quality_intervals,,18.352859745600192,,,
anomaly_seed829730_matrix_01,829730,matrix,target_episode,False,statistical_deviation,three_sigma,552207798,,0,1,15,18468,76438,"{""mean"": 99991.89271817685, ""std"": 6450.634902728691, ""sigma"": 3.0}",us,check_quality_intervals,,18.595880098702278,,,
anomaly_seed829730_matrix_01,829730,matrix,target_episode,False,statistical_deviation,three_sigma,552370354,,0,1,15,18485,76998,"{""mean"": 99991.89271817685, ""std"": 6450.634902728691, ""sigma"": 3.0}",us,check_quality_intervals,,18.758439010538783,,,
anomaly_seed829730_matrix_01,829730,matrix,target_episode,False,statistical_deviation,three_sigma,552529353,,0,1,15,18504,73559,"{""mean"": 99991.89271817685, ""std"": 6450.634902728691, ""sigma"": 3.0}",us,check_quality_intervals,,18.917440858659383,,,
anomaly_seed829730_matrix_01,829730,matrix,target_episode,False,statistical_deviation,three_sigma,552768347,,0,1,15,18531,80560,"{""mean"": 99991.89271817685, ""std"": 6450.634902728691, ""sigma"": 3.0}",us,check_quality_intervals,,19.156439139716024,,,
anomaly_seed829730_matrix_01,829730,matrix,target_episode,False,statistical_deviation,three_sigma,553008936,,0,1,15,18558,72591,"{""mean"": 99991.89271817685, ""std"": 6450.634902728691, ""sigma"": 3.0}",us,check_quality_intervals,,19.397032449343683,,,
anomaly_seed829730_matrix_01,829730,matrix,target_episode,False,statistical_deviation,three_sigma,553164342,,0,1,15,18575,71999,"{""mean"": 99991.89271817685, ""std"": 6450.634902728691, ""sigma"": 3.0}",us,check_quality_intervals,,19.552441233103607,,,
anomaly_seed829730_matrix_01,829730,matrix,target_episode,False,statistical_deviation,three_sigma,553484334,,0,1,15,18611,69997,"{""mean"": 99991.89271817685, ""std"": 6450.634902728691, ""sigma"": 3.0}",us,check_quality_intervals,,19.872438965062937,,,
anomaly_seed829730_matrix_01,829730,matrix,target_episode,False,statistical_deviation,three_sigma,553734330,,0,1,15,18640,79578,"{""mean"": 99991.89271817685, ""std"": 6450.634902728691, ""sigma"": 3.0}",us,check_quality_intervals,,20.122439443196512,,,
anomaly_seed829730_matrix_01,829730,matrix,target_episode,False,statistical_deviation,three_sigma,553965327,,0,1,15,18666,71000,"{""mean"": 99991.89271817685, ""std"": 6450.634902728691, ""sigma"": 3.0}",us,check_quality_intervals,,20.353440581004396,,,
anomaly_seed829730_matrix_01,829730,matrix,target_episode,False,statistical_deviation,three_sigma,554208322,,0,1,15,18693,76555,"{""mean"": 99991.89271817685, ""std"": 6450.634902728691, ""sigma"": 3.0}",us,check_quality_intervals,,20.596439933730252,,,
anomaly_seed829730_matrix_01,829730,matrix,target_episode,False,period_violation,period,558601823,,0,1,15,19182,56141,"{""min"": 69994.3249027238, ""max"": 129989.4605336299}",us,check_quality_intervals,,24.990019633726643,,,
anomaly_seed829730_matrix_01,829730,matrix,target_episode,False,statistical_deviation,three_sigma,558601823,,0,1,15,19182,56141,"{""mean"": 99991.89271817685, ""std"": 6450.634902728691, ""sigma"": 3.0}",us,check_quality_intervals,,24.990019633726643,,,
anomaly_seed829730_matrix_01,829730,matrix,target_episode,False,frequency_increase,frequency,559726829,,0,1,15,,20,"{""min"": 5.000405396957832, ""max"": 15.001216190873496}",frames/window,check_quality_intervals,,26.115045785757577,558726829,559726829,
anomaly_seed829730_matrix_01,829730,matrix,other_id_during_episode,False,statistical_deviation,three_sigma,559916207,,0,1,1324,19340,985449,"{""mean"": 1000008.2178770946, ""std"": 2677.52892050251, ""sigma"": 3.0}",us,check_quality_intervals,,26.3044271780518,,,
anomaly_seed829730_matrix_01,829730,matrix,other_id_during_episode,False,statistical_deviation,three_sigma,562931600,,0,1,1324,19700,1012428,"{""mean"": 1000008.2178770946, ""std"": 2677.52892050251, ""sigma"": 3.0}",us,check_quality_intervals,,29.31987419224646,,,
anomaly_seed829730_matrix_01,829730,matrix,target_episode,False,period_violation,period,568604487,,0,1,15,20346,58983,"{""min"": 69994.3249027238, ""max"": 129989.4605336299}",us,check_quality_intervals,,34.992862809655016,,,
anomaly_seed829730_matrix_01,829730,matrix,target_episode,False,statistical_deviation,three_sigma,568604487,,0,1,15,20346,58983,"{""mean"": 99991.89271817685, ""std"": 6450.634902728691, ""sigma"": 3.0}",us,check_quality_intervals,,34.992862809655016,,,
anomaly_seed829730_matrix_01,829730,matrix,target_episode,False,burst,burst,568703064,,0,1,15,20361,4,"{""min_frames"": 4, ""max_interval_us"": 24997.973179544213}",frames,check_quality_intervals,,35.09144157544725,,,
anomaly_seed829730_matrix_01,829730,matrix,target_episode,False,burst,burst,569004651,,0,1,15,20402,4,"{""min_frames"": 4, ""max_interval_us"": 24997.973179544213}",frames,check_quality_intervals,,35.39303397772108,,,
anomaly_seed829730_matrix_01,829730,matrix,target_episode,False,frequency_increase,frequency,569726829,,0,1,15,,40,"{""min"": 5.000405396957832, ""max"": 15.001216190873496}",frames/window,check_quality_intervals,,36.11522491396621,568726829,569726829,
anomaly_seed829730_matrix_01,829730,matrix,target_episode,False,burst,burst,569829041,,0,1,15,20517,4,"{""min_frames"": 4, ""max_interval_us"": 24997.973179544213}",frames,check_quality_intervals,,36.217438744871465,,,
anomaly_seed829730_matrix_01,829730,matrix,target_episode,False,burst,burst,571329014,,0,1,15,20727,4,"{""min_frames"": 4, ""max_interval_us"": 24997.973179544213}",frames,check_quality_intervals,,37.71743861361918,,,
anomaly_seed829730_matrix_01,829730,matrix,target_episode,False,burst,burst,571831008,,0,1,15,20797,4,"{""min_frames"": 4, ""max_interval_us"": 24997.973179544213}",frames,check_quality_intervals,,38.21944160574775,,,
anomaly_seed829730_matrix_01,829730,matrix,target_episode,False,burst,burst,573330979,,0,1,15,21007,4,"{""min_frames"": 4, ""max_interval_us"": 24997.973179544213}",frames,check_quality_intervals,,39.71943947445953,,,
anomaly_seed829730_matrix_01,829730,matrix,target_episode,False,burst,burst,573704392,,0,1,15,21061,4,"{""min_frames"": 4, ""max_interval_us"": 24997.973179544213}",frames,check_quality_intervals,,40.09285916333973,,,
anomaly_seed829730_matrix_01,829730,matrix,target_episode,False,burst,burst,573976970,,0,1,15,21098,4,"{""min_frames"": 4, ""max_interval_us"": 24997.973179544213}",frames,check_quality_intervals,,40.365442045980686,,,
anomaly_seed829730_matrix_01,829730,matrix,target_episode,False,period_violation,period,578611885,,0,1,15,21630,54420,"{""min"": 69994.3249027238, ""max"": 129989.4605336299}",us,check_quality_intervals,,45.00044007038278,,,
anomaly_seed829730_matrix_01,829730,matrix,target_episode,False,statistical_deviation,three_sigma,578611885,,0,1,15,21630,54420,"{""mean"": 99991.89271817685, ""std"": 6450.634902728691, ""sigma"": 3.0}",us,check_quality_intervals,,45.00044007038278,,,
anomaly_seed829730_matrix_01,829730,matrix,target_episode,False,period_violation,period,579240294,,0,1,15,21700,139417,"{""min"": 69994.3249027238, ""max"": 129989.4605336299}",us,check_quality_intervals,,45.62886032696054,,,
anomaly_seed829730_matrix_01,829730,matrix,target_episode,False,statistical_deviation,three_sigma,579484290,,0,1,15,21723,128417,"{""mean"": 99991.89271817685, ""std"": 6450.634902728691, ""sigma"": 3.0}",us,check_quality_intervals,,45.87286069761722,,,
anomaly_seed829730_matrix_01,829730,matrix,target_episode,False,period_violation,period,579614868,,0,1,15,21738,130578,"{""min"": 69994.3249027238, ""max"": 129989.4605336299}",us,check_quality_intervals,,46.00344103663756,,,
anomaly_seed829730_matrix_01,829730,matrix,target_episode,False,period_violation,period,580111298,,0,1,15,21792,133436,"{""min"": 69994.3249027238, ""max"": 129989.4605336299}",us,check_quality_intervals,,46.49987992909925,,,
anomaly_seed829730_matrix_01,829730,matrix,target_episode,False,period_violation,period,580609850,,0,1,15,21846,130995,"{""min"": 69994.3249027238, ""max"": 129989.4605336299}",us,check_quality_intervals,,46.998440859571936,,,
anomaly_seed829730_matrix_01,829730,matrix,target_episode,False,statistical_deviation,three_sigma,580609850,,0,1,15,21846,130995,"{""mean"": 99991.89271817685, ""std"": 6450.634902728691, ""sigma"": 3.0}",us,check_quality_intervals,,46.998440859571936,,,
anomaly_seed829730_matrix_01,829730,matrix,target_episode,False,period_violation,period,581111841,,0,1,15,21900,132554,"{""min"": 69994.3249027238, ""max"": 129989.4605336299}",us,check_quality_intervals,,47.50044085164677,,,
anomaly_seed829730_matrix_01,829730,matrix,target_episode,False,period_violation,period,581611411,,0,1,15,21954,131048,"{""min"": 69994.3249027238, ""max"": 129989.4605336299}",us,check_quality_intervals,,48.000019800354636,,,
anomaly_seed829730_matrix_01,829730,matrix,target_episode,False,statistical_deviation,three_sigma,581611411,,0,1,15,21954,131048,"{""mean"": 99991.89271817685, ""std"": 6450.634902728691, ""sigma"": 3.0}",us,check_quality_intervals,,48.000019800354636,,,
anomaly_seed829730_matrix_01,829730,matrix,target_episode,False,period_violation,period,582112823,,0,1,15,22008,132578,"{""min"": 69994.3249027238, ""max"": 129989.4605336299}",us,check_quality_intervals,,48.50144078205805,,,
anomaly_seed829730_matrix_01,829730,matrix,target_episode,False,period_violation,period,582363817,,0,1,15,22035,129996,"{""min"": 69994.3249027238, ""max"": 129989.4605336299}",us,check_quality_intervals,,48.75243927806859,,,
anomaly_seed829730_matrix_01,829730,matrix,target_episode,False,period_violation,period,582610232,,0,1,15,22062,130977,"{""min"": 69994.3249027238, ""max"": 129989.4605336299}",us,check_quality_intervals,,48.9988586920563,,,
anomaly_seed829730_matrix_01,829730,matrix,target_episode,False,statistical_deviation,three_sigma,582610232,,0,1,15,22062,130977,"{""mean"": 99991.89271817685, ""std"": 6450.634902728691, ""sigma"": 3.0}",us,check_quality_intervals,,48.9988586920563,,,
anomaly_seed829730_matrix_01,829730,matrix,other_id_during_episode,False,statistical_deviation,three_sigma,582918217,,0,1,1324,22096,987982,"{""mean"": 1000008.2178770946, ""std"": 2677.52892050251, ""sigma"": 3.0}",us,check_quality_intervals,,49.30684920893647,,,
anomaly_seed829730_matrix_01,829730,matrix,target_episode,False,period_violation,period,582989246,,0,1,15,22102,131018,"{""min"": 69994.3249027238, ""max"": 129989.4605336299}",us,check_quality_intervals,,49.37787948126618,,,
anomaly_seed829730_matrix_01,829730,matrix,target_episode,False,period_violation,period,583363799,,0,1,15,22143,129998,"{""min"": 69994.3249027238, ""max"": 129989.4605336299}",us,check_quality_intervals,,49.75243919056696,,,
anomaly_seed829730_matrix_01,829730,matrix,target_episode,False,period_violation,period,583609796,,0,1,15,22170,130561,"{""min"": 69994.3249027238, ""max"": 129989.4605336299}",us,check_quality_intervals,,49.998440597067145,,,
anomaly_seed829730_matrix_01,829730,matrix,target_episode,False,statistical_deviation,three_sigma,583609796,,0,1,15,22170,130561,"{""mean"": 99991.89271817685, ""std"": 6450.634902728691, ""sigma"": 3.0}",us,check_quality_intervals,,49.998440597067145,,,
anomaly_seed829730_matrix_01,829730,matrix,other_id_during_episode,False,statistical_deviation,three_sigma,584000207,,0,1,103,22212,116417,"{""mean"": 100007.15175097279, ""std"": 5456.912074147441, ""sigma"": 3.0}",us,check_quality_intervals,,50.388858590429535,,,
anomaly_seed829730_matrix_01,829730,matrix,target_episode,False,period_violation,period,584238204,,0,1,15,22237,131419,"{""min"": 69994.3249027238, ""max"": 129989.4605336299}",us,check_quality_intervals,,50.62685985362711,,,
anomaly_seed829730_matrix_01,829730,matrix,target_episode,False,period_violation,period,584482203,,0,1,15,22263,132003,"{""min"": 69994.3249027238, ""max"": 129989.4605336299}",us,check_quality_intervals,,50.87086322433752,,,
anomaly_seed829730_matrix_01,829730,matrix,target_episode,False,statistical_deviation,three_sigma,584482203,,0,1,15,22263,132003,"{""mean"": 99991.89271817685, ""std"": 6450.634902728691, ""sigma"": 3.0}",us,check_quality_intervals,,50.87086322433752,,,
anomaly_seed829730_matrix_01,829730,matrix,other_id_during_episode,False,statistical_deviation,three_sigma,584544779,,0,1,2026,22273,987984,"{""mean"": 999988.2849162011, ""std"": 3953.734481346764, ""sigma"": 3.0}",us,check_quality_intervals,,50.93344034525012,,,
anomaly_seed829730_matrix_01,829730,matrix,other_id_during_episode,False,statistical_deviation,three_sigma,584925760,,0,1,1324,22313,1008541,"{""mean"": 1000008.2178770946, ""std"": 2677.52892050251, ""sigma"": 3.0}",us,check_quality_intervals,,51.314428169694544,,,
anomaly_seed829730_matrix_01,829730,matrix,target_episode,False,period_violation,period,588612124,,0,1,15,22722,53418,"{""min"": 69994.3249027238, ""max"": 129989.4605336299}",us,check_quality_intervals,,55.00085820287254,,,
anomaly_seed829730_matrix_01,829730,matrix,target_episode,False,statistical_deviation,three_sigma,588612124,,0,1,15,22722,53418,"{""mean"": 99991.89271817685, ""std"": 6450.634902728691, ""sigma"": 3.0}",us,check_quality_intervals,,55.00085820287254,,,
anomaly_seed829730_matrix_01,829730,matrix,target_episode,False,frequency_decrease,frequency,589726829,,0,1,15,,5,"{""min"": 5.000405396957832, ""max"": 15.001216190873496}",frames/window,check_quality_intervals,,56.11558317038348,588726829,589726829,
anomaly_seed829730_matrix_01,829730,matrix,target_episode,False,period_violation,period,598602527,,0,1,15,23796,58579,"{""min"": 69994.3249027238, ""max"": 129989.4605336299}",us,check_quality_intervals,,64.99144015917184,,,
anomaly_seed829730_matrix_01,829730,matrix,target_episode,False,statistical_deviation,three_sigma,598602527,,0,1,15,23796,58579,"{""mean"": 99991.89271817685, ""std"": 6450.634902728691, ""sigma"": 3.0}",us,check_quality_intervals,,64.99144015917184,,,
anomaly_seed829730_matrix_01,829730,matrix,target_episode,False,missing_frame,timeout,598909519,,0,1,15,,306992,299975.6781545306,us,check_quality_intervals,598602527,65.29843765826459,,,
anomaly_seed829730_matrix_01,829730,matrix,target_episode,False,missing_frame,timeout,599315512,,0,1,15,,313572,299975.6781545306,us,check_quality_intervals,599001940,65.70443793074443,,,
anomaly_seed829730_matrix_01,829730,matrix,target_episode,False,missing_frame,timeout,599712943,,0,1,15,,299991,299975.6781545306,us,check_quality_intervals,599412952,66.10187604985472,,,
anomaly_seed829730_matrix_01,829730,matrix,target_episode,False,frequency_decrease,frequency,599726829,,0,1,15,,2,"{""min"": 5.000405396957832, ""max"": 15.001216190873496}",frames/window,check_quality_intervals,,66.11576229859212,598726829,599726829,
anomaly_seed829730_matrix_01,829730,matrix,target_episode,False,missing_frame,timeout,600117918,,0,1,15,,312385,299975.6781545306,us,check_quality_intervals,599805533,66.5068583040994,,,
anomaly_seed829730_matrix_01,829730,matrix,target_episode,False,missing_frame,timeout,600511490,,0,1,15,,306554,299975.6781545306,us,check_quality_intervals,600204936,66.90043735408408,,,
anomaly_seed829730_matrix_01,829730,matrix,target_episode,False,missing_frame,timeout,600929893,,0,1,15,,316402,299975.6781545306,us,check_quality_intervals,600613491,67.31884784886208,,,
anomaly_seed829730_matrix_01,829730,matrix,target_episode,False,missing_frame,timeout,601317907,,0,1,15,,315423,299975.6781545306,us,check_quality_intervals,601002484,67.70686879928735,,,
anomaly_seed829730_matrix_01,829730,matrix,target_episode,False,missing_frame,timeout,601708909,,0,1,15,,307993,299975.6781545306,us,check_quality_intervals,601400916,68.09787780323609,,,
anomaly_seed829730_matrix_01,829730,matrix,target_episode,False,missing_frame,timeout,602117991,,0,1,15,,313991,299975.6781545306,us,check_quality_intervals,601804000,68.50696713104868,,,
anomaly_seed829730_matrix_01,829730,matrix,target_episode,False,missing_frame,timeout,602510457,,0,1,15,,305993,299975.6781545306,us,check_quality_intervals,602204464,68.89944016122185,,,
anomaly_seed829730_matrix_01,829730,matrix,target_episode,False,missing_frame,timeout,602927442,,0,1,15,,313567,299975.6781545306,us,check_quality_intervals,602613875,69.31643263059952,,,
anomaly_seed829730_matrix_01,829730,matrix,target_episode,False,missing_frame,timeout,603312881,,0,1,15,,307432,299975.6781545306,us,check_quality_intervals,603005449,69.7018785348992,,,
anomaly_seed829730_matrix_01,829730,matrix,other_id_during_episode,False,statistical_deviation,three_sigma,603558436,,0,1,2026,24292,1012561,"{""mean"": 999988.2849162011, ""std"": 3953.734481346764, ""sigma"": 3.0}",us,check_quality_intervals,,69.94743793348201,,,
anomaly_seed829730_matrix_01,829730,matrix,target_episode,False,missing_frame,timeout,603714434,,0,1,15,,302993,299975.6781545306,us,check_quality_intervals,603411441,70.10343872784618,,,
anomaly_seed829730_matrix_01,829730,matrix,target_episode,False,missing_frame,timeout,604124853,,0,1,15,,317419,299975.6781545306,us,check_quality_intervals,603807434,70.51386507960825,,,
anomaly_seed829730_matrix_01,829730,matrix,target_episode,False,missing_frame,timeout,604518852,,0,1,15,,307982,299975.6781545306,us,check_quality_intervals,604210870,70.90787113724177,,,
anomaly_seed829730_matrix_01,829730,matrix,target_episode,False,missing_frame,timeout,608867762,,0,1,15,,321942,299975.6781545306,us,check_quality_intervals,608545820,75.25685903848749,,,
anomaly_seed829730_matrix_01,829730,matrix,target_episode,False,period_violation,period,609646907,,0,1,15,24949,1101087,"{""min"": 69994.3249027238, ""max"": 129989.4605336299}",us,check_quality_intervals,,76.03601799517239,,,
anomaly_seed829730_matrix_01,829730,matrix,target_episode,False,statistical_deviation,three_sigma,609646907,,0,1,15,24949,1101087,"{""mean"": 99991.89271817685, ""std"": 6450.634902728691, ""sigma"": 3.0}",us,check_quality_intervals,,76.03601799517239,,,
anomaly_seed829730_matrix_01,829730,matrix,target_recovery,False,frequency_decrease,frequency,609726829,,0,1,15,,1,"{""min"": 5.000405396957832, ""max"": 15.001216190873496}",frames/window,check_quality_intervals,,76.11594142680075,608726829,609726829,
anomaly_seed829730_matrix_01,829730,matrix,target_episode,False,missing_frame,timeout,613865254,,0,1,15,,322416,299975.6781545306,us,check_quality_intervals,613542838,80.25444055766653,,,
anomaly_seed829730_matrix_01,829730,matrix,target_episode,False,frequency_decrease,frequency,614726829,,0,1,15,,0,"{""min"": 5.000405396957832, ""max"": 15.001216190873496}",frames/window,check_quality_intervals,,81.11603099090506,613726829,614726829,
anomaly_seed829730_matrix_01,829730,matrix,other_id_during_episode,False,statistical_deviation,three_sigma,615544660,,0,1,2026,25579,987983,"{""mean"": 999988.2849162011, ""std"": 3953.734481346764, ""sigma"": 3.0}",us,check_quality_intervals,,81.93387664056533,,,
anomaly_seed829730_matrix_01,829730,matrix,target_episode,False,period_violation,period,618646606,,0,1,15,25893,5103768,"{""min"": 69994.3249027238, ""max"": 129989.4605336299}",us,check_quality_intervals,,85.03587820516836,,,
anomaly_seed829730_matrix_01,829730,matrix,target_episode,False,statistical_deviation,three_sigma,618646606,,0,1,15,25893,5103768,"{""mean"": 99991.89271817685, ""std"": 6450.634902728691, ""sigma"": 3.0}",us,check_quality_intervals,,85.03587820516836,,,
anomaly_seed829730_matrix_01,829730,matrix,target_episode,False,period_violation,period,623609075,,0,1,24,26437,16429,"{""min"": 70002.66809338536, ""max"": 130004.95503057282}",us,check_quality_intervals,,89.99843609698654,,,
anomaly_seed829730_matrix_01,829730,matrix,target_episode,False,statistical_deviation,three_sigma,623609075,,0,1,24,26437,16429,"{""mean"": 100003.81156197909, ""std"": 5524.921842407675, ""sigma"": 3.0}",us,check_quality_intervals,,89.99843609698654,,,
anomaly_seed829730_matrix_01,829730,matrix,target_episode,False,period_violation,period,628613403,,0,1,24,26995,16424,"{""min"": 70002.66809338536, ""max"": 130004.95503057282}",us,check_quality_intervals,,95.00285373861753,,,
anomaly_seed829730_matrix_01,829730,matrix,target_episode,False,statistical_deviation,three_sigma,628613403,,0,1,24,26995,16424,"{""mean"": 100003.81156197909, ""std"": 5524.921842407675, ""sigma"": 3.0}",us,check_quality_intervals,,95.00285373861753,,,
anomaly_seed829730_matrix_01,829730,matrix,target_episode,False,burst,burst,628628419,,0,1,24,26999,4,"{""min_frames"": 4, ""max_interval_us"": 25000.952890494773}",frames,check_quality_intervals,,95.01787000759651,,,
anomaly_seed829730_matrix_01,829730,matrix,target_episode,False,frequency_increase,frequency,628726829,,0,1,24,,22,"{""min"": 4.999809429164771, ""max"": 14.999428287494315}",frames/window,check_quality_intervals,,95.11628177039715,627726829,628726829,
anomaly_seed829730_matrix_01,829730,matrix,target_episode,False,unknown_id,dbc,636606773,,0,1,2045,27896,2045,ID in DBC or baseline,,check_quality_intervals,,102.99636692242247,,,
anomaly_seed829730_matrix_01,829730,matrix,target_episode,False,unknown_id,dbc,641602684,,0,1,2045,28450,2045,ID in DBC or baseline,,check_quality_intervals,,107.99236741328123,,,
anomaly_seed829730_matrix_01,829730,matrix,other_id_during_episode,False,statistical_deviation,three_sigma,641918320,,0,1,1324,28491,991143,"{""mean"": 1000008.2178770946, ""std"": 2677.52892050251, ""sigma"": 3.0}",us,check_quality_intervals,,108.3080090672124,,,
anomaly_seed829730_matrix_01,829730,matrix,target_episode,False,dlc_mismatch,dbc,649609598,,0,1,103,29342,7,8,bytes,check_quality_intervals,,115.99942483969744,,,
anomaly_seed829730_matrix_01,829730,matrix,target_episode,False,period_violation,period,649609598,,0,1,103,29342,18984,"{""min"": 70005.00622568095, ""max"": 130009.29727626462}",us,check_quality_intervals,,115.99942483969744,,,
anomaly_seed829730_matrix_01,829730,matrix,target_episode,False,statistical_deviation,three_sigma,649609598,,0,1,103,29342,18984,"{""mean"": 100007.15175097279, ""std"": 5456.912074147441, ""sigma"": 3.0}",us,check_quality_intervals,,115.99942483969744,,,
anomaly_seed829730_matrix_01,829730,matrix,target_episode,False,dlc_mismatch,dbc,649701594,,0,1,103,29356,7,8,bytes,check_quality_intervals,,116.0914224876053,,,
anomaly_seed829730_matrix_01,829730,matrix,target_episode,False,dlc_mismatch,dbc,649810038,,0,1,103,29368,7,8,bytes,check_quality_intervals,,116.19986843014321,,,
anomaly_seed829730_matrix_01,829730,matrix,target_episode,False,dlc_mismatch,dbc,657606396,,0,1,9,30230,4,3,bytes,check_quality_intervals,,123.9963660849075,,,
anomaly_seed829730_matrix_01,829730,matrix,target_episode,False,period_violation,period,657606396,,0,1,9,30230,423009,"{""min"": 699995.6122905029, ""max"": 1299991.8513966482}",us,check_quality_intervals,,123.9963660849075,,,
anomaly_seed829730_matrix_01,829730,matrix,target_episode,False,statistical_deviation,three_sigma,657606396,,0,1,9,30230,423009,"{""mean"": 999993.7318435755, ""std"": 6111.707218414739, ""sigma"": 3.0}",us,check_quality_intervals,,123.9963660849075,,,
anomaly_seed829730_matrix_01,829730,matrix,target_episode,False,frequency_increase,frequency,657726829,,0,1,9,,4,"{""min"": 6.268195714476121e-06, ""max"": 2.0000062681957145}",frames/window,check_quality_intervals,,124.1168012422022,656726829,657726829,
anomaly_seed829730_matrix_01,829730,matrix,target_episode,False,burst,burst,657758391,,0,1,9,30248,4,"{""min_frames"": 4, ""max_interval_us"": 249998.43296089387}",frames,check_quality_intervals,,124.14836380756665,,,
anomaly_seed829730_matrix_01,829730,matrix,target_episode,False,signal_out_of_range,dbc,665601801,,0,1,6,31105,101.0,"{""min"": -100, ""max"": 100}",%,check_quality_intervals,,131.991914305165,,,AccuFunSpeedIncrease
anomaly_seed829730_matrix_01,829730,matrix,target_episode,False,signal_out_of_range,dbc,673606078,,0,1,6,31993,-101.0,"{""min"": -100, ""max"": 100}",%,check_quality_intervals,,139.99633468434504,,,AccuFunSpeedIncrease
anomaly_seed829730_matrix_01,829730,matrix,target_episode,False,signal_out_of_range,dbc,681604936,,0,1,6,32882,110.0,"{""min"": -100, ""max"": 100}",%,check_quality_intervals,,147.99533596645546,,,AccuFunSpeedIncrease
anomaly_seed829730_matrix_01,829730,matrix,outside_run,False,missing_frame,timeout,693851829,,0,1,145,,344422,299993.3616666666,us,check_quality_intervals,693507407,160.24244834285588,,,
anomaly_seed829730_matrix_01,829730,matrix,outside_run,False,missing_frame,timeout,693851829,,0,1,455,,332569,299987.81156197865,us,check_quality_intervals,693519260,160.24244834285588,,,
anomaly_seed829730_matrix_01,829730,matrix,outside_run,False,missing_frame,timeout,693951829,,0,1,15,,396001,299975.6781545306,us,check_quality_intervals,693555828,160.342450134138,,,
anomaly_seed829730_matrix_01,829730,matrix,outside_run,False,missing_frame,timeout,693951829,,0,1,24,,358434,300011.43468593725,us,check_quality_intervals,693593395,160.342450134138,,,
anomaly_seed829730_matrix_01,829730,matrix,outside_run,False,missing_frame,timeout,693951829,,0,1,103,,361001,300021.45525291836,us,check_quality_intervals,693590828,160.342450134138,,,
anomaly_seed829730_matrix_01,829730,matrix,outside_run,False,missing_frame,timeout,693951829,,0,1,118,,386561,300014.7732073374,us,check_quality_intervals,693565268,160.342450134138,,,
anomaly_seed829730_matrix_01,829730,matrix,outside_run,False,missing_frame,timeout,693951829,,0,1,458,,361583,300004.04057809897,us,check_quality_intervals,693590246,160.342450134138,,,
anomaly_seed829730_matrix_01,829730,matrix,outside_run,False,missing_frame,timeout,694051829,,0,1,1317,,611589,599962.8353726361,us,check_quality_intervals,693440240,160.4424519254201,,,
anomaly_seed829730_matrix_01,829730,matrix,outside_run,False,frequency_decrease,frequency,694726829,,0,1,9,,0,"{""min"": 6.268195714476121e-06, ""max"": 2.0000062681957145}",frames/window,check_quality_intervals,,161.11746401657413,693726829,694726829,
anomaly_seed829730_matrix_01,829730,matrix,outside_run,False,frequency_decrease,frequency,694726829,,0,1,15,,0,"{""min"": 5.000405396957832, ""max"": 15.001216190873496}",frames/window,check_quality_intervals,,161.11746401657413,693726829,694726829,
anomaly_seed829730_matrix_01,829730,matrix,outside_run,False,frequency_decrease,frequency,694726829,,0,1,24,,0,"{""min"": 4.999809429164771, ""max"": 14.999428287494315}",frames/window,check_quality_intervals,,161.11746401657413,693726829,694726829,
anomaly_seed829730_matrix_01,829730,matrix,outside_run,False,frequency_decrease,frequency,694726829,,0,1,103,,0,"{""min"": 4.999642438023303, ""max"": 14.998927314069908}",frames/window,check_quality_intervals,,161.11746401657413,693726829,694726829,
anomaly_seed829730_matrix_01,829730,matrix,outside_run,False,frequency_decrease,frequency,694726829,,0,1,118,,0,"{""min"": 4.999753792001982, ""max"": 14.999261376005947}",frames/window,check_quality_intervals,,161.11746401657413,693726829,694726829,
anomaly_seed829730_matrix_01,829730,matrix,outside_run,False,frequency_decrease,frequency,694726829,,0,1,145,,0,"{""min"": 5.0001106413371375, ""max"": 15.000331924011412}",frames/window,check_quality_intervals,,161.11746401657413,693726829,694726829,
anomaly_seed829730_matrix_01,829730,matrix,outside_run,False,frequency_decrease,frequency,694726829,,0,1,455,,0,"{""min"": 5.000203148887248, ""max"": 15.000609446661745}",frames/window,check_quality_intervals,,161.11746401657413,693726829,694726829,
anomaly_seed829730_matrix_01,829730,matrix,outside_run,False,frequency_decrease,frequency,694726829,,0,1,458,,0,"{""min"": 4.999932657938687, ""max"": 14.999797973816062}",frames/window,check_quality_intervals,,161.11746401657413,693726829,694726829,
anomaly_seed829730_matrix_01,829730,matrix,outside_run,False,frequency_decrease,frequency,694726829,,0,1,1317,,0,"{""min"": 2.5001548622063434, ""max"": 7.50046458661903}",frames/window,check_quality_intervals,,161.11746401657413,693726829,694726829,
anomaly_seed829730_matrix_01,829730,matrix,outside_run,False,frequency_decrease,frequency,694726829,,0,1,2026,,0,"{""min"": 1.1715221043706592e-05, ""max"": 2.000011715221044}",frames/window,check_quality_intervals,,161.11746401657413,693726829,694726829,
anomaly_seed829730_matrix_02,829730,matrix,outside_run,False,missing_frame,timeout,712651829,,0,1,15,,300000,299975.6781545306,us,check_quality_intervals,,-1.3990555532763655,,,
anomaly_seed829730_matrix_02,829730,matrix,outside_run,False,missing_frame,timeout,712651829,,0,1,145,,300000,299993.3616666666,us,check_quality_intervals,,-1.3990555532763655,,,
anomaly_seed829730_matrix_02,829730,matrix,outside_run,False,missing_frame,timeout,712651829,,0,1,455,,300000,299987.81156197865,us,check_quality_intervals,,-1.3990555532763655,,,
anomaly_seed829730_matrix_02,829730,matrix,outside_run,False,missing_frame,timeout,712751829,,0,1,24,,400000,300011.43468593725,us,check_quality_intervals,,-1.2990553707760097,,,
anomaly_seed829730_matrix_02,829730,matrix,outside_run,False,missing_frame,timeout,712751829,,0,1,103,,400000,300021.45525291836,us,check_quality_intervals,,-1.2990553707760097,,,
anomaly_seed829730_matrix_02,829730,matrix,outside_run,False,missing_frame,timeout,712751829,,0,1,118,,400000,300014.7732073374,us,check_quality_intervals,,-1.2990553707760097,,,
anomaly_seed829730_matrix_02,829730,matrix,outside_run,False,missing_frame,timeout,712751829,,0,1,458,,400000,300004.04057809897,us,check_quality_intervals,,-1.2990553707760097,,,
anomaly_seed829730_matrix_02,829730,matrix,outside_run,False,missing_frame,timeout,712951829,,0,1,1317,,600000,599962.8353726361,us,check_quality_intervals,,-1.0990550057754118,,,
anomaly_seed829730_matrix_02,829730,matrix,outside_run,False,frequency_decrease,frequency,713351829,,0,1,9,,0,"{""min"": 6.268195714476121e-06, ""max"": 2.0000062681957145}",frames/window,check_quality_intervals,,-0.6990542757741023,712351829,713351829,
anomaly_seed829730_matrix_02,829730,matrix,outside_run,False,frequency_decrease,frequency,713351829,,0,1,15,,0,"{""min"": 5.000405396957832, ""max"": 15.001216190873496}",frames/window,check_quality_intervals,,-0.6990542757741023,712351829,713351829,
anomaly_seed829730_matrix_02,829730,matrix,outside_run,False,frequency_decrease,frequency,713351829,,0,1,24,,0,"{""min"": 4.999809429164771, ""max"": 14.999428287494315}",frames/window,check_quality_intervals,,-0.6990542757741023,712351829,713351829,
anomaly_seed829730_matrix_02,829730,matrix,outside_run,False,frequency_decrease,frequency,713351829,,0,1,103,,0,"{""min"": 4.999642438023303, ""max"": 14.998927314069908}",frames/window,check_quality_intervals,,-0.6990542757741023,712351829,713351829,
anomaly_seed829730_matrix_02,829730,matrix,outside_run,False,frequency_decrease,frequency,713351829,,0,1,118,,0,"{""min"": 4.999753792001982, ""max"": 14.999261376005947}",frames/window,check_quality_intervals,,-0.6990542757741023,712351829,713351829,
anomaly_seed829730_matrix_02,829730,matrix,outside_run,False,frequency_decrease,frequency,713351829,,0,1,145,,0,"{""min"": 5.0001106413371375, ""max"": 15.000331924011412}",frames/window,check_quality_intervals,,-0.6990542757741023,712351829,713351829,
anomaly_seed829730_matrix_02,829730,matrix,outside_run,False,frequency_decrease,frequency,713351829,,0,1,455,,0,"{""min"": 5.000203148887248, ""max"": 15.000609446661745}",frames/window,check_quality_intervals,,-0.6990542757741023,712351829,713351829,
anomaly_seed829730_matrix_02,829730,matrix,outside_run,False,frequency_decrease,frequency,713351829,,0,1,458,,0,"{""min"": 4.999932657938687, ""max"": 14.999797973816062}",frames/window,check_quality_intervals,,-0.6990542757741023,712351829,713351829,
anomaly_seed829730_matrix_02,829730,matrix,outside_run,False,frequency_decrease,frequency,713351829,,0,1,1317,,0,"{""min"": 2.5001548622063434, ""max"": 7.50046458661903}",frames/window,check_quality_intervals,,-0.6990542757741023,712351829,713351829,
anomaly_seed829730_matrix_02,829730,matrix,outside_run,False,frequency_decrease,frequency,713351829,,0,1,2026,,0,"{""min"": 1.1715221043706592e-05, ""max"": 2.000011715221044}",frames/window,check_quality_intervals,,-0.6990542757741023,712351829,713351829,
anomaly_seed829730_matrix_02,829730,matrix,boundary_guard,False,statistical_deviation,three_sigma,716353828,,0,1,1324,35103,991400,"{""mean"": 1000008.2178770946, ""std"": 2677.52892050251, ""sigma"": 3.0}",us,check_quality_intervals,,2.30295020288414,,,
anomaly_seed829730_matrix_02,829730,matrix,background_candidate,False,statistical_deviation,three_sigma,720362340,,0,1,1324,35534,1008564,"{""mean"": 1000008.2178770946, ""std"": 2677.52892050251, ""sigma"": 3.0}",us,check_quality_intervals,,6.311469518431887,,,
anomaly_seed829730_matrix_02,829730,matrix,background_candidate,False,statistical_deviation,three_sigma,722353304,,0,1,1324,35751,990982,"{""mean"": 1000008.2178770946, ""std"": 2677.52892050251, ""sigma"": 3.0}",us,check_quality_intervals,,8.302437151947782,,,
anomaly_seed829730_matrix_02,829730,matrix,target_episode,False,period_violation,period,729051791,,0,1,15,36491,63594,"{""min"": 69994.3249027238, ""max"": 129989.4605336299}",us,check_quality_intervals,,15.000936376708866,,,
anomaly_seed829730_matrix_02,829730,matrix,target_episode,False,statistical_deviation,three_sigma,729051791,,0,1,15,36491,63594,"{""mean"": 99991.89271817685, ""std"": 6450.634902728691, ""sigma"": 3.0}",us,check_quality_intervals,,15.000936376708866,,,
anomaly_seed829730_matrix_02,829730,matrix,target_episode,False,statistical_deviation,three_sigma,729287612,,0,1,15,36520,76979,"{""mean"": 99991.89271817685, ""std"": 6450.634902728691, ""sigma"": 3.0}",us,check_quality_intervals,,15.236757807082965,,,
anomaly_seed829730_matrix_02,829730,matrix,target_episode,False,statistical_deviation,three_sigma,729603187,,0,1,15,36554,76560,"{""mean"": 99991.89271817685, ""std"": 6450.634902728691, ""sigma"": 3.0}",us,check_quality_intervals,,15.55233338300847,,,
anomaly_seed829730_matrix_02,829730,matrix,target_episode,False,statistical_deviation,three_sigma,729922620,,0,1,15,36590,71018,"{""mean"": 99991.89271817685, ""std"": 6450.634902728691, ""sigma"": 3.0}",us,check_quality_intervals,,15.871766965974764,,,
anomaly_seed829730_matrix_02,829730,matrix,other_id_during_episode,False,statistical_deviation,three_sigma,729984179,,0,1,2026,36598,987546,"{""mean"": 999988.2849162011, ""std"": 3953.734481346764, ""sigma"": 3.0}",us,check_quality_intervals,,15.933326078320132,,,
anomaly_seed829730_matrix_02,829730,matrix,target_episode,False,statistical_deviation,three_sigma,730170756,,0,1,15,36621,80139,"{""mean"": 99991.89271817685, ""std"": 6450.634902728691, ""sigma"": 3.0}",us,check_quality_intervals,,16.11990341882372,,,
anomaly_seed829730_matrix_02,829730,matrix,target_episode,False,period_violation,period,730400618,,0,1,15,36644,67420,"{""min"": 69994.3249027238, ""max"": 129989.4605336299}",us,check_quality_intervals,,16.34976583832266,,,
anomaly_seed829730_matrix_02,829730,matrix,target_episode,False,statistical_deviation,three_sigma,730400618,,0,1,15,36644,67420,"{""mean"": 99991.89271817685, ""std"": 6450.634902728691, ""sigma"": 3.0}",us,check_quality_intervals,,16.34976583832266,,,
anomaly_seed829730_matrix_02,829730,matrix,target_episode,False,statistical_deviation,three_sigma,730570617,,0,1,15,36666,80445,"{""mean"": 99991.89271817685, ""std"": 6450.634902728691, ""sigma"": 3.0}",us,check_quality_intervals,,16.519765148571366,,,
anomaly_seed829730_matrix_02,829730,matrix,target_episode,False,statistical_deviation,three_sigma,730807586,,0,1,15,36689,77419,"{""mean"": 99991.89271817685, ""std"": 6450.634902728691, ""sigma"": 3.0}",us,check_quality_intervals,,16.756734581040625,,,
anomaly_seed829730_matrix_02,829730,matrix,target_episode,False,statistical_deviation,three_sigma,731289750,,0,1,15,36745,76172,"{""mean"": 99991.89271817685, ""std"": 6450.634902728691, ""sigma"": 3.0}",us,check_quality_intervals,,17.23889946099154,,,
anomaly_seed829730_matrix_02,829730,matrix,other_id_during_episode,False,statistical_deviation,three_sigma,731353677,,0,1,1324,36751,987076,"{""mean"": 1000008.2178770946, ""std"": 2677.52892050251, ""sigma"": 3.0}",us,check_quality_intervals,,17.30282657765845,,,
anomaly_seed829730_matrix_02,829730,matrix,target_episode,False,statistical_deviation,three_sigma,731604589,,0,1,15,36779,75008,"{""mean"": 99991.89271817685, ""std"": 6450.634902728691, ""sigma"": 3.0}",us,check_quality_intervals,,17.55373903557377,,,
anomaly_seed829730_matrix_02,829730,matrix,target_episode,False,statistical_deviation,three_sigma,731837769,,0,1,15,36806,70029,"{""mean"": 99991.89271817685, ""std"": 6450.634902728691, ""sigma"": 3.0}",us,check_quality_intervals,,17.786919461127997,,,
anomaly_seed829730_matrix_02,829730,matrix,target_episode,False,statistical_deviation,three_sigma,732007143,,0,1,15,36824,75997,"{""mean"": 99991.89271817685, ""std"": 6450.634902728691, ""sigma"": 3.0}",us,check_quality_intervals,,17.956293770236172,,,
anomaly_seed829730_matrix_02,829730,matrix,target_episode,False,statistical_deviation,three_sigma,732170142,,0,1,15,36846,79000,"{""mean"": 99991.89271817685, ""std"": 6450.634902728691, ""sigma"": 3.0}",us,check_quality_intervals,,18.119293067709904,,,
anomaly_seed829730_matrix_02,829730,matrix,target_episode,False,statistical_deviation,three_sigma,732403555,,0,1,15,36869,70964,"{""mean"": 99991.89271817685, ""std"": 6450.634902728691, ""sigma"": 3.0}",us,check_quality_intervals,,18.352706493689332,,,
anomaly_seed829730_matrix_02,829730,matrix,target_episode,False,statistical_deviation,three_sigma,732643662,,0,1,15,36897,77935,"{""mean"": 99991.89271817685, ""std"": 6450.634902728691, ""sigma"": 3.0}",us,check_quality_intervals,,18.592813931885374,,,
anomaly_seed829730_matrix_02,829730,matrix,target_episode,False,statistical_deviation,three_sigma,732962566,,0,1,15,36935,76437,"{""mean"": 99991.89271817685, ""std"": 6450.634902728691, ""sigma"": 3.0}",us,check_quality_intervals,,18.911718513886324,,,
anomaly_seed829730_matrix_02,829730,matrix,target_episode,False,statistical_deviation,three_sigma,733288121,,0,1,15,36970,74999,"{""mean"": 99991.89271817685, ""std"": 6450.634902728691, ""sigma"": 3.0}",us,check_quality_intervals,,19.237274108025293,,,
anomaly_seed829730_matrix_02,829730,matrix,target_episode,False,statistical_deviation,three_sigma,733602115,,0,1,15,37004,75998,"{""mean"": 99991.89271817685, ""std"": 6450.634902728691, ""sigma"": 3.0}",us,check_quality_intervals,,19.551268681065366,,,
anomaly_seed829730_matrix_02,829730,matrix,target_episode,False,statistical_deviation,three_sigma,734008108,,0,1,15,37049,77420,"{""mean"": 99991.89271817685, ""std"": 6450.634902728691, ""sigma"": 3.0}",us,check_quality_intervals,,19.95726242200391,,,
anomaly_seed829730_matrix_02,829730,matrix,target_episode,False,statistical_deviation,three_sigma,734246105,,0,1,15,37076,74998,"{""mean"": 99991.89271817685, ""std"": 6450.634902728691, ""sigma"": 3.0}",us,check_quality_intervals,,20.19525985634918,,,
anomaly_seed829730_matrix_02,829730,matrix,target_episode,False,statistical_deviation,three_sigma,734572099,,0,1,15,37116,79999,"{""mean"": 99991.89271817685, ""std"": 6450.634902728691, ""sigma"": 3.0}",us,check_quality_intervals,,20.52125445128935,,,
anomaly_seed829730_matrix_02,829730,matrix,target_episode,False,statistical_deviation,three_sigma,734800539,,0,1,15,37139,76005,"{""mean"": 99991.89271817685, ""std"": 6450.634902728691, ""sigma"": 3.0}",us,check_quality_intervals,,20.749694868193092,,,
anomaly_seed829730_matrix_02,829730,matrix,target_episode,False,statistical_deviation,three_sigma,734961090,,0,1,15,37160,76998,"{""mean"": 99991.89271817685, ""std"": 6450.634902728691, ""sigma"": 3.0}",us,check_quality_intervals,,20.910246161199257,,,
anomaly_seed829730_matrix_02,829730,matrix,target_episode,False,period_violation,period,735093617,,0,1,15,37172,132527,"{""min"": 69994.3249027238, ""max"": 129989.4605336299}",us,check_quality_intervals,,21.042773403061453,,,
anomaly_seed829730_matrix_02,829730,matrix,other_id_during_episode,False,statistical_deviation,three_sigma,735996650,,0,1,2026,37272,1012562,"{""mean"": 999988.2849162011, ""std"": 3953.734481346764, ""sigma"": 3.0}",us,check_quality_intervals,,21.945808051099736,,,
anomaly_seed829730_matrix_02,829730,matrix,target_episode,False,period_violation,period,739044018,,0,1,15,37610,62997,"{""min"": 69994.3249027238, ""max"": 129989.4605336299}",us,check_quality_intervals,,24.993181612556494,,,
anomaly_seed829730_matrix_02,829730,matrix,target_episode,False,statistical_deviation,three_sigma,739044018,,0,1,15,37610,62997,"{""mean"": 99991.89271817685, ""std"": 6450.634902728691, ""sigma"": 3.0}",us,check_quality_intervals,,24.993181612556494,,,
anomaly_seed829730_matrix_02,829730,matrix,target_episode,False,frequency_increase,frequency,740351829,,0,1,15,,20,"{""min"": 5.000405396957832, ""max"": 15.001216190873496}",frames/window,check_quality_intervals,,26.300994999315826,739351829,740351829,
anomaly_seed829730_matrix_02,829730,matrix,other_id_during_episode,False,statistical_deviation,three_sigma,742365368,,0,1,1324,38008,1008401,"{""mean"": 1000008.2178770946, ""std"": 2677.52892050251, ""sigma"": 3.0}",us,check_quality_intervals,,28.314537674031243,,,
anomaly_seed829730_matrix_02,829730,matrix,other_id_during_episode,False,statistical_deviation,three_sigma,743995929,,0,1,2026,38201,1012563,"{""mean"": 999988.2849162011, ""std"": 3953.734481346764, ""sigma"": 3.0}",us,check_quality_intervals,,29.945101649810557,,,
anomaly_seed829730_matrix_02,829730,matrix,other_id_during_episode,False,statistical_deviation,three_sigma,744357332,,0,1,1324,38248,988949,"{""mean"": 1000008.2178770946, ""std"": 2677.52892050251, ""sigma"": 3.0}",us,check_quality_intervals,,30.30650530937223,,,
anomaly_seed829730_matrix_02,829730,matrix,target_episode,False,period_violation,period,749044840,,0,1,15,38774,63468,"{""min"": 69994.3249027238, ""max"": 129989.4605336299}",us,check_quality_intervals,,34.99402186408992,,,
anomaly_seed829730_matrix_02,829730,matrix,target_episode,False,statistical_deviation,three_sigma,749044840,,0,1,15,38774,63468,"{""mean"": 99991.89271817685, ""std"": 6450.634902728691, ""sigma"": 3.0}",us,check_quality_intervals,,34.99402186408992,,,
anomaly_seed829730_matrix_02,829730,matrix,target_episode,False,frequency_increase,frequency,749351829,,0,1,15,,20,"{""min"": 5.000405396957832, ""max"": 15.001216190873496}",frames/window,check_quality_intervals,,35.3010114243458,748351829,749351829,
anomaly_seed829730_matrix_02,829730,matrix,other_id_during_episode,False,statistical_deviation,three_sigma,749354263,,0,1,1324,38818,990421,"{""mean"": 1000008.2178770946, ""std"": 2677.52892050251, ""sigma"": 3.0}",us,check_quality_intervals,,35.30344542878785,,,
anomaly_seed829730_matrix_02,829730,matrix,target_episode,False,burst,burst,749441427,,0,1,15,38830,4,"{""min_frames"": 4, ""max_interval_us"": 24997.973179544213}",frames,check_quality_intervals,,35.39060958786247,,,
anomaly_seed829730_matrix_02,829730,matrix,target_episode,False,burst,burst,749663830,,0,1,15,38862,4,"{""min_frames"": 4, ""max_interval_us"": 24997.973179544213}",frames,check_quality_intervals,,35.613012993748676,,,
anomaly_seed829730_matrix_02,829730,matrix,target_episode,False,burst,burst,752315203,,0,1,15,39232,4,"{""min_frames"": 4, ""max_interval_us"": 24997.973179544213}",frames,check_quality_intervals,,38.264390832513264,,,
anomaly_seed829730_matrix_02,829730,matrix,target_episode,False,burst,burst,752443780,,0,1,15,39250,4,"{""min_frames"": 4, ""max_interval_us"": 24997.973179544213}",frames,check_quality_intervals,,38.39296806716667,,,
anomaly_seed829730_matrix_02,829730,matrix,target_episode,False,burst,burst,752591197,,0,1,15,39269,4,"{""min_frames"": 4, ""max_interval_us"": 24997.973179544213}",frames,check_quality_intervals,,38.5403853362032,,,
anomaly_seed829730_matrix_02,829730,matrix,target_episode,False,burst,burst,752963771,,0,1,15,39323,4,"{""min_frames"": 4, ""max_interval_us"": 24997.973179544213}",frames,check_quality_intervals,,38.91296001615198,,,
anomaly_seed829730_matrix_02,829730,matrix,target_episode,False,burst,burst,753315358,,0,1,15,39372,4,"{""min_frames"": 4, ""max_interval_us"": 24997.973179544213}",frames,check_quality_intervals,,39.26454765779942,,,
anomaly_seed829730_matrix_02,829730,matrix,target_episode,False,burst,burst,753444763,,0,1,15,39390,4,"{""min_frames"": 4, ""max_interval_us"": 24997.973179544213}",frames,check_quality_intervals,,39.393952893964,,,
anomaly_seed829730_matrix_02,829730,matrix,target_episode,False,burst,burst,754441746,,0,1,15,39530,4,"{""min_frames"": 4, ""max_interval_us"": 24997.973179544213}",frames,check_quality_intervals,,40.39093771346129,,,
anomaly_seed829730_matrix_02,829730,matrix,target_episode,False,period_violation,period,759050663,,0,1,15,40058,63528,"{""min"": 69994.3249027238, ""max"": 129989.4605336299}",us,check_quality_intervals,,44.999863124750185,,,
anomaly_seed829730_matrix_02,829730,matrix,target_episode,False,statistical_deviation,three_sigma,759050663,,0,1,15,40058,63528,"{""mean"": 99991.89271817685, ""std"": 6450.634902728691, ""sigma"": 3.0}",us,check_quality_intervals,,44.999863124750185,,,
anomaly_seed829730_matrix_02,829730,matrix,other_id_during_episode,False,statistical_deviation,three_sigma,759359239,,0,1,1324,40092,990573,"{""mean"": 1000008.2178770946, ""std"": 2677.52892050251, ""sigma"": 3.0}",us,check_quality_intervals,,45.30843968790243,,,
anomaly_seed829730_matrix_02,829730,matrix,target_episode,False,period_violation,period,759670652,,0,1,15,40126,130999,"{""min"": 69994.3249027238, ""max"": 129989.4605336299}",us,check_quality_intervals,,45.61985325623221,,,
anomaly_seed829730_matrix_02,829730,matrix,target_episode,False,period_violation,period,760178082,,0,1,15,40180,133437,"{""min"": 69994.3249027238, ""max"": 129989.4605336299}",us,check_quality_intervals,,46.12728418229365,,,
anomaly_seed829730_matrix_02,829730,matrix,target_episode,False,period_violation,period,761174064,,0,1,15,40288,135436,"{""min"": 69994.3249027238, ""max"": 129989.4605336299}",us,check_quality_intervals,,47.12326799996414,,,
anomaly_seed829730_matrix_02,829730,matrix,target_episode,False,period_violation,period,761674054,,0,1,15,40342,133856,"{""min"": 69994.3249027238, ""max"": 129989.4605336299}",us,check_quality_intervals,,47.62325891244747,,,
anomaly_seed829730_matrix_02,829730,matrix,target_episode,False,period_violation,period,761924050,,0,1,15,40368,131992,"{""min"": 69994.3249027238, ""max"": 129989.4605336299}",us,check_quality_intervals,,47.87325536869101,,,
anomaly_seed829730_matrix_02,829730,matrix,target_episode,False,statistical_deviation,three_sigma,761924050,,0,1,15,40368,131992,"{""mean"": 99991.89271817685, ""std"": 6450.634902728691, ""sigma"": 3.0}",us,check_quality_intervals,,47.87325536869101,,,
anomaly_seed829730_matrix_02,829730,matrix,target_episode,False,period_violation,period,762177028,,0,1,15,40396,133417,"{""min"": 69994.3249027238, ""max"": 129989.4605336299}",us,check_quality_intervals,,48.12623383037669,,,
anomaly_seed829730_matrix_02,829730,matrix,target_episode,False,period_violation,period,762927016,,0,1,15,40476,138421,"{""min"": 69994.3249027238, ""max"": 129989.4605336299}",us,check_quality_intervals,,48.876223199107315,,,
anomaly_seed829730_matrix_02,829730,matrix,target_episode,False,statistical_deviation,three_sigma,762927016,,0,1,15,40476,138421,"{""mean"": 99991.89271817685, ""std"": 6450.634902728691, ""sigma"": 3.0}",us,check_quality_intervals,,48.876223199107315,,,
anomaly_seed829730_matrix_02,829730,matrix,target_episode,False,period_violation,period,763802018,,0,1,15,40569,133439,"{""min"": 69994.3249027238, ""max"": 129989.4605336299}",us,check_quality_intervals,,49.75122679598888,,,
anomaly_seed829730_matrix_02,829730,matrix,target_episode,False,period_violation,period,764176572,,0,1,15,40612,135578,"{""min"": 69994.3249027238, ""max"": 129989.4605336299}",us,check_quality_intervals,,50.125781479551165,,,
anomaly_seed829730_matrix_02,829730,matrix,target_episode,False,statistical_deviation,three_sigma,764176572,,0,1,15,40612,135578,"{""mean"": 99991.89271817685, ""std"": 6450.634902728691, ""sigma"": 3.0}",us,check_quality_intervals,,50.125781479551165,,,
anomaly_seed829730_matrix_02,829730,matrix,target_episode,False,period_violation,period,764671562,,0,1,15,40666,132404,"{""min"": 69994.3249027238, ""max"": 129989.4605336299}",us,check_quality_intervals,,50.62077238290959,,,
anomaly_seed829730_matrix_02,829730,matrix,target_episode,False,period_violation,period,765086555,,0,1,15,40709,162558,"{""min"": 69994.3249027238, ""max"": 129989.4605336299}",us,check_quality_intervals,,51.03576614027318,,,
anomaly_seed829730_matrix_02,829730,matrix,target_episode,False,period_violation,period,769050486,,0,1,15,41150,62999,"{""min"": 69994.3249027238, ""max"": 129989.4605336299}",us,check_quality_intervals,,54.999704374460464,,,
anomaly_seed829730_matrix_02,829730,matrix,target_episode,False,statistical_deviation,three_sigma,769050486,,0,1,15,41150,62999,"{""mean"": 99991.89271817685, ""std"": 6450.634902728691, ""sigma"": 3.0}",us,check_quality_intervals,,54.999704374460464,,,
anomaly_seed829730_matrix_02,829730,matrix,target_episode,False,frequency_decrease,frequency,770351829,,0,1,15,,5,"{""min"": 5.000405396957832, ""max"": 15.001216190873496}",frames/window,check_quality_intervals,,56.301049749415746,769351829,770351829,
anomaly_seed829730_matrix_02,829730,matrix,target_episode,False,period_violation,period,779044307,,0,1,15,42224,63469,"{""min"": 69994.3249027238, ""max"": 129989.4605336299}",us,check_quality_intervals,,64.9935436132171,,,
anomaly_seed829730_matrix_02,829730,matrix,target_episode,False,statistical_deviation,three_sigma,779044307,,0,1,15,42224,63469,"{""mean"": 99991.89271817685, ""std"": 6450.634902728691, ""sigma"": 3.0}",us,check_quality_intervals,,64.9935436132171,,,
anomaly_seed829730_matrix_02,829730,matrix,target_episode,False,missing_frame,timeout,779356892,,0,1,15,,312585,299975.6781545306,us,check_quality_intervals,779044307,65.30612918368577,,,
anomaly_seed829730_matrix_02,829730,matrix,target_episode,False,missing_frame,timeout,779750712,,0,1,15,,307991,299975.6781545306,us,check_quality_intervals,779442721,65.69994990240859,,,
anomaly_seed829730_matrix_02,829730,matrix,target_episode,False,missing_frame,timeout,780169714,,0,1,15,,317000,299975.6781545306,us,check_quality_intervals,779852714,66.11895266708862,,,
anomaly_seed829730_matrix_02,829730,matrix,target_episode,False,frequency_decrease,frequency,780351829,,0,1,15,,3,"{""min"": 5.000405396957832, ""max"": 15.001216190873496}",frames/window,check_quality_intervals,,66.30106799944905,779351829,780351829,
anomaly_seed829730_matrix_02,829730,matrix,target_episode,False,missing_frame,timeout,780561707,,0,1,15,,318828,299975.6781545306,us,check_quality_intervals,780242879,66.5109463824771,,,
anomaly_seed829730_matrix_02,829730,matrix,target_episode,False,missing_frame,timeout,780945270,,0,1,15,,306992,299975.6781545306,us,check_quality_intervals,780638278,66.89451008248095,,,
anomaly_seed829730_matrix_02,829730,matrix,target_episode,False,missing_frame,timeout,781355703,,0,1,15,,305012,299975.6781545306,us,check_quality_intervals,781050691,67.30494383152244,,,
anomaly_seed829730_matrix_02,829730,matrix,target_episode,False,missing_frame,timeout,781750676,,0,1,15,,309412,299975.6781545306,us,check_quality_intervals,781441264,67.69991755234953,,,
anomaly_seed829730_matrix_02,829730,matrix,target_episode,False,missing_frame,timeout,782168829,,0,1,15,,316151,299975.6781545306,us,check_quality_intervals,781852678,68.11807131548011,,,
anomaly_seed829730_matrix_02,829730,matrix,target_episode,False,missing_frame,timeout,782550242,,0,1,15,,307992,299975.6781545306,us,check_quality_intervals,782242250,68.49948501156017,,,
anomaly_seed829730_matrix_02,829730,matrix,target_episode,False,missing_frame,timeout,782947676,,0,1,15,,306432,299975.6781545306,us,check_quality_intervals,782641244,68.89691973687852,,,
anomaly_seed829730_matrix_02,829730,matrix,other_id_during_episode,False,statistical_deviation,three_sigma,782982655,,0,1,2026,42617,986403,"{""mean"": 999988.2849162011, ""std"": 3953.734481346764, ""sigma"": 3.0}",us,check_quality_intervals,,68.93189880071533,,,
anomaly_seed829730_matrix_02,829730,matrix,target_episode,False,missing_frame,timeout,783355807,,0,1,15,,318571,299975.6781545306,us,check_quality_intervals,783037236,69.30505148171898,,,
anomaly_seed829730_matrix_02,829730,matrix,target_episode,False,missing_frame,timeout,783748641,,0,1,15,,307413,299975.6781545306,us,check_quality_intervals,783441228,69.69788619864234,,,
anomaly_seed829730_matrix_02,829730,matrix,target_episode,False,missing_frame,timeout,784168205,,0,1,15,,317563,299975.6781545306,us,check_quality_intervals,783850642,70.11745096434795,,,
anomaly_seed829730_matrix_02,829730,matrix,target_episode,False,missing_frame,timeout,784564618,,0,1,15,,322965,299975.6781545306,us,check_quality_intervals,784241653,70.51386468780305,,,
anomaly_seed829730_matrix_02,829730,matrix,target_episode,False,missing_frame,timeout,784946670,,0,1,15,,304464,299975.6781545306,us,check_quality_intervals,784642206,70.89591738504927,,,
anomaly_seed829730_matrix_02,829730,matrix,other_id_during_episode,False,statistical_deviation,three_sigma,785994181,,0,1,2026,42933,1011981,"{""mean"": 999988.2849162011, ""std"": 3953.734481346764, ""sigma"": 3.0}",us,check_quality_intervals,,71.94343029676031,,,
anomaly_seed829730_matrix_02,829730,matrix,target_episode,False,missing_frame,timeout,789302544,,0,1,15,,319995,299975.6781545306,us,check_quality_intervals,788982549,75.2517993345338,,,
anomaly_seed829730_matrix_02,829730,matrix,target_episode,False,period_violation,period,790094109,,0,1,15,43377,1111560,"{""min"": 69994.3249027238, ""max"": 129989.4605336299}",us,check_quality_intervals,,76.04336577914255,,,
anomaly_seed829730_matrix_02,829730,matrix,target_episode,False,statistical_deviation,three_sigma,790094109,,0,1,15,43377,1111560,"{""mean"": 99991.89271817685, ""std"": 6450.634902728691, ""sigma"": 3.0}",us,check_quality_intervals,,76.04336577914255,,,
anomaly_seed829730_matrix_02,829730,matrix,target_recovery,False,frequency_decrease,frequency,790351829,,0,1,15,,3,"{""min"": 5.000405396957832, ""max"": 15.001216190873496}",frames/window,check_quality_intervals,,76.30108624948235,789351829,790351829,
anomaly_seed829730_matrix_02,829730,matrix,target_episode,False,missing_frame,timeout,794305475,,0,1,15,,320905,299975.6781545306,us,check_quality_intervals,793984570,80.25473946489953,,,
anomaly_seed829730_matrix_02,829730,matrix,target_episode,False,frequency_decrease,frequency,795351829,,0,1,15,,0,"{""min"": 5.000405396957832, ""max"": 15.001216190873496}",frames/window,check_quality_intervals,,81.30109537449901,794351829,795351829,
anomaly_seed829730_matrix_02,829730,matrix,target_episode,False,period_violation,period,799084951,,0,1,15,44321,5100381,"{""min"": 69994.3249027238, ""max"": 129989.4605336299}",us,check_quality_intervals,,85.03422418745919,,,
anomaly_seed829730_matrix_02,829730,matrix,target_episode,False,statistical_deviation,three_sigma,799084951,,0,1,15,44321,5100381,"{""mean"": 99991.89271817685, ""std"": 6450.634902728691, ""sigma"": 3.0}",us,check_quality_intervals,,85.03422418745919,,,
anomaly_seed829730_matrix_02,829730,matrix,target_episode,False,period_violation,period,804049296,,0,1,24,44865,16856,"{""min"": 70002.66809338536, ""max"": 130004.95503057282}",us,check_quality_intervals,,89.99857824740533,,,
anomaly_seed829730_matrix_02,829730,matrix,target_episode,False,statistical_deviation,three_sigma,804049296,,0,1,24,44865,16856,"{""mean"": 100003.81156197909, ""std"": 5524.921842407675, ""sigma"": 3.0}",us,check_quality_intervals,,89.99857824740533,,,
anomaly_seed829730_matrix_02,829730,matrix,target_episode,False,period_violation,period,809049765,,0,1,24,45423,16568,"{""min"": 70002.66809338536, ""max"": 130004.95503057282}",us,check_quality_intervals,,94.99905637327787,,,
anomaly_seed829730_matrix_02,829730,matrix,target_episode,False,statistical_deviation,three_sigma,809049765,,0,1,24,45423,16568,"{""mean"": 100003.81156197909, ""std"": 5524.921842407675, ""sigma"": 3.0}",us,check_quality_intervals,,94.99905637327787,,,
anomaly_seed829730_matrix_02,829730,matrix,target_episode,False,burst,burst,809065761,,0,1,24,45427,4,"{""min_frames"": 4, ""max_interval_us"": 25000.952890494773}",frames,check_quality_intervals,,95.01505240247059,,,
anomaly_seed829730_matrix_02,829730,matrix,target_episode,False,frequency_increase,frequency,809351829,,0,1,24,,29,"{""min"": 4.999809429164771, ""max"": 14.999428287494315}",frames/window,check_quality_intervals,,95.30112092454564,808351829,809351829,
anomaly_seed829730_matrix_02,829730,matrix,target_episode,False,unknown_id,dbc,817043556,,0,1,2045,46323,2045,ID in DBC or baseline,,check_quality_intervals,,102.99286196197305,,,
anomaly_seed829730_matrix_02,829730,matrix,background_candidate,False,statistical_deviation,three_sigma,821352983,,0,1,1324,46801,988831,"{""mean"": 1000008.2178770946, ""std"": 2677.52892050251, ""sigma"": 3.0}",us,check_quality_intervals,,107.3022968266917,,,
anomaly_seed829730_matrix_02,829730,matrix,target_episode,False,unknown_id,dbc,822051467,,0,1,2045,46877,2045,ID in DBC or baseline,,check_quality_intervals,,108.00078210142733,,,
anomaly_seed829730_matrix_02,829730,matrix,target_episode,False,dlc_mismatch,dbc,830051378,,0,1,103,47769,7,8,bytes,check_quality_intervals,,116.00070770129156,,,
anomaly_seed829730_matrix_02,829730,matrix,target_episode,False,period_violation,period,830051378,,0,1,103,47769,20538,"{""min"": 70005.00622568095, ""max"": 130009.29727626462}",us,check_quality_intervals,,116.00070770129156,,,
anomaly_seed829730_matrix_02,829730,matrix,target_episode,False,statistical_deviation,three_sigma,830051378,,0,1,103,47769,20538,"{""mean"": 100007.15175097279, ""std"": 5456.912074147441, ""sigma"": 3.0}",us,check_quality_intervals,,116.00070770129156,,,
anomaly_seed829730_matrix_02,829730,matrix,target_episode,False,dlc_mismatch,dbc,830140817,,0,1,103,47783,7,8,bytes,check_quality_intervals,,116.090146864518,,,
anomaly_seed829730_matrix_02,829730,matrix,target_episode,False,dlc_mismatch,dbc,830247794,,0,1,103,47795,7,8,bytes,check_quality_intervals,,116.1971240597514,,,
anomaly_seed829730_matrix_02,829730,matrix,target_episode,False,frequency_increase,frequency,830351829,,0,1,103,,15,"{""min"": 4.999642438023303, ""max"": 14.998927314069908}",frames/window,check_quality_intervals,,116.30115924961558,829351829,830351829,
anomaly_seed829730_matrix_02,829730,matrix,target_episode,False,dlc_mismatch,dbc,838047178,,0,1,9,48657,4,3,bytes,check_quality_intervals,,123.99652229365321,,,
anomaly_seed829730_matrix_02,829730,matrix,target_episode,False,period_violation,period,838047178,,0,1,9,48657,431007,"{""min"": 699995.6122905029, ""max"": 1299991.8513966482}",us,check_quality_intervals,,123.99652229365321,,,
anomaly_seed829730_matrix_02,829730,matrix,target_episode,False,statistical_deviation,three_sigma,838047178,,0,1,9,48657,431007,"{""mean"": 999993.7318435755, ""std"": 6111.707218414739, ""sigma"": 3.0}",us,check_quality_intervals,,123.99652229365321,,,
anomaly_seed829730_matrix_02,829730,matrix,target_episode,False,burst,burst,838193175,,0,1,9,48675,4,"{""min_frames"": 4, ""max_interval_us"": 249998.43296089387}",frames,check_quality_intervals,,124.1425195600982,,,
anomaly_seed829730_matrix_02,829730,matrix,target_episode,False,frequency_increase,frequency,838351829,,0,1,9,,6,"{""min"": 6.268195714476121e-06, ""max"": 2.0000062681957145}",frames/window,check_quality_intervals,,124.30117384964223,837351829,838351829,
anomaly_seed829730_matrix_02,829730,matrix,background_candidate,False,statistical_deviation,three_sigma,844357551,,0,1,1324,49345,991401,"{""mean"": 1000008.2178770946, ""std"": 2677.52892050251, ""sigma"": 3.0}",us,check_quality_intervals,,130.30690681010486,,,
anomaly_seed829730_matrix_02,829730,matrix,target_episode,False,signal_out_of_range,dbc,846047007,,0,1,6,49532,101.0,"{""min"": -100, ""max"": 100}",%,check_quality_intervals,,131.99636589336777,,,AccuFunSpeedIncrease
anomaly_seed829730_matrix_02,829730,matrix,background_candidate,False,statistical_deviation,three_sigma,853353972,,0,1,1324,50344,989987,"{""mean"": 1000008.2178770946, ""std"": 2677.52892050251, ""sigma"": 3.0}",us,check_quality_intervals,,139.3033442286032,,,
anomaly_seed829730_matrix_02,829730,matrix,target_episode,False,signal_out_of_range,dbc,854048863,,0,1,6,50420,-101.0,"{""min"": -100, ""max"": 100}",%,check_quality_intervals,,139.9982364967816,,,AccuFunSpeedIncrease
anomaly_seed829730_matrix_02,829730,matrix,target_episode,False,signal_out_of_range,dbc,862045719,,0,1,6,51309,110.0,"{""min"": -100, ""max"": 100}",%,check_quality_intervals,,147.9951070910704,,,AccuFunSpeedIncrease
anomaly_seed829730_matrix_02,829730,matrix,outside_run,False,missing_frame,timeout,874278832,,0,1,145,,325750,299993.3616666666,us,check_quality_intervals,873953082,160.22824241654237,,,
anomaly_seed829730_matrix_02,829730,matrix,outside_run,False,missing_frame,timeout,874278832,,0,1,455,,312774,299987.81156197865,us,check_quality_intervals,873966058,160.22824241654237,,,
anomaly_seed829730_matrix_02,829730,matrix,outside_run,False,missing_frame,timeout,874378829,,0,1,15,,390778,299975.6781545306,us,check_quality_intervals,873988051,160.32823959903726,,,
anomaly_seed829730_matrix_02,829730,matrix,outside_run,False,missing_frame,timeout,874378829,,0,1,24,,345229,300011.43468593725,us,check_quality_intervals,874033600,160.32823959903726,,,
anomaly_seed829730_matrix_02,829730,matrix,outside_run,False,missing_frame,timeout,874378829,,0,1,103,,348772,300021.45525291836,us,check_quality_intervals,874030057,160.32823959903726,,,
anomaly_seed829730_matrix_02,829730,matrix,outside_run,False,missing_frame,timeout,874378829,,0,1,118,,374777,300014.7732073374,us,check_quality_intervals,874004052,160.32823959903726,,,
anomaly_seed829730_matrix_02,829730,matrix,outside_run,False,missing_frame,timeout,874378829,,0,1,458,,349799,300004.04057809897,us,check_quality_intervals,874029030,160.32823959903726,,,
anomaly_seed829730_matrix_02,829730,matrix,outside_run,False,missing_frame,timeout,874478829,,0,1,1317,,605806,599962.8353726361,us,check_quality_intervals,873873023,160.42823978153763,,,
anomaly_seed829730_matrix_02,829730,matrix,outside_run,False,frequency_decrease,frequency,875351829,,0,1,9,,0,"{""min"": 6.268195714476121e-06, ""max"": 2.0000062681957145}",frames/window,check_quality_intervals,,161.30124137476545,874351829,875351829,
anomaly_seed829730_matrix_02,829730,matrix,outside_run,False,frequency_decrease,frequency,875351829,,0,1,15,,0,"{""min"": 5.000405396957832, ""max"": 15.001216190873496}",frames/window,check_quality_intervals,,161.30124137476545,874351829,875351829,
anomaly_seed829730_matrix_02,829730,matrix,outside_run,False,frequency_decrease,frequency,875351829,,0,1,24,,0,"{""min"": 4.999809429164771, ""max"": 14.999428287494315}",frames/window,check_quality_intervals,,161.30124137476545,874351829,875351829,
anomaly_seed829730_matrix_02,829730,matrix,outside_run,False,frequency_decrease,frequency,875351829,,0,1,103,,0,"{""min"": 4.999642438023303, ""max"": 14.998927314069908}",frames/window,check_quality_intervals,,161.30124137476545,874351829,875351829,
anomaly_seed829730_matrix_02,829730,matrix,outside_run,False,frequency_decrease,frequency,875351829,,0,1,118,,0,"{""min"": 4.999753792001982, ""max"": 14.999261376005947}",frames/window,check_quality_intervals,,161.30124137476545,874351829,875351829,
anomaly_seed829730_matrix_02,829730,matrix,outside_run,False,frequency_decrease,frequency,875351829,,0,1,145,,0,"{""min"": 5.0001106413371375, ""max"": 15.000331924011412}",frames/window,check_quality_intervals,,161.30124137476545,874351829,875351829,
anomaly_seed829730_matrix_02,829730,matrix,outside_run,False,frequency_decrease,frequency,875351829,,0,1,455,,0,"{""min"": 5.000203148887248, ""max"": 15.000609446661745}",frames/window,check_quality_intervals,,161.30124137476545,874351829,875351829,
anomaly_seed829730_matrix_02,829730,matrix,outside_run,False,frequency_decrease,frequency,875351829,,0,1,458,,0,"{""min"": 4.999932657938687, ""max"": 14.999797973816062}",frames/window,check_quality_intervals,,161.30124137476545,874351829,875351829,
anomaly_seed829730_matrix_02,829730,matrix,outside_run,False,frequency_decrease,frequency,875351829,,0,1,1317,,0,"{""min"": 2.5001548622063434, ""max"": 7.50046458661903}",frames/window,check_quality_intervals,,161.30124137476545,874351829,875351829,
anomaly_seed829730_matrix_02,829730,matrix,outside_run,False,frequency_decrease,frequency,875351829,,0,1,2026,,0,"{""min"": 1.1715221043706592e-05, ""max"": 2.000011715221044}",frames/window,check_quality_intervals,,161.30124137476545,874351829,875351829,
anomaly_seed829730_matrix_03,829730,matrix,outside_run,False,missing_frame,timeout,885178829,,0,1,15,,300000,299975.6781545306,us,check_quality_intervals,,-2.0529695798657883,,,
anomaly_seed829730_matrix_03,829730,matrix,outside_run,False,missing_frame,timeout,885178829,,0,1,145,,300000,299993.3616666666,us,check_quality_intervals,,-2.0529695798657883,,,
anomaly_seed829730_matrix_03,829730,matrix,outside_run,False,missing_frame,timeout,885178829,,0,1,455,,300000,299987.81156197865,us,check_quality_intervals,,-2.0529695798657883,,,
anomaly_seed829730_matrix_03,829730,matrix,outside_run,False,missing_frame,timeout,885278829,,0,1,24,,400000,300011.43468593725,us,check_quality_intervals,,-1.9529694054904614,,,
anomaly_seed829730_matrix_03,829730,matrix,outside_run,False,missing_frame,timeout,885278829,,0,1,103,,400000,300021.45525291836,us,check_quality_intervals,,-1.9529694054904614,,,
anomaly_seed829730_matrix_03,829730,matrix,outside_run,False,missing_frame,timeout,885278829,,0,1,118,,400000,300014.7732073374,us,check_quality_intervals,,-1.9529694054904614,,,
anomaly_seed829730_matrix_03,829730,matrix,outside_run,False,missing_frame,timeout,885278829,,0,1,458,,400000,300004.04057809897,us,check_quality_intervals,,-1.9529694054904614,,,
anomaly_seed829730_matrix_03,829730,matrix,outside_run,False,missing_frame,timeout,885478829,,0,1,1317,,600000,599962.8353726361,us,check_quality_intervals,,-1.7529690567398077,,,
anomaly_seed829730_matrix_03,829730,matrix,outside_run,False,frequency_decrease,frequency,885878829,,0,1,9,,0,"{""min"": 6.268195714476121e-06, ""max"": 2.0000062681957145}",frames/window,check_quality_intervals,,-1.3529683592386141,884878829,885878829,
anomaly_seed829730_matrix_03,829730,matrix,outside_run,False,frequency_decrease,frequency,885878829,,0,1,15,,0,"{""min"": 5.000405396957832, ""max"": 15.001216190873496}",frames/window,check_quality_intervals,,-1.3529683592386141,884878829,885878829,
anomaly_seed829730_matrix_03,829730,matrix,outside_run,False,frequency_decrease,frequency,885878829,,0,1,24,,0,"{""min"": 4.999809429164771, ""max"": 14.999428287494315}",frames/window,check_quality_intervals,,-1.3529683592386141,884878829,885878829,
anomaly_seed829730_matrix_03,829730,matrix,outside_run,False,frequency_decrease,frequency,885878829,,0,1,103,,0,"{""min"": 4.999642438023303, ""max"": 14.998927314069908}",frames/window,check_quality_intervals,,-1.3529683592386141,884878829,885878829,
anomaly_seed829730_matrix_03,829730,matrix,outside_run,False,frequency_decrease,frequency,885878829,,0,1,118,,0,"{""min"": 4.999753792001982, ""max"": 14.999261376005947}",frames/window,check_quality_intervals,,-1.3529683592386141,884878829,885878829,
anomaly_seed829730_matrix_03,829730,matrix,outside_run,False,frequency_decrease,frequency,885878829,,0,1,145,,0,"{""min"": 5.0001106413371375, ""max"": 15.000331924011412}",frames/window,check_quality_intervals,,-1.3529683592386141,884878829,885878829,
anomaly_seed829730_matrix_03,829730,matrix,outside_run,False,frequency_decrease,frequency,885878829,,0,1,455,,0,"{""min"": 5.000203148887248, ""max"": 15.000609446661745}",frames/window,check_quality_intervals,,-1.3529683592386141,884878829,885878829,
anomaly_seed829730_matrix_03,829730,matrix,outside_run,False,frequency_decrease,frequency,885878829,,0,1,458,,0,"{""min"": 4.999932657938687, ""max"": 14.999797973816062}",frames/window,check_quality_intervals,,-1.3529683592386141,884878829,885878829,
anomaly_seed829730_matrix_03,829730,matrix,outside_run,False,frequency_decrease,frequency,885878829,,0,1,1317,,0,"{""min"": 2.5001548622063434, ""max"": 7.50046458661903}",frames/window,check_quality_intervals,,-1.3529683592386141,884878829,885878829,
anomaly_seed829730_matrix_03,829730,matrix,outside_run,False,frequency_decrease,frequency,885878829,,0,1,2026,,0,"{""min"": 1.1715221043706592e-05, ""max"": 2.000011715221044}",frames/window,check_quality_intervals,,-1.3529683592386141,884878829,885878829,
anomaly_seed829730_matrix_03,829730,matrix,boundary_guard,False,missing_frame,timeout,887878829,,0,1,2026,,3000000,2999964.8547486034,us,check_quality_intervals,,0.6470351282674673,,,
anomaly_seed829730_matrix_03,829730,matrix,background_candidate,False,statistical_deviation,three_sigma,898123624,,0,1,103,54250,116437,"{""mean"": 100007.15175097279, ""std"": 5456.912074147441, ""sigma"": 3.0}",us,check_quality_intervals,,10.891847992659853,,,
anomaly_seed829730_matrix_03,829730,matrix,target_episode,False,period_violation,period,902226530,,0,1,15,54695,58980,"{""min"": 69994.3249027238, ""max"": 129989.4605336299}",us,check_quality_intervals,,14.994761147114742,,,
anomaly_seed829730_matrix_03,829730,matrix,target_episode,False,statistical_deviation,three_sigma,902226530,,0,1,15,54695,58980,"{""mean"": 99991.89271817685, ""std"": 6450.634902728691, ""sigma"": 3.0}",us,check_quality_intervals,,14.994761147114742,,,
anomaly_seed829730_matrix_03,829730,matrix,target_episode,False,statistical_deviation,three_sigma,902470107,,0,1,15,54721,74550,"{""mean"": 99991.89271817685, ""std"": 6450.634902728691, ""sigma"": 3.0}",us,check_quality_intervals,,15.238338571852836,,,
anomaly_seed829730_matrix_03,829730,matrix,target_episode,False,statistical_deviation,three_sigma,902632525,,0,1,15,54741,72980,"{""mean"": 99991.89271817685, ""std"": 6450.634902728691, ""sigma"": 3.0}",us,check_quality_intervals,,15.40075685506972,,,
anomaly_seed829730_matrix_03,829730,matrix,target_episode,False,statistical_deviation,three_sigma,902788103,,0,1,15,54758,71999,"{""mean"": 99991.89271817685, ""std"": 6450.634902728691, ""sigma"": 3.0}",us,check_quality_intervals,,15.556335126359322,,,
anomaly_seed829730_matrix_03,829730,matrix,target_episode,False,period_violation,period,903025098,,0,1,15,54785,67000,"{""min"": 69994.3249027238, ""max"": 129989.4605336299}",us,check_quality_intervals,,15.793330539620053,,,
anomaly_seed829730_matrix_03,829730,matrix,target_episode,False,statistical_deviation,three_sigma,903025098,,0,1,15,54785,67000,"{""mean"": 99991.89271817685, ""std"": 6450.634902728691, ""sigma"": 3.0}",us,check_quality_intervals,,15.793330539620053,,,
anomaly_seed829730_matrix_03,829730,matrix,target_episode,False,statistical_deviation,three_sigma,903192513,,0,1,15,54803,74416,"{""mean"": 99991.89271817685, ""std"": 6450.634902728691, ""sigma"": 3.0}",us,check_quality_intervals,,15.960745831550474,,,
anomaly_seed829730_matrix_03,829730,matrix,target_episode,False,statistical_deviation,three_sigma,903426509,,0,1,15,54830,71996,"{""mean"": 99991.89271817685, ""std"": 6450.634902728691, ""sigma"": 3.0}",us,check_quality_intervals,,16.194742239581757,,,
anomaly_seed829730_matrix_03,829730,matrix,target_episode,False,statistical_deviation,three_sigma,903585527,,0,1,15,54849,71439,"{""mean"": 99991.89271817685, ""std"": 6450.634902728691, ""sigma"": 3.0}",us,check_quality_intervals,,16.353760516869826,,,
anomaly_seed829730_matrix_03,829730,matrix,target_episode,False,statistical_deviation,three_sigma,903748085,,0,1,15,54867,79999,"{""mean"": 99991.89271817685, ""std"": 6450.634902728691, ""sigma"": 3.0}",us,check_quality_intervals,,16.516318800330822,,,
anomaly_seed829730_matrix_03,829730,matrix,target_episode,False,statistical_deviation,three_sigma,903992683,,0,1,15,54893,76602,"{""mean"": 99991.89271817685, ""std"": 6450.634902728691, ""sigma"": 3.0}",us,check_quality_intervals,,16.76091722684944,,,
anomaly_seed829730_matrix_03,829730,matrix,target_episode,False,statistical_deviation,three_sigma,904150498,,0,1,15,54911,72975,"{""mean"": 99991.89271817685, ""std"": 6450.634902728691, ""sigma"": 3.0}",us,check_quality_intervals,,16.918732502039738,,,
anomaly_seed829730_matrix_03,829730,matrix,target_episode,False,statistical_deviation,three_sigma,904471511,,0,1,15,54946,75018,"{""mean"": 99991.89271817685, ""std"": 6450.634902728691, ""sigma"": 3.0}",us,check_quality_intervals,,17.239746061807125,,,
anomaly_seed829730_matrix_03,829730,matrix,target_episode,False,statistical_deviation,three_sigma,904625509,,0,1,15,54966,72439,"{""mean"": 99991.89271817685, ""std"": 6450.634902728691, ""sigma"": 3.0}",us,check_quality_intervals,,17.393744330341608,,,
anomaly_seed829730_matrix_03,829730,matrix,target_episode,False,period_violation,period,904867064,,0,1,15,54992,68000,"{""min"": 69994.3249027238, ""max"": 129989.4605336299}",us,check_quality_intervals,,17.635299751553937,,,
anomaly_seed829730_matrix_03,829730,matrix,target_episode,False,statistical_deviation,three_sigma,904867064,,0,1,15,54992,68000,"{""mean"": 99991.89271817685, ""std"": 6450.634902728691, ""sigma"": 3.0}",us,check_quality_intervals,,17.635299751553937,,,
anomaly_seed829730_matrix_03,829730,matrix,target_episode,False,period_violation,period,905108479,,0,1,15,55019,69417,"{""min"": 69994.3249027238, ""max"": 129989.4605336299}",us,check_quality_intervals,,17.876715172522037,,,
anomaly_seed829730_matrix_03,829730,matrix,target_episode,False,statistical_deviation,three_sigma,905108479,,0,1,15,55019,69417,"{""mean"": 99991.89271817685, ""std"": 6450.634902728691, ""sigma"": 3.0}",us,check_quality_intervals,,17.876715172522037,,,
anomaly_seed829730_matrix_03,829730,matrix,target_episode,False,statistical_deviation,three_sigma,905357087,,0,1,15,55047,78610,"{""mean"": 99991.89271817685, ""std"": 6450.634902728691, ""sigma"": 3.0}",us,check_quality_intervals,,18.125323606032985,,,
anomaly_seed829730_matrix_03,829730,matrix,target_episode,False,statistical_deviation,three_sigma,905588051,,0,1,15,55074,70996,"{""mean"": 99991.89271817685, ""std"": 6450.634902728691, ""sigma"": 3.0}",us,check_quality_intervals,,18.356288008777135,,,
anomaly_seed829730_matrix_03,829730,matrix,target_episode,False,period_violation,period,905826468,,0,1,15,55101,68419,"{""min"": 69994.3249027238, ""max"": 129989.4605336299}",us,check_quality_intervals,,18.594705424517528,,,
anomaly_seed829730_matrix_03,829730,matrix,target_episode,False,statistical_deviation,three_sigma,905826468,,0,1,15,55101,68419,"{""mean"": 99991.89271817685, ""std"": 6450.634902728691, ""sigma"": 3.0}",us,check_quality_intervals,,18.594705424517528,,,
anomaly_seed829730_matrix_03,829730,matrix,target_episode,False,statistical_deviation,three_sigma,905997044,,0,1,15,55118,76999,"{""mean"": 99991.89271817685, ""std"": 6450.634902728691, ""sigma"": 3.0}",us,check_quality_intervals,,18.76528172195993,,,
anomaly_seed829730_matrix_03,829730,matrix,other_id_during_episode,False,statistical_deviation,three_sigma,906181489,,0,1,2026,55137,1013012,"{""mean"": 999988.2849162011, ""std"": 3953.734481346764, ""sigma"": 3.0}",us,check_quality_intervals,,18.949727043586556,,,
anomaly_seed829730_matrix_03,829730,matrix,target_episode,False,statistical_deviation,three_sigma,906235041,,0,1,15,55145,77000,"{""mean"": 99991.89271817685, ""std"": 6450.634902728691, ""sigma"": 3.0}",us,check_quality_intervals,,19.003279136967986,,,
anomaly_seed829730_matrix_03,829730,matrix,target_episode,False,statistical_deviation,three_sigma,906709033,,0,1,15,55200,72581,"{""mean"": 99991.89271817685, ""std"": 6450.634902728691, ""sigma"": 3.0}",us,check_quality_intervals,,19.47727196349293,,,
anomaly_seed829730_matrix_03,829730,matrix,target_episode,False,period_violation,period,906867030,,0,1,15,55217,69000,"{""min"": 69994.3249027238, ""max"": 129989.4605336299}",us,check_quality_intervals,,19.635269239000703,,,
anomaly_seed829730_matrix_03,829730,matrix,target_episode,False,statistical_deviation,three_sigma,906867030,,0,1,15,55217,69000,"{""mean"": 99991.89271817685, ""std"": 6450.634902728691, ""sigma"": 3.0}",us,check_quality_intervals,,19.635269239000703,,,
anomaly_seed829730_matrix_03,829730,matrix,target_episode,False,period_violation,period,907025474,,0,1,15,55235,67867,"{""min"": 69994.3249027238, ""max"": 129989.4605336299}",us,check_quality_intervals,,19.79371351528794,,,
anomaly_seed829730_matrix_03,829730,matrix,target_episode,False,statistical_deviation,three_sigma,907025474,,0,1,15,55235,67867,"{""mean"": 99991.89271817685, ""std"": 6450.634902728691, ""sigma"": 3.0}",us,check_quality_intervals,,19.79371351528794,,,
anomaly_seed829730_matrix_03,829730,matrix,target_episode,False,statistical_deviation,three_sigma,907192024,,0,1,15,55253,73578,"{""mean"": 99991.89271817685, ""std"": 6450.634902728691, ""sigma"": 3.0}",us,check_quality_intervals,,19.960263805709925,,,
anomaly_seed829730_matrix_03,829730,matrix,target_episode,False,statistical_deviation,three_sigma,907428019,,0,1,15,55280,71999,"{""mean"": 99991.89271817685, ""std"": 6450.634902728691, ""sigma"": 3.0}",us,check_quality_intervals,,20.196259217226928,,,
anomaly_seed829730_matrix_03,829730,matrix,target_episode,False,statistical_deviation,three_sigma,907588018,,0,1,15,55299,72000,"{""mean"": 99991.89271817685, ""std"": 6450.634902728691, ""sigma"": 3.0}",us,check_quality_intervals,,20.356258496225752,,,
anomaly_seed829730_matrix_03,829730,matrix,target_episode,False,statistical_deviation,three_sigma,907832435,,0,1,15,55326,76420,"{""mean"": 99991.89271817685, ""std"": 6450.634902728691, ""sigma"": 3.0}",us,check_quality_intervals,,20.60067592242864,,,
anomaly_seed829730_matrix_03,829730,matrix,target_episode,False,period_violation,period,912229385,,0,1,15,55814,60012,"{""min"": 69994.3249027238, ""max"": 129989.4605336299}",us,check_quality_intervals,,24.99763358962352,,,
anomaly_seed829730_matrix_03,829730,matrix,target_episode,False,statistical_deviation,three_sigma,912229385,,0,1,15,55814,60012,"{""mean"": 99991.89271817685, ""std"": 6450.634902728691, ""sigma"": 3.0}",us,check_quality_intervals,,24.99763358962352,,,
anomaly_seed829730_matrix_03,829730,matrix,target_episode,False,frequency_increase,frequency,912878829,,0,1,15,,16,"{""min"": 5.000405396957832, ""max"": 15.001216190873496}",frames/window,check_quality_intervals,,25.647078722093486,911878829,912878829,
anomaly_seed829730_matrix_03,829730,matrix,other_id_during_episode,False,statistical_deviation,three_sigma,913553337,,0,1,1324,55973,1012421,"{""mean"": 1000008.2178770946, ""std"": 2677.52892050251, ""sigma"": 3.0}",us,check_quality_intervals,,26.32158789826892,,,
anomaly_seed829730_matrix_03,829730,matrix,target_episode,False,period_violation,period,922231756,,0,1,15,56978,60559,"{""min"": 69994.3249027238, ""max"": 129989.4605336299}",us,check_quality_intervals,,35.0000220312884,,,
anomaly_seed829730_matrix_03,829730,matrix,target_episode,False,statistical_deviation,three_sigma,922231756,,0,1,15,56978,60559,"{""mean"": 99991.89271817685, ""std"": 6450.634902728691, ""sigma"": 3.0}",us,check_quality_intervals,,35.0000220312884,,,
anomaly_seed829730_matrix_03,829730,matrix,target_episode,False,frequency_increase,frequency,922878829,,0,1,15,,29,"{""min"": 5.000405396957832, ""max"": 15.001216190873496}",frames/window,check_quality_intervals,,35.64709615962389,921878829,922878829,
anomaly_seed829730_matrix_03,829730,matrix,target_episode,False,burst,burst,922926744,,0,1,15,57077,4,"{""min_frames"": 4, ""max_interval_us"": 24997.973179544213}",frames,check_quality_intervals,,35.695011243175806,,,
anomaly_seed829730_matrix_03,829730,matrix,target_episode,False,burst,burst,923452736,,0,1,15,57149,4,"{""min_frames"": 4, ""max_interval_us"": 24997.973179544213}",frames,check_quality_intervals,,36.221004160375934,,,
anomaly_seed829730_matrix_03,829730,matrix,target_episode,False,burst,burst,924600715,,0,1,15,57311,4,"{""min_frames"": 4, ""max_interval_us"": 24997.973179544213}",frames,check_quality_intervals,,37.36898516216788,,,
anomaly_seed829730_matrix_03,829730,matrix,target_episode,False,burst,burst,924925161,,0,1,15,57357,4,"{""min_frames"": 4, ""max_interval_us"": 24997.973179544213}",frames,check_quality_intervals,,37.69343172792155,,,
anomaly_seed829730_matrix_03,829730,matrix,target_episode,False,burst,burst,926026112,,0,1,15,57510,4,"{""min_frames"": 4, ""max_interval_us"": 24997.973179544213}",frames,check_quality_intervals,,38.79438464770821,,,
anomaly_seed829730_matrix_03,829730,matrix,other_id_during_episode,False,statistical_deviation,three_sigma,926555670,,0,1,1324,57583,1015565,"{""mean"": 1000008.2178770946, ""std"": 2677.52892050251, ""sigma"": 3.0}",us,check_quality_intervals,,39.323943571126534,,,
anomaly_seed829730_matrix_03,829730,matrix,target_episode,False,period_violation,period,932229157,,0,1,15,58262,60576,"{""min"": 69994.3249027238, ""max"": 129989.4605336299}",us,check_quality_intervals,,44.99744046428677,,,
anomaly_seed829730_matrix_03,829730,matrix,target_episode,False,statistical_deviation,three_sigma,932229157,,0,1,15,58262,60576,"{""mean"": 99991.89271817685, ""std"": 6450.634902728691, ""sigma"": 3.0}",us,check_quality_intervals,,44.99744046428677,,,
anomaly_seed829730_matrix_03,829730,matrix,target_episode,False,period_violation,period,932857591,,0,1,15,58330,132441,"{""min"": 69994.3249027238, ""max"": 129989.4605336299}",us,check_quality_intervals,,45.625875560120434,,,
anomaly_seed829730_matrix_03,829730,matrix,target_episode,False,statistical_deviation,three_sigma,932857591,,0,1,15,58330,132441,"{""mean"": 99991.89271817685, ""std"": 6450.634902728691, ""sigma"": 3.0}",us,check_quality_intervals,,45.625875560120434,,,
anomaly_seed829730_matrix_03,829730,matrix,target_episode,False,period_violation,period,933237010,,0,1,15,58367,131446,"{""min"": 69994.3249027238, ""max"": 129989.4605336299}",us,check_quality_intervals,,46.00529522173357,,,
anomaly_seed829730_matrix_03,829730,matrix,target_episode,False,statistical_deviation,three_sigma,933237010,,0,1,15,58367,131446,"{""mean"": 99991.89271817685, ""std"": 6450.634902728691, ""sigma"": 3.0}",us,check_quality_intervals,,46.00529522173357,,,
anomaly_seed829730_matrix_03,829730,matrix,target_episode,False,period_violation,period,933856562,,0,1,15,58438,131564,"{""min"": 69994.3249027238, ""max"": 129989.4605336299}",us,check_quality_intervals,,46.62484830207925,,,
anomaly_seed829730_matrix_03,829730,matrix,target_episode,False,statistical_deviation,three_sigma,933856562,,0,1,15,58438,131564,"{""mean"": 99991.89271817685, ""std"": 6450.634902728691, ""sigma"": 3.0}",us,check_quality_intervals,,46.62484830207925,,,
anomaly_seed829730_matrix_03,829730,matrix,target_episode,False,statistical_deviation,three_sigma,934229123,,0,1,15,58475,128128,"{""mean"": 99991.89271817685, ""std"": 6450.634902728691, ""sigma"": 3.0}",us,check_quality_intervals,,46.99740995173353,,,
anomaly_seed829730_matrix_03,829730,matrix,other_id_during_episode,False,statistical_deviation,three_sigma,934541527,,0,1,1324,58510,990545,"{""mean"": 1000008.2178770946, ""std"": 2677.52892050251, ""sigma"": 3.0}",us,check_quality_intervals,,47.30981449648897,,,
anomaly_seed829730_matrix_03,829730,matrix,target_episode,False,period_violation,period,934611537,,0,1,15,58516,130559,"{""min"": 69994.3249027238, ""max"": 129989.4605336299}",us,check_quality_intervals,,47.379824618569145,,,
anomaly_seed829730_matrix_03,829730,matrix,target_episode,False,period_violation,period,935109951,,0,1,15,58569,134841,"{""min"": 69994.3249027238, ""max"": 129989.4605336299}",us,check_quality_intervals,,47.8782394876801,,,
anomaly_seed829730_matrix_03,829730,matrix,target_episode,False,statistical_deviation,three_sigma,935109951,,0,1,15,58569,134841,"{""mean"": 99991.89271817685, ""std"": 6450.634902728691, ""sigma"": 3.0}",us,check_quality_intervals,,47.8782394876801,,,
anomaly_seed829730_matrix_03,829730,matrix,target_episode,False,period_violation,period,935358964,,0,1,15,58600,132439,"{""min"": 69994.3249027238, ""max"": 129989.4605336299}",us,check_quality_intervals,,48.127252921897266,,,
anomaly_seed829730_matrix_03,829730,matrix,target_episode,False,statistical_deviation,three_sigma,935358964,,0,1,15,58600,132439,"{""mean"": 99991.89271817685, ""std"": 6450.634902728691, ""sigma"": 3.0}",us,check_quality_intervals,,48.127252921897266,,,
anomaly_seed829730_matrix_03,829730,matrix,target_episode,False,period_violation,period,935736955,,0,1,15,58638,135435,"{""min"": 69994.3249027238, ""max"": 129989.4605336299}",us,check_quality_intervals,,48.50524458102017,,,
anomaly_seed829730_matrix_03,829730,matrix,target_episode,False,period_violation,period,936235507,,0,1,15,58691,132998,"{""min"": 69994.3249027238, ""max"": 129989.4605336299}",us,check_quality_intervals,,49.003797450371756,,,
anomaly_seed829730_matrix_03,829730,matrix,target_episode,False,statistical_deviation,three_sigma,936235507,,0,1,15,58691,132998,"{""mean"": 99991.89271817685, ""std"": 6450.634902728691, ""sigma"": 3.0}",us,check_quality_intervals,,49.003797450371756,,,
anomaly_seed829730_matrix_03,829730,matrix,target_episode,False,period_violation,period,936855526,,0,1,15,58762,130578,"{""min"": 69994.3249027238, ""max"": 129989.4605336299}",us,check_quality_intervals,,49.62381753153184,,,
anomaly_seed829730_matrix_03,829730,matrix,target_episode,False,statistical_deviation,three_sigma,936855526,,0,1,15,58762,130578,"{""mean"": 99991.89271817685, ""std"": 6450.634902728691, ""sigma"": 3.0}",us,check_quality_intervals,,49.62381753153184,,,
anomaly_seed829730_matrix_03,829730,matrix,target_episode,False,period_violation,period,937233490,,0,1,15,58799,131578,"{""min"": 69994.3249027238, ""max"": 129989.4605336299}",us,check_quality_intervals,,50.00178219060763,,,
anomaly_seed829730_matrix_03,829730,matrix,target_episode,False,statistical_deviation,three_sigma,937233490,,0,1,15,58799,131578,"{""mean"": 99991.89271817685, ""std"": 6450.634902728691, ""sigma"": 3.0}",us,check_quality_intervals,,50.00178219060763,,,
anomaly_seed829730_matrix_03,829730,matrix,other_id_during_episode,False,statistical_deviation,three_sigma,937541894,,0,1,1324,58834,990962,"{""mean"": 1000008.2178770946, ""std"": 2677.52892050251, ""sigma"": 3.0}",us,check_quality_intervals,,50.31018672838803,,,
anomaly_seed829730_matrix_03,829730,matrix,target_episode,False,period_violation,period,938110474,,0,1,15,58893,134579,"{""min"": 69994.3249027238, ""max"": 129989.4605336299}",us,check_quality_intervals,,50.87876771985113,,,
anomaly_seed829730_matrix_03,829730,matrix,target_episode,False,statistical_deviation,three_sigma,938110474,,0,1,15,58893,134579,"{""mean"": 99991.89271817685, ""std"": 6450.634902728691, ""sigma"": 3.0}",us,check_quality_intervals,,50.87876771985113,,,
anomaly_seed829730_matrix_03,829730,matrix,target_episode,False,period_violation,period,942234840,,0,1,15,59351,53858,"{""min"": 69994.3249027238, ""max"": 129989.4605336299}",us,check_quality_intervals,,55.003140911726895,,,
anomaly_seed829730_matrix_03,829730,matrix,target_episode,False,statistical_deviation,three_sigma,942234840,,0,1,15,59351,53858,"{""mean"": 99991.89271817685, ""std"": 6450.634902728691, ""sigma"": 3.0}",us,check_quality_intervals,,55.003140911726895,,,
anomaly_seed829730_matrix_03,829730,matrix,target_episode,False,frequency_decrease,frequency,943878829,,0,1,15,,5,"{""min"": 5.000405396957832, ""max"": 15.001216190873496}",frames/window,check_quality_intervals,,56.64713277843775,942878829,943878829,
anomaly_seed829730_matrix_03,829730,matrix,target_episode,False,period_violation,period,952226223,,0,1,15,60425,59418,"{""min"": 69994.3249027238, ""max"": 129989.4605336299}",us,check_quality_intervals,,64.99454133423143,,,
anomaly_seed829730_matrix_03,829730,matrix,target_episode,False,statistical_deviation,three_sigma,952226223,,0,1,15,60425,59418,"{""mean"": 99991.89271817685, ""std"": 6450.634902728691, ""sigma"": 3.0}",us,check_quality_intervals,,64.99454133423143,,,
anomaly_seed829730_matrix_03,829730,matrix,target_episode,False,missing_frame,timeout,952530215,,0,1,15,,303992,299975.6781545306,us,check_quality_intervals,952226223,65.2985338643184,,,
anomaly_seed829730_matrix_03,829730,matrix,target_episode,False,missing_frame,timeout,952937209,,0,1,15,,309993,299975.6781545306,us,check_quality_intervals,952627216,65.70552857401547,,,
anomaly_seed829730_matrix_03,829730,matrix,target_episode,False,missing_frame,timeout,953335673,,0,1,15,,301462,299975.6781545306,us,check_quality_intervals,953034211,66.10399326883828,,,
anomaly_seed829730_matrix_03,829730,matrix,target_episode,False,missing_frame,timeout,953739613,,0,1,15,,310832,299975.6781545306,us,check_quality_intervals,953428781,66.5079339732098,,,
anomaly_seed829730_matrix_03,829730,matrix,target_episode,False,frequency_decrease,frequency,953878829,,0,1,15,,3,"{""min"": 5.000405396957832, ""max"": 15.001216190873496}",frames/window,check_quality_intervals,,66.64715021596815,952878829,953878829,
anomaly_seed829730_matrix_03,829730,matrix,target_episode,False,missing_frame,timeout,954134627,,0,1,15,,308839,299975.6781545306,us,check_quality_intervals,953825788,66.90294866201673,,,
anomaly_seed829730_matrix_03,829730,matrix,target_episode,False,missing_frame,timeout,954544829,,0,1,15,,308641,299975.6781545306,us,check_quality_intervals,954236188,67.31315137730773,,,
anomaly_seed829730_matrix_03,829730,matrix,target_episode,False,missing_frame,timeout,954941643,,0,1,15,,315463,299975.6781545306,us,check_quality_intervals,954626180,67.7099660692533,,,
anomaly_seed829730_matrix_03,829730,matrix,target_episode,False,missing_frame,timeout,955333165,,0,1,15,,307991,299975.6781545306,us,check_quality_intervals,955025174,68.10148875197099,,,
anomaly_seed829730_matrix_03,829730,matrix,target_episode,False,missing_frame,timeout,955740605,,0,1,15,,311439,299975.6781545306,us,check_quality_intervals,955429166,68.50892946244568,,,
anomaly_seed829730_matrix_03,829730,matrix,target_episode,False,missing_frame,timeout,956134154,,0,1,15,,306575,299975.6781545306,us,check_quality_intervals,955827579,68.90247914869795,,,
anomaly_seed829730_matrix_03,829730,matrix,target_episode,False,missing_frame,timeout,956544829,,0,1,15,,307676,299975.6781545306,us,check_quality_intervals,956237153,69.31315486481381,,,
anomaly_seed829730_matrix_03,829730,matrix,target_episode,False,missing_frame,timeout,956939557,,0,1,15,,313819,299975.6781545306,us,check_quality_intervals,956625738,69.70788355312195,,,
anomaly_seed829730_matrix_03,829730,matrix,other_id_during_episode,False,statistical_deviation,three_sigma,957181553,,0,1,2026,60933,1012962,"{""mean"": 999988.2849162011, ""std"": 3953.734481346764, ""sigma"": 3.0}",us,check_quality_intervals,,69.94987997510319,,,
anomaly_seed829730_matrix_03,829730,matrix,target_episode,False,missing_frame,timeout,957337551,,0,1,15,,299994,299975.6781545306,us,check_quality_intervals,957037557,70.10587824712512,,,
anomaly_seed829730_matrix_03,829730,matrix,target_episode,False,missing_frame,timeout,957741125,,0,1,15,,310994,299975.6781545306,us,check_quality_intervals,957430131,70.50945295085856,,,
anomaly_seed829730_matrix_03,829730,matrix,target_episode,False,missing_frame,timeout,958133709,,0,1,15,,306165,299975.6781545306,us,check_quality_intervals,957827544,70.90203763542804,,,
anomaly_seed829730_matrix_03,829730,matrix,target_episode,False,missing_frame,timeout,962489459,,0,1,15,,321412,299975.6781545306,us,check_quality_intervals,962168047,75.25779523078042,,,
anomaly_seed829730_matrix_03,829730,matrix,target_episode,False,frequency_decrease,frequency,962878829,,0,1,15,,3,"{""min"": 5.000405396957832, ""max"": 15.001216190873496}",frames/window,check_quality_intervals,,75.64716590974552,961878829,962878829,
anomaly_seed829730_matrix_03,829730,matrix,target_episode,False,period_violation,period,963279027,,0,1,15,61578,1110980,"{""min"": 69994.3249027238, ""max"": 129989.4605336299}",us,check_quality_intervals,,76.04736460759204,,,
anomaly_seed829730_matrix_03,829730,matrix,target_episode,False,statistical_deviation,three_sigma,963279027,,0,1,15,61578,1110980,"{""mean"": 99991.89271817685, ""std"": 6450.634902728691, ""sigma"": 3.0}",us,check_quality_intervals,,76.04736460759204,,,
anomaly_seed829730_matrix_03,829730,matrix,target_episode,False,missing_frame,timeout,967493372,,0,1,15,,313416,299975.6781545306,us,check_quality_intervals,967179956,80.26171695636894,,,
anomaly_seed829730_matrix_03,829730,matrix,target_episode,False,frequency_decrease,frequency,967878829,,0,1,15,,3,"{""min"": 5.000405396957832, ""max"": 15.001216190873496}",frames/window,check_quality_intervals,,80.64717462851073,966878829,967878829,
anomaly_seed829730_matrix_03,829730,matrix,other_id_during_episode,False,statistical_deviation,three_sigma,968552922,,0,1,1324,62148,1011561,"{""mean"": 1000008.2178770946, ""std"": 2677.52892050251, ""sigma"": 3.0}",us,check_quality_intervals,,81.32126880396241,,,
anomaly_seed829730_matrix_03,829730,matrix,target_episode,False,period_violation,period,972276448,,0,1,15,62522,5096492,"{""min"": 69994.3249027238, ""max"": 129989.4605336299}",us,check_quality_intervals,,85.0448012968722,,,
anomaly_seed829730_matrix_03,829730,matrix,target_episode,False,statistical_deviation,three_sigma,972276448,,0,1,15,62522,5096492,"{""mean"": 99991.89271817685, ""std"": 6450.634902728691, ""sigma"": 3.0}",us,check_quality_intervals,,85.0448012968722,,,
anomaly_seed829730_matrix_03,829730,matrix,target_episode,False,period_violation,period,977233773,,0,1,24,63069,16007,"{""min"": 70002.66809338536, ""max"": 130004.95503057282}",us,check_quality_intervals,,90.00213494122282,,,
anomaly_seed829730_matrix_03,829730,matrix,target_episode,False,statistical_deviation,three_sigma,977233773,,0,1,24,63069,16007,"{""mean"": 100003.81156197909, ""std"": 5524.921842407675, ""sigma"": 3.0}",us,check_quality_intervals,,90.00213494122282,,,
anomaly_seed829730_matrix_03,829730,matrix,target_episode,False,period_violation,period,982234124,,0,1,24,63627,16007,"{""min"": 70002.66809338536, ""max"": 130004.95503057282}",us,check_quality_intervals,,95.0024946606,,,
anomaly_seed829730_matrix_03,829730,matrix,target_episode,False,statistical_deviation,three_sigma,982234124,,0,1,24,63627,16007,"{""mean"": 100003.81156197909, ""std"": 5524.921842407675, ""sigma"": 3.0}",us,check_quality_intervals,,95.0024946606,,,
anomaly_seed829730_matrix_03,829730,matrix,target_episode,False,burst,burst,982248119,,0,1,24,63631,4,"{""min_frames"": 4, ""max_interval_us"": 25000.952890494773}",frames,check_quality_intervals,,95.01648968500383,,,
anomaly_seed829730_matrix_03,829730,matrix,other_id_during_episode,False,statistical_deviation,three_sigma,982554253,,0,1,1324,63680,1009142,"{""mean"": 1000008.2178770946, ""std"": 2677.52892050251, ""sigma"": 3.0}",us,check_quality_intervals,,95.32262421882596,,,
anomaly_seed829730_matrix_03,829730,matrix,target_episode,False,frequency_increase,frequency,982878829,,0,1,24,,28,"{""min"": 4.999809429164771, ""max"": 14.999428287494315}",frames/window,check_quality_intervals,,95.64720078480633,981878829,982878829,
anomaly_seed829730_matrix_03,829730,matrix,target_episode,False,unknown_id,dbc,990231913,,0,1,2045,64526,2045,ID in DBC or baseline,,check_quality_intervals,,103.00029760676888,,,
anomaly_seed829730_matrix_03,829730,matrix,target_episode,False,unknown_id,dbc,995233388,,0,1,2045,65080,2045,ID in DBC or baseline,,check_quality_intervals,,108.00178132810615,,,
anomaly_seed829730_matrix_03,829730,matrix,target_episode,False,dlc_mismatch,dbc,1003227745,,0,1,103,436,7,8,bytes,check_quality_intervals,,115.99615226829052,,,
anomaly_seed829730_matrix_03,829730,matrix,target_episode,False,period_violation,period,1003227745,,0,1,103,436,19009,"{""min"": 70005.00622568095, ""max"": 130009.29727626462}",us,check_quality_intervals,,115.99615226829052,,,
anomaly_seed829730_matrix_03,829730,matrix,target_episode,False,statistical_deviation,three_sigma,1003227745,,0,1,103,436,19009,"{""mean"": 100007.15175097279, ""std"": 5456.912074147441, ""sigma"": 3.0}",us,check_quality_intervals,,115.99615226829052,,,
anomaly_seed829730_matrix_03,829730,matrix,target_episode,False,dlc_mismatch,dbc,1003330301,,0,1,103,450,7,8,bytes,check_quality_intervals,,116.09870844712279,,,
anomaly_seed829730_matrix_03,829730,matrix,target_episode,False,dlc_mismatch,dbc,1003432299,,0,1,103,462,7,8,bytes,check_quality_intervals,,116.20070662498209,,,
anomaly_seed829730_matrix_03,829730,matrix,target_episode,False,frequency_increase,frequency,1003878829,,0,1,103,,15,"{""min"": 4.999642438023303, ""max"": 14.998927314069908}",frames/window,check_quality_intervals,,116.6472374036202,1002878829,1003878829,
anomaly_seed829730_matrix_03,829730,matrix,target_episode,False,dlc_mismatch,dbc,1011228694,,0,1,9,1324,4,3,bytes,check_quality_intervals,,123.99711521996966,,,
anomaly_seed829730_matrix_03,829730,matrix,target_episode,False,period_violation,period,1011228694,,0,1,9,1324,419161,"{""min"": 699995.6122905029, ""max"": 1299991.8513966482}",us,check_quality_intervals,,123.99711521996966,,,
anomaly_seed829730_matrix_03,829730,matrix,target_episode,False,statistical_deviation,three_sigma,1011228694,,0,1,9,1324,419161,"{""mean"": 999993.7318435755, ""std"": 6111.707218414739, ""sigma"": 3.0}",us,check_quality_intervals,,123.99711521996966,,,
anomaly_seed829730_matrix_03,829730,matrix,target_episode,False,burst,burst,1011377538,,0,1,9,1342,4,"{""min_frames"": 4, ""max_interval_us"": 249998.43296089387}",frames,check_quality_intervals,,124.14595947951678,,,
anomaly_seed829730_matrix_03,829730,matrix,target_episode,False,frequency_increase,frequency,1011878829,,0,1,9,,6,"{""min"": 6.268195714476121e-06, ""max"": 2.0000062681957145}",frames/window,check_quality_intervals,,124.64725135364452,1010878829,1011878829,
anomaly_seed829730_matrix_03,829730,matrix,target_episode,False,signal_out_of_range,dbc,1019234523,,0,1,6,2211,101.0,"{""min"": -100, ""max"": 100}",%,check_quality_intervals,,132.00295818015826,,,AccuFunSpeedIncrease
anomaly_seed829730_matrix_03,829730,matrix,target_episode,False,signal_out_of_range,dbc,1027224788,,0,1,6,3084,-101.0,"{""min"": -100, ""max"": 100}",%,check_quality_intervals,,139.9932371132072,,,AccuFunSpeedIncrease
anomaly_seed829730_matrix_03,829730,matrix,target_episode,False,signal_out_of_range,dbc,1035224645,,0,1,6,3973,110.0,"{""min"": -100, ""max"": 100}",%,check_quality_intervals,,147.99310806298217,,,AccuFunSpeedIncrease
anomaly_seed829730_matrix_03,829730,matrix,outside_run,False,missing_frame,timeout,1047464829,,0,1,145,,326291,299993.3616666666,us,check_quality_intervals,1047138538,160.23331340684024,,,
anomaly_seed829730_matrix_03,829730,matrix,outside_run,False,missing_frame,timeout,1047464829,,0,1,455,,314879,299987.81156197865,us,check_quality_intervals,1047149950,160.23331340684024,,,
anomaly_seed829730_matrix_03,829730,matrix,outside_run,False,missing_frame,timeout,1047513814,,0,1,15,,342694,299975.6781545306,us,check_quality_intervals,1047171120,160.2822984922579,,,
anomaly_seed829730_matrix_03,829730,matrix,outside_run,False,missing_frame,timeout,1047513814,,0,1,103,,301276,300021.45525291836,us,check_quality_intervals,1047212538,160.2822984922579,,,
anomaly_seed829730_matrix_03,829730,matrix,outside_run,False,missing_frame,timeout,1047513814,,0,1,118,,327273,300014.7732073374,us,check_quality_intervals,1047186541,160.2822984922579,,,
anomaly_seed829730_matrix_03,829730,matrix,outside_run,False,missing_frame,timeout,1047513814,,0,1,458,,301857,300004.04057809897,us,check_quality_intervals,1047211957,160.2822984922579,,,
anomaly_seed829730_matrix_03,829730,matrix,outside_run,False,missing_frame,timeout,1047564832,,0,1,24,,349306,300011.43468593725,us,check_quality_intervals,1047215526,160.3333165812208,,,
anomaly_seed829730_matrix_03,829730,matrix,outside_run,False,missing_frame,timeout,1047664829,,0,1,1317,,600408,599962.8353726361,us,check_quality_intervals,1047064421,160.4333137555909,,,
anomaly_seed829730_matrix_03,829730,matrix,outside_run,False,frequency_decrease,frequency,1047878829,,0,1,9,,0,"{""min"": 6.268195714476121e-06, ""max"": 2.0000062681957145}",frames/window,check_quality_intervals,,160.64731412875398,1046878829,1047878829,
anomaly_seed829730_matrix_03,829730,matrix,outside_run,False,frequency_decrease,frequency,1047878829,,0,1,15,,3,"{""min"": 5.000405396957832, ""max"": 15.001216190873496}",frames/window,check_quality_intervals,,160.64731412875398,1046878829,1047878829,
anomaly_seed829730_matrix_03,829730,matrix,outside_run,False,frequency_decrease,frequency,1047878829,,0,1,24,,4,"{""min"": 4.999809429164771, ""max"": 14.999428287494315}",frames/window,check_quality_intervals,,160.64731412875398,1046878829,1047878829,
anomaly_seed829730_matrix_03,829730,matrix,outside_run,False,frequency_decrease,frequency,1047878829,,0,1,103,,4,"{""min"": 4.999642438023303, ""max"": 14.998927314069908}",frames/window,check_quality_intervals,,160.64731412875398,1046878829,1047878829,
anomaly_seed829730_matrix_03,829730,matrix,outside_run,False,frequency_decrease,frequency,1047878829,,0,1,118,,4,"{""min"": 4.999753792001982, ""max"": 14.999261376005947}",frames/window,check_quality_intervals,,160.64731412875398,1046878829,1047878829,
anomaly_seed829730_matrix_03,829730,matrix,outside_run,False,frequency_decrease,frequency,1047878829,,0,1,145,,3,"{""min"": 5.0001106413371375, ""max"": 15.000331924011412}",frames/window,check_quality_intervals,,160.64731412875398,1046878829,1047878829,
anomaly_seed829730_matrix_03,829730,matrix,outside_run,False,frequency_decrease,frequency,1047878829,,0,1,455,,3,"{""min"": 5.000203148887248, ""max"": 15.000609446661745}",frames/window,check_quality_intervals,,160.64731412875398,1046878829,1047878829,
anomaly_seed829730_matrix_03,829730,matrix,outside_run,False,frequency_decrease,frequency,1047878829,,0,1,458,,4,"{""min"": 4.999932657938687, ""max"": 14.999797973816062}",frames/window,check_quality_intervals,,160.64731412875398,1046878829,1047878829,
anomaly_seed829730_matrix_03,829730,matrix,outside_run,False,frequency_decrease,frequency,1047878829,,0,1,1317,,1,"{""min"": 2.5001548622063434, ""max"": 7.50046458661903}",frames/window,check_quality_intervals,,160.64731412875398,1046878829,1047878829,
anomaly_seed86_matrix_01,86,matrix,outside_run,False,missing_frame,timeout,4078034829,,0,1,257,,300000,299986.37409672054,us,check_quality_intervals,,-1.7563386423906449,,,
anomaly_seed86_matrix_01,86,matrix,outside_run,False,missing_frame,timeout,4078034829,,0,1,457,,300000,299997.2784880487,us,check_quality_intervals,,-1.7563386423906449,,,
anomaly_seed86_matrix_01,86,matrix,outside_run,False,missing_frame,timeout,4078034829,,0,1,1024,,300000,299990.6181211786,us,check_quality_intervals,,-1.7563386423906449,,,
anomaly_seed86_matrix_01,86,matrix,outside_run,False,missing_frame,timeout,4078034829,,0,1,1877,,300000,299995.3790994995,us,check_quality_intervals,,-1.7563386423906449,,,
anomaly_seed86_matrix_01,86,matrix,outside_run,False,missing_frame,timeout,4078134829,,0,1,103,,400000,300008.021122846,us,check_quality_intervals,,-1.6563377517578037,,,
anomaly_seed86_matrix_01,86,matrix,outside_run,False,missing_frame,timeout,4078134829,,0,1,1825,,400000,300006.3535297381,us,check_quality_intervals,,-1.6563377517578037,,,
anomaly_seed86_matrix_01,86,matrix,outside_run,False,missing_frame,timeout,4078134829,,0,1,1876,,400000,300001.2456920511,us,check_quality_intervals,,-1.6563377517578037,,,
anomaly_seed86_matrix_01,86,matrix,outside_run,False,missing_frame,timeout,4078334829,,0,1,1039,,600000,599991.2436040046,us,check_quality_intervals,,-1.4563359704921213,,,
anomaly_seed86_matrix_01,86,matrix,outside_run,False,frequency_decrease,frequency,4078734829,,0,1,103,,0,"{""min"": 4.999866318193494, ""max"": 14.999598954580481}",frames/window,check_quality_intervals,,-1.0563324079603014,4077734829,4078734829,
anomaly_seed86_matrix_01,86,matrix,outside_run,False,frequency_decrease,frequency,4078734829,,0,1,257,,0,"{""min"": 5.0002271087031955, ""max"": 15.000681326109586}",frames/window,check_quality_intervals,,-1.0563324079603014,4077734829,4078734829,
anomaly_seed86_matrix_01,86,matrix,outside_run,False,frequency_decrease,frequency,4078734829,,0,1,457,,0,"{""min"": 5.000045358944004, ""max"": 15.000136076832014}",frames/window,check_quality_intervals,,-1.0563324079603014,4077734829,4078734829,
anomaly_seed86_matrix_01,86,matrix,outside_run,False,frequency_decrease,frequency,4078734829,,0,1,1024,,0,"{""min"": 5.000156369537158, ""max"": 15.000469108611473}",frames/window,check_quality_intervals,,-1.0563324079603014,4077734829,4078734829,
anomaly_seed86_matrix_01,86,matrix,outside_run,False,frequency_decrease,frequency,4078734829,,0,1,1039,,0,"{""min"": 2.5000364855157833, ""max"": 7.500109456547349}",frames/window,check_quality_intervals,,-1.0563324079603014,4077734829,4078734829,
anomaly_seed86_matrix_01,86,matrix,outside_run,False,frequency_decrease,frequency,4078734829,,0,1,1825,,0,"{""min"": 4.999894110080281, ""max"": 14.999682330240844}",frames/window,check_quality_intervals,,-1.0563324079603014,4077734829,4078734829,
anomaly_seed86_matrix_01,86,matrix,outside_run,False,frequency_decrease,frequency,4078734829,,0,1,1876,,0,"{""min"": 4.999979238552023, ""max"": 14.99993771565607}",frames/window,check_quality_intervals,,-1.0563324079603014,4077734829,4078734829,
anomaly_seed86_matrix_01,86,matrix,outside_run,False,frequency_decrease,frequency,4078734829,,0,1,1877,,0,"{""min"": 5.000077016194622, ""max"": 15.000231048583865}",frames/window,check_quality_intervals,,-1.0563324079603014,4077734829,4078734829,
anomaly_seed86_matrix_01,86,matrix,outside_run,False,frequency_decrease,frequency,4078734829,,0,1,2026,,0,"{""min"": 6.242847807724772e-05, ""max"": 2.0000624284780772}",frames/window,check_quality_intervals,,-1.0563324079603014,4077734829,4078734829,
anomaly_seed86_matrix_01,86,matrix,target_episode,False,statistical_deviation,three_sigma,4094789360,,0,1,103,52384,79033,"{""mean"": 100002.67370761534, ""std"": 6280.035569353389, ""sigma"": 3.0}",us,check_quality_intervals,,14.99834157898012,,,
anomaly_seed86_matrix_01,86,matrix,target_episode,False,period_violation,period,4095107902,,0,1,103,52418,70000,"{""min"": 70001.87159533074, ""max"": 130003.47581989993}",us,check_quality_intervals,,15.316886416020054,,,
anomaly_seed86_matrix_01,86,matrix,target_episode,False,statistical_deviation,three_sigma,4095107902,,0,1,103,52418,70000,"{""mean"": 100002.67370761534, ""std"": 6280.035569353389, ""sigma"": 3.0}",us,check_quality_intervals,,15.316886416020054,,,
anomaly_seed86_matrix_01,86,matrix,target_episode,False,statistical_deviation,three_sigma,4095273898,,0,1,103,52437,77406,"{""mean"": 100002.67370761534, ""std"": 6280.035569353389, ""sigma"": 3.0}",us,check_quality_intervals,,15.482883894434819,,,
anomaly_seed86_matrix_01,86,matrix,target_episode,False,statistical_deviation,three_sigma,4095431474,,0,1,103,52454,72578,"{""mean"": 100002.67370761534, ""std"": 6280.035569353389, ""sigma"": 3.0}",us,check_quality_intervals,,15.640461297858632,,,
anomaly_seed86_matrix_01,86,matrix,target_episode,False,statistical_deviation,three_sigma,4095759889,,0,1,103,52490,77578,"{""mean"": 100002.67370761534, ""std"": 6280.035569353389, ""sigma"": 3.0}",us,check_quality_intervals,,15.968879222830726,,,
anomaly_seed86_matrix_01,86,matrix,target_episode,False,period_violation,period,4095828888,,0,1,103,52500,68999,"{""min"": 70001.87159533074, ""max"": 130003.47581989993}",us,check_quality_intervals,,16.03787883735862,,,
anomaly_seed86_matrix_01,86,matrix,target_episode,False,statistical_deviation,three_sigma,4096078354,,0,1,103,52527,77469,"{""mean"": 100002.67370761534, ""std"": 6280.035569353389, ""sigma"": 3.0}",us,check_quality_intervals,,16.28734705918518,,,
anomaly_seed86_matrix_01,86,matrix,target_episode,False,period_violation,period,4096147882,,0,1,103,52533,69528,"{""min"": 70001.87159533074, ""max"": 130003.47581989993}",us,check_quality_intervals,,16.356875678424437,,,
anomaly_seed86_matrix_01,86,matrix,target_episode,False,period_violation,period,4096389878,,0,1,103,52566,69577,"{""min"": 70001.87159533074, ""max"": 130003.47581989993}",us,check_quality_intervals,,16.59887383372025,,,
anomaly_seed86_matrix_01,86,matrix,target_episode,False,statistical_deviation,three_sigma,4096389878,,0,1,103,52566,69577,"{""mean"": 100002.67370761534, ""std"": 6280.035569353389, ""sigma"": 3.0}",us,check_quality_intervals,,16.59887383372025,,,
anomaly_seed86_matrix_01,86,matrix,target_episode,False,period_violation,period,4096630294,,0,1,103,52590,70000,"{""min"": 70001.87159533074, ""max"": 130003.47581989993}",us,check_quality_intervals,,16.839291974943965,,,
anomaly_seed86_matrix_01,86,matrix,target_episode,False,statistical_deviation,three_sigma,4096630294,,0,1,103,52590,70000,"{""mean"": 100002.67370761534, ""std"": 6280.035569353389, ""sigma"": 3.0}",us,check_quality_intervals,,16.839291974943965,,,
anomaly_seed86_matrix_01,86,matrix,target_episode,False,statistical_deviation,three_sigma,4096791311,,0,1,103,52612,75858,"{""mean"": 100002.67370761534, ""std"": 6280.035569353389, ""sigma"": 3.0}",us,check_quality_intervals,,17.000310409014748,,,
anomaly_seed86_matrix_01,86,matrix,target_episode,False,period_violation,period,4097107865,,0,1,103,52646,68559,"{""min"": 70001.87159533074, ""max"": 130003.47581989993}",us,check_quality_intervals,,17.316867228348915,,,
anomaly_seed86_matrix_01,86,matrix,target_episode,False,statistical_deviation,three_sigma,4097107865,,0,1,103,52646,68559,"{""mean"": 100002.67370761534, ""std"": 6280.035569353389, ""sigma"": 3.0}",us,check_quality_intervals,,17.316867228348915,,,
anomaly_seed86_matrix_01,86,matrix,target_episode,False,statistical_deviation,three_sigma,4097273301,,0,1,103,52665,77437,"{""mean"": 100002.67370761534, ""std"": 6280.035569353389, ""sigma"": 3.0}",us,check_quality_intervals,,17.48230470177664,,,
anomaly_seed86_matrix_01,86,matrix,target_episode,False,statistical_deviation,three_sigma,4097431858,,0,1,103,52681,73405,"{""mean"": 100002.67370761534, ""std"": 6280.035569353389, ""sigma"": 3.0}",us,check_quality_intervals,,17.640863113937247,,,
anomaly_seed86_matrix_01,86,matrix,target_episode,False,statistical_deviation,three_sigma,4097669856,,0,1,103,52709,74998,"{""mean"": 100002.67370761534, ""std"": 6280.035569353389, ""sigma"": 3.0}",us,check_quality_intervals,,17.87886323362633,,,
anomaly_seed86_matrix_01,86,matrix,target_episode,False,statistical_deviation,three_sigma,4097833292,,0,1,103,52727,79019,"{""mean"": 100002.67370761534, ""std"": 6280.035569353389, ""sigma"": 3.0}",us,check_quality_intervals,,18.042300689240985,,,
anomaly_seed86_matrix_01,86,matrix,target_episode,False,statistical_deviation,three_sigma,4097993431,,0,1,103,52746,76131,"{""mean"": 100002.67370761534, ""std"": 6280.035569353389, ""sigma"": 3.0}",us,check_quality_intervals,,18.202441115491276,,,
anomaly_seed86_matrix_01,86,matrix,target_episode,False,statistical_deviation,three_sigma,4098234264,,0,1,103,52772,79998,"{""mean"": 100002.67370761534, ""std"": 6280.035569353389, ""sigma"": 3.0}",us,check_quality_intervals,,18.443276260429123,,,
anomaly_seed86_matrix_01,86,matrix,target_episode,False,statistical_deviation,three_sigma,4098392261,,0,1,103,52791,72416,"{""mean"": 100002.67370761534, ""std"": 6280.035569353389, ""sigma"": 3.0}",us,check_quality_intervals,,18.601274667602688,,,
anomaly_seed86_matrix_01,86,matrix,target_episode,False,statistical_deviation,three_sigma,4098714836,,0,1,103,52827,79999,"{""mean"": 100002.67370761534, ""std"": 6280.035569353389, ""sigma"": 3.0}",us,check_quality_intervals,,18.923852540562013,,,
anomaly_seed86_matrix_01,86,matrix,target_episode,False,period_violation,period,4099107269,,0,1,103,52871,68438,"{""min"": 70001.87159533074, ""max"": 130003.47581989993}",us,check_quality_intervals,,19.31628903569953,,,
anomaly_seed86_matrix_01,86,matrix,target_episode,False,statistical_deviation,three_sigma,4099107269,,0,1,103,52871,68438,"{""mean"": 100002.67370761534, ""std"": 6280.035569353389, ""sigma"": 3.0}",us,check_quality_intervals,,19.31628903569953,,,
anomaly_seed86_matrix_01,86,matrix,target_episode,False,statistical_deviation,three_sigma,4099434417,,0,1,103,52906,72592,"{""mean"": 100002.67370761534, ""std"": 6280.035569353389, ""sigma"": 3.0}",us,check_quality_intervals,,19.643439949387663,,,
anomaly_seed86_matrix_01,86,matrix,target_episode,False,statistical_deviation,three_sigma,4099599843,,0,1,103,52925,78583,"{""mean"": 100002.67370761534, ""std"": 6280.035569353389, ""sigma"": 3.0}",us,check_quality_intervals,,19.808867422725665,,,
anomaly_seed86_matrix_01,86,matrix,target_episode,False,period_violation,period,4099828235,,0,1,103,52952,69418,"{""min"": 70001.87159533074, ""max"": 130003.47581989993}",us,check_quality_intervals,,20.037261456860016,,,
anomaly_seed86_matrix_01,86,matrix,target_episode,False,statistical_deviation,three_sigma,4100076813,,0,1,103,52979,77559,"{""mean"": 100002.67370761534, ""std"": 6280.035569353389, ""sigma"": 3.0}",us,check_quality_intervals,,20.285841670777273,,,
anomaly_seed86_matrix_01,86,matrix,target_episode,False,period_violation,period,4100228810,,0,1,103,52997,65998,"{""min"": 70001.87159533074, ""max"": 130003.47581989993}",us,check_quality_intervals,,20.437840024512546,,,
anomaly_seed86_matrix_01,86,matrix,target_episode,False,statistical_deviation,three_sigma,4100228810,,0,1,103,52997,65998,"{""mean"": 100002.67370761534, ""std"": 6280.035569353389, ""sigma"": 3.0}",us,check_quality_intervals,,20.437840024512546,,,
anomaly_seed86_matrix_01,86,matrix,target_episode,False,statistical_deviation,three_sigma,4100391808,,0,1,103,53016,72562,"{""mean"": 100002.67370761534, ""std"": 6280.035569353389, ""sigma"": 3.0}",us,check_quality_intervals,,20.60083947622711,,,
anomaly_seed86_matrix_01,86,matrix,target_episode,False,statistical_deviation,three_sigma,4100634223,,0,1,103,53040,71420,"{""mean"": 100002.67370761534, ""std"": 6280.035569353389, ""sigma"": 3.0}",us,check_quality_intervals,,20.843256635254644,,,
anomaly_seed86_matrix_01,86,matrix,target_episode,False,statistical_deviation,three_sigma,4104790257,,0,1,103,53503,75526,"{""mean"": 100002.67370761534, ""std"": 6280.035569353389, ""sigma"": 3.0}",us,check_quality_intervals,,24.99932765026176,,,
anomaly_seed86_matrix_01,86,matrix,target_episode,False,period_violation,period,4104842149,,0,1,103,53507,51892,"{""min"": 70001.87159533074, ""max"": 130003.47581989993}",us,check_quality_intervals,,25.05122011242941,,,
anomaly_seed86_matrix_01,86,matrix,other_id_during_episode,False,statistical_deviation,three_sigma,4105183722,,0,1,1876,53546,114999,"{""mean"": 100000.41523068369, ""std"": 4651.128786040787, ""sigma"": 3.0}",us,check_quality_intervals,,25.39279615459073,,,
anomaly_seed86_matrix_01,86,matrix,target_episode,False,frequency_increase,frequency,4105734829,,0,1,103,,19,"{""min"": 4.999866318193494, ""max"": 14.999598954580481}",frames/window,check_quality_intervals,,25.943908062931396,4104734829,4105734829,
anomaly_seed86_matrix_01,86,matrix,other_id_during_episode,False,statistical_deviation,three_sigma,4109783641,,0,1,1876,54103,113999,"{""mean"": 100000.41523068369, ""std"": 4651.128786040787, ""sigma"": 3.0}",us,check_quality_intervals,,29.992756122984428,,,
anomaly_seed86_matrix_01,86,matrix,target_episode,False,statistical_deviation,three_sigma,4114793551,,0,1,103,54667,75405,"{""mean"": 100002.67370761534, ""std"": 6280.035569353389, ""sigma"": 3.0}",us,check_quality_intervals,,35.002710742892525,,,
anomaly_seed86_matrix_01,86,matrix,target_episode,False,period_violation,period,4114820995,,0,1,103,54670,27444,"{""min"": 70001.87159533074, ""max"": 130003.47581989993}",us,check_quality_intervals,,35.03015498731811,,,
anomaly_seed86_matrix_01,86,matrix,target_episode,False,burst,burst,4115162545,,0,1,103,54714,4,"{""min_frames"": 4, ""max_interval_us"": 25000.668426903834}",frames,check_quality_intervals,,35.37170802927499,,,
anomaly_seed86_matrix_01,86,matrix,target_episode,False,frequency_increase,frequency,4115734829,,0,1,103,,38,"{""min"": 4.999866318193494, ""max"": 14.999598954580481}",frames/window,check_quality_intervals,,35.943997126224616,4114734829,4115734829,
anomaly_seed86_matrix_01,86,matrix,target_episode,False,burst,burst,4115916983,,0,1,103,54824,4,"{""min_frames"": 4, ""max_interval_us"": 25000.668426903834}",frames,check_quality_intervals,,36.12615274854821,,,
anomaly_seed86_matrix_01,86,matrix,target_episode,False,burst,burst,4116663519,,0,1,103,54928,4,"{""min_frames"": 4, ""max_interval_us"": 25000.668426903834}",frames,check_quality_intervals,,36.87269539744332,,,
anomaly_seed86_matrix_01,86,matrix,target_episode,False,burst,burst,4117491084,,0,1,103,55047,4,"{""min_frames"": 4, ""max_interval_us"": 25000.668426903834}",frames,check_quality_intervals,,37.70026776801026,,,
anomaly_seed86_matrix_01,86,matrix,target_episode,False,burst,burst,4120491029,,0,1,103,55467,4,"{""min_frames"": 4, ""max_interval_us"": 25000.668426903834}",frames,check_quality_intervals,,40.70023948650795,,,
anomaly_seed86_matrix_01,86,matrix,target_episode,False,burst,burst,4120662447,,0,1,103,55488,4,"{""min_frames"": 4, ""max_interval_us"": 25000.668426903834}",frames,check_quality_intervals,,40.871659013213005,,,
anomaly_seed86_matrix_01,86,matrix,target_episode,False,statistical_deviation,three_sigma,4124789375,,0,1,103,55951,78998,"{""mean"": 100002.67370761534, ""std"": 6280.035569353389, ""sigma"": 3.0}",us,check_quality_intervals,,44.998623768993454,,,
anomaly_seed86_matrix_01,86,matrix,target_episode,False,statistical_deviation,three_sigma,4125792356,,0,1,103,56060,129417,"{""mean"": 100002.67370761534, ""std"": 6280.035569353389, ""sigma"": 3.0}",us,check_quality_intervals,,46.00161370187218,,,
anomaly_seed86_matrix_01,86,matrix,target_episode,False,period_violation,period,4126551935,,0,1,103,56139,138590,"{""min"": 70001.87159533074, ""max"": 130003.47581989993}",us,check_quality_intervals,,46.761199466933384,,,
anomaly_seed86_matrix_01,86,matrix,target_episode,False,statistical_deviation,three_sigma,4126791338,,0,1,103,56170,124998,"{""mean"": 100002.67370761534, ""std"": 6280.035569353389, ""sigma"": 3.0}",us,check_quality_intervals,,47.000604599134924,,,
anomaly_seed86_matrix_01,86,matrix,target_episode,False,period_violation,period,4127052334,,0,1,103,56194,139998,"{""min"": 70001.87159533074, ""max"": 130003.47581989993}",us,check_quality_intervals,,47.26160292365123,,,
anomaly_seed86_matrix_01,86,matrix,target_episode,False,statistical_deviation,three_sigma,4127292329,,0,1,103,56224,128998,"{""mean"": 100002.67370761534, ""std"": 6280.035569353389, ""sigma"": 3.0}",us,check_quality_intervals,,47.50160006112564,,,
anomaly_seed86_matrix_01,86,matrix,target_episode,False,statistical_deviation,three_sigma,4127666901,,0,1,103,56260,129576,"{""mean"": 100002.67370761534, ""std"": 6280.035569353389, ""sigma"": 3.0}",us,check_quality_intervals,,47.87617539718695,,,
anomaly_seed86_matrix_01,86,matrix,other_id_during_episode,False,statistical_deviation,three_sigma,4128170313,,0,1,1876,56317,85996,"{""mean"": 100000.41523068369, ""std"": 4651.128786040787, ""sigma"": 3.0}",us,check_quality_intervals,,48.37959188074003,,,
anomaly_seed86_matrix_01,86,matrix,target_episode,False,period_violation,period,4128802301,,0,1,103,56386,137558,"{""min"": 70001.87159533074, ""max"": 130003.47581989993}",us,check_quality_intervals,,49.01158550943338,,,
anomaly_seed86_matrix_01,86,matrix,target_episode,False,statistical_deviation,three_sigma,4128802301,,0,1,103,56386,137558,"{""mean"": 100002.67370761534, ""std"": 6280.035569353389, ""sigma"": 3.0}",us,check_quality_intervals,,49.01158550943338,,,
anomaly_seed86_matrix_01,86,matrix,target_episode,False,statistical_deviation,three_sigma,4129043297,,0,1,103,56410,128998,"{""mean"": 100002.67370761534, ""std"": 6280.035569353389, ""sigma"": 3.0}",us,check_quality_intervals,,49.25258365582357,,,
anomaly_seed86_matrix_01,86,matrix,target_episode,False,period_violation,period,4129673287,,0,1,103,56479,135404,"{""min"": 70001.87159533074, ""max"": 130003.47581989993}",us,check_quality_intervals,,49.88257926672143,,,
anomaly_seed86_matrix_01,86,matrix,target_episode,False,statistical_deviation,three_sigma,4129673287,,0,1,103,56479,135404,"{""mean"": 100002.67370761534, ""std"": 6280.035569353389, ""sigma"": 3.0}",us,check_quality_intervals,,49.88257926672143,,,
anomaly_seed86_matrix_01,86,matrix,target_episode,False,statistical_deviation,three_sigma,4129913702,,0,1,103,56506,123417,"{""mean"": 100002.67370761534, ""std"": 6280.035569353389, ""sigma"": 3.0}",us,check_quality_intervals,,50.12299640793681,,,
anomaly_seed86_matrix_01,86,matrix,target_episode,False,period_violation,period,4130176858,,0,1,103,56532,134577,"{""min"": 70001.87159533074, ""max"": 130003.47581989993}",us,check_quality_intervals,,50.38615475169079,,,
anomaly_seed86_matrix_01,86,matrix,target_episode,False,statistical_deviation,three_sigma,4130420275,,0,1,103,56560,127998,"{""mean"": 100002.67370761534, ""std"": 6280.035569353389, ""sigma"": 3.0}",us,check_quality_intervals,,50.62957391964334,,,
anomaly_seed86_matrix_01,86,matrix,target_episode,False,period_violation,period,4130809686,,0,1,103,56604,145417,"{""min"": 70001.87159533074, ""max"": 130003.47581989993}",us,check_quality_intervals,,51.01898838786515,,,
anomaly_seed86_matrix_01,86,matrix,target_episode,False,statistical_deviation,three_sigma,4130809686,,0,1,103,56604,145417,"{""mean"": 100002.67370761534, ""std"": 6280.035569353389, ""sigma"": 3.0}",us,check_quality_intervals,,51.01898838786515,,,
anomaly_seed86_matrix_01,86,matrix,target_episode,False,statistical_deviation,three_sigma,4134792777,,0,1,103,57043,78142,"{""mean"": 100002.67370761534, ""std"": 6280.035569353389, ""sigma"": 3.0}",us,check_quality_intervals,,55.00211486258537,,,
anomaly_seed86_matrix_01,86,matrix,target_episode,False,period_violation,period,4134990773,,0,1,103,57063,197996,"{""min"": 70001.87159533074, ""max"": 130003.47581989993}",us,check_quality_intervals,,55.20011262600374,,,
anomaly_seed86_matrix_01,86,matrix,target_episode,False,statistical_deviation,three_sigma,4144789019,,0,1,103,58105,78998,"{""mean"": 100002.67370761534, ""std"": 6280.035569353389, ""sigma"": 3.0}",us,check_quality_intervals,,64.99844589240877,,,
anomaly_seed86_matrix_01,86,matrix,target_episode,False,missing_frame,timeout,4145096927,,0,1,103,,307908,300008.021122846,us,check_quality_intervals,4144789019,65.30635663473859,,,
anomaly_seed86_matrix_01,86,matrix,target_episode,False,period_violation,period,4145196461,,0,1,103,58144,407442,"{""min"": 70001.87159533074, ""max"": 130003.47581989993}",us,check_quality_intervals,,65.40589152122203,,,
anomaly_seed86_matrix_01,86,matrix,target_episode,False,missing_frame,timeout,4145504004,,0,1,103,,307543,300008.021122846,us,check_quality_intervals,4145196461,65.71343726030116,,,
anomaly_seed86_matrix_01,86,matrix,target_episode,False,frequency_decrease,frequency,4145734829,,0,1,103,,3,"{""min"": 4.999866318193494, ""max"": 14.999598954580481}",frames/window,check_quality_intervals,,65.94426431610428,4144734829,4145734829,
anomaly_seed86_matrix_01,86,matrix,target_episode,False,missing_frame,timeout,4145898577,,0,1,103,,301573,300008.021122846,us,check_quality_intervals,4145597004,66.10801377449783,,,
anomaly_seed86_matrix_01,86,matrix,target_episode,False,missing_frame,timeout,4146343395,,0,1,103,,353399,300008.021122846,us,check_quality_intervals,4145989996,66.55283573619337,,,
anomaly_seed86_matrix_01,86,matrix,target_episode,False,missing_frame,timeout,4146701513,,0,1,103,,303523,300008.021122846,us,check_quality_intervals,4146397990,66.91095692571032,,,
anomaly_seed86_matrix_01,86,matrix,target_episode,False,missing_frame,timeout,4147094555,,0,1,103,,303573,300008.021122846,us,check_quality_intervals,4146790982,67.3040024262715,,,
anomaly_seed86_matrix_01,86,matrix,target_episode,False,missing_frame,timeout,4147504406,,0,1,103,,305428,300008.021122846,us,check_quality_intervals,4147198978,67.71385707653982,,,
anomaly_seed86_matrix_01,86,matrix,target_episode,False,missing_frame,timeout,4147932955,,0,1,103,,335394,300008.021122846,us,check_quality_intervals,4147597561,68.14240989333855,,,
anomaly_seed86_matrix_01,86,matrix,target_episode,False,missing_frame,timeout,4148343365,,0,1,103,,343985,300008.021122846,us,check_quality_intervals,4147999380,68.55282354858467,,,
anomaly_seed86_matrix_01,86,matrix,target_episode,False,missing_frame,timeout,4148709367,,0,1,103,,315412,300008.021122846,us,check_quality_intervals,4148393955,68.91882880831967,,,
anomaly_seed86_matrix_01,86,matrix,target_episode,False,missing_frame,timeout,4149090856,,0,1,103,,302909,300008.021122846,us,check_quality_intervals,4148787947,69.30032120598577,,,
anomaly_seed86_matrix_01,86,matrix,target_episode,False,missing_frame,timeout,4149504371,,0,1,103,,310432,300008.021122846,us,check_quality_intervals,4149193939,69.71383988888672,,,
anomaly_seed86_matrix_01,86,matrix,target_episode,False,missing_frame,timeout,4149909350,,0,1,103,,311418,300008.021122846,us,check_quality_intervals,4149597932,70.11882249576297,,,
anomaly_seed86_matrix_01,86,matrix,target_episode,False,missing_frame,timeout,4150345503,,0,1,103,,348577,300008.021122846,us,check_quality_intervals,4149996926,70.55497938028488,,,
anomaly_seed86_matrix_01,86,matrix,target_episode,False,missing_frame,timeout,4150706354,,0,1,103,,310436,300008.021122846,us,check_quality_intervals,4150395918,70.91583359414308,,,
anomaly_seed86_matrix_01,86,matrix,target_episode,False,missing_frame,timeout,4155035243,,0,1,103,,321400,300008.021122846,us,check_quality_intervals,4154713843,75.24476114865446,,,
anomaly_seed86_matrix_01,86,matrix,target_episode,False,frequency_decrease,frequency,4155734829,,0,1,103,,0,"{""min"": 4.999866318193494, ""max"": 14.999598954580481}",frames/window,check_quality_intervals,,75.9443533793975,4154734829,4155734829,
anomaly_seed86_matrix_01,86,matrix,target_episode,False,period_violation,period,4155811241,,0,1,103,59264,1097398,"{""min"": 70001.87159533074, ""max"": 130003.47581989993}",us,check_quality_intervals,,76.02076605994827,,,
anomaly_seed86_matrix_01,86,matrix,target_episode,False,statistical_deviation,three_sigma,4155811241,,0,1,103,59264,1097398,"{""mean"": 100002.67370761534, ""std"": 6280.035569353389, ""sigma"": 3.0}",us,check_quality_intervals,,76.02076605994827,,,
anomaly_seed86_matrix_01,86,matrix,target_episode,False,missing_frame,timeout,4160036181,,0,1,103,,325427,300008.021122846,us,check_quality_intervals,4159710754,80.24574368865534,,,
anomaly_seed86_matrix_01,86,matrix,target_episode,False,frequency_decrease,frequency,4160734829,,0,1,103,,0,"{""min"": 4.999866318193494, ""max"": 14.999598954580481}",frames/window,check_quality_intervals,,80.9443979110441,4159734829,4160734829,
anomaly_seed86_matrix_01,86,matrix,target_episode,False,period_violation,period,4164806663,,0,1,103,60207,5095909,"{""min"": 70001.87159533074, ""max"": 130003.47581989993}",us,check_quality_intervals,,85.01626817613896,,,
anomaly_seed86_matrix_01,86,matrix,target_episode,False,statistical_deviation,three_sigma,4164806663,,0,1,103,60207,5095909,"{""mean"": 100002.67370761534, ""std"": 6280.035569353389, ""sigma"": 3.0}",us,check_quality_intervals,,85.01626817613896,,,
anomaly_seed86_matrix_01,86,matrix,target_episode,False,period_violation,period,4169791574,,0,1,257,60758,29559,"{""min"": 69996.82062256812, ""max"": 129994.09544191223}",us,check_quality_intervals,,90.00122357339752,,,
anomaly_seed86_matrix_01,86,matrix,target_episode,False,statistical_deviation,three_sigma,4169791574,,0,1,257,60758,29559,"{""mean"": 99995.45803224017, ""std"": 6459.73935805271, ""sigma"": 3.0}",us,check_quality_intervals,,90.00122357339752,,,
anomaly_seed86_matrix_01,86,matrix,target_episode,False,period_violation,period,4174795485,,0,1,257,61313,29559,"{""min"": 69996.82062256812, ""max"": 129994.09544191223}",us,check_quality_intervals,,95.00517913987657,,,
anomaly_seed86_matrix_01,86,matrix,target_episode,False,statistical_deviation,three_sigma,4174795485,,0,1,257,61313,29559,"{""mean"": 99995.45803224017, ""std"": 6459.73935805271, ""sigma"": 3.0}",us,check_quality_intervals,,95.00517913987657,,,
anomaly_seed86_matrix_01,86,matrix,target_episode,False,burst,burst,4174828485,,0,1,257,61319,4,"{""min_frames"": 4, ""max_interval_us"": 24998.864508060044}",frames,check_quality_intervals,,95.0381794337858,,,
anomaly_seed86_matrix_01,86,matrix,target_episode,False,frequency_increase,frequency,4175734829,,0,1,257,,30,"{""min"": 5.0002271087031955, ""max"": 15.000681326109586}",frames/window,check_quality_intervals,,95.94453150598393,4174734829,4175734829,
anomaly_seed86_matrix_01,86,matrix,target_episode,False,unknown_id,dbc,4182788269,,0,1,2045,62216,2045,ID in DBC or baseline,,check_quality_intervals,,102.99803432624311,,,
anomaly_seed86_matrix_01,86,matrix,other_id_during_episode,False,statistical_deviation,three_sigma,4184068321,,0,1,1876,62354,85999,"{""mean"": 100000.41523068369, ""std"": 4651.128786040787, ""sigma"": 3.0}",us,check_quality_intervals,,104.27809772680784,,,
anomaly_seed86_matrix_01,86,matrix,target_episode,False,unknown_id,dbc,4187792181,,0,1,2045,62771,2045,ID in DBC or baseline,,check_quality_intervals,,108.00199089273141,,,
anomaly_seed86_matrix_01,86,matrix,background_candidate,False,statistical_deviation,three_sigma,4194669712,,0,1,1876,63532,85578,"{""mean"": 100000.41523068369, ""std"": 4651.128786040787, ""sigma"": 3.0}",us,check_quality_intervals,,114.87958314628752,,,
anomaly_seed86_matrix_01,86,matrix,target_episode,False,dlc_mismatch,dbc,4195790989,,0,1,6,63661,1,2,bytes,check_quality_intervals,,116.00087013274992,,,
anomaly_seed86_matrix_01,86,matrix,target_episode,False,signal_out_of_range,dbc,4211794724,,0,1,6,65425,101.0,"{""min"": -100, ""max"": 100}",%,check_quality_intervals,,132.00474766728445,,,AccuFunSpeedIncrease
anomaly_seed86_matrix_01,86,matrix,target_episode,False,signal_out_of_range,dbc,4219787583,,0,1,6,772,-101.0,"{""min"": -100, ""max"": 100}",%,check_quality_intervals,,139.99767785431888,,,AccuFunSpeedIncrease
anomaly_seed86_matrix_01,86,matrix,target_episode,False,signal_out_of_range,dbc,4227790440,,0,1,6,1661,110.0,"{""min"": -100, ""max"": 100}",%,check_quality_intervals,,148.00060613039832,,,AccuFunSpeedIncrease
anomaly_seed86_matrix_01,86,matrix,outside_run,False,missing_frame,timeout,4239993829,,0,1,1825,,303133,300006.3535297381,us,check_quality_intervals,4239690696,160.20410381779985,,,
anomaly_seed86_matrix_01,86,matrix,outside_run,False,missing_frame,timeout,4240093829,,0,1,103,,378917,300008.021122846,us,check_quality_intervals,4239714912,160.30410470843316,,,
anomaly_seed86_matrix_01,86,matrix,outside_run,False,missing_frame,timeout,4240093829,,0,1,257,,332917,299986.37409672054,us,check_quality_intervals,4239760912,160.30410470843316,,,
anomaly_seed86_matrix_01,86,matrix,outside_run,False,missing_frame,timeout,4240093829,,0,1,457,,353978,299997.2784880487,us,check_quality_intervals,4239739851,160.30410470843316,,,
anomaly_seed86_matrix_01,86,matrix,outside_run,False,missing_frame,timeout,4240093829,,0,1,1024,,315061,299990.6181211786,us,check_quality_intervals,4239778768,160.30410470843316,,,
anomaly_seed86_matrix_01,86,matrix,outside_run,False,missing_frame,timeout,4240093829,,0,1,1876,,319059,300001.2456920511,us,check_quality_intervals,4239774770,160.30410470843316,,,
anomaly_seed86_matrix_01,86,matrix,outside_run,False,missing_frame,timeout,4240093829,,0,1,1877,,387048,299995.3790994995,us,check_quality_intervals,4239706781,160.30410470843316,,,
anomaly_seed86_matrix_01,86,matrix,outside_run,False,missing_frame,timeout,4240293829,,0,1,1039,,686076,599991.2436040046,us,check_quality_intervals,4239607753,160.50410648969884,,,
anomaly_seed86_matrix_01,86,matrix,outside_run,False,frequency_decrease,frequency,4240734829,,0,1,103,,0,"{""min"": 4.999866318193494, ""max"": 14.999598954580481}",frames/window,check_quality_intervals,,160.94511041738988,4239734829,4240734829,
anomaly_seed86_matrix_01,86,matrix,outside_run,False,frequency_decrease,frequency,4240734829,,0,1,257,,1,"{""min"": 5.0002271087031955, ""max"": 15.000681326109586}",frames/window,check_quality_intervals,,160.94511041738988,4239734829,4240734829,
anomaly_seed86_matrix_01,86,matrix,outside_run,False,frequency_decrease,frequency,4240734829,,0,1,457,,1,"{""min"": 5.000045358944004, ""max"": 15.000136076832014}",frames/window,check_quality_intervals,,160.94511041738988,4239734829,4240734829,
anomaly_seed86_matrix_01,86,matrix,outside_run,False,frequency_decrease,frequency,4240734829,,0,1,1024,,1,"{""min"": 5.000156369537158, ""max"": 15.000469108611473}",frames/window,check_quality_intervals,,160.94511041738988,4239734829,4240734829,
anomaly_seed86_matrix_01,86,matrix,outside_run,False,frequency_decrease,frequency,4240734829,,0,1,1039,,0,"{""min"": 2.5000364855157833, ""max"": 7.500109456547349}",frames/window,check_quality_intervals,,160.94511041738988,4239734829,4240734829,
anomaly_seed86_matrix_01,86,matrix,outside_run,False,frequency_decrease,frequency,4240734829,,0,1,1825,,0,"{""min"": 4.999894110080281, ""max"": 14.999682330240844}",frames/window,check_quality_intervals,,160.94511041738988,4239734829,4240734829,
anomaly_seed86_matrix_01,86,matrix,outside_run,False,frequency_decrease,frequency,4240734829,,0,1,1876,,1,"{""min"": 4.999979238552023, ""max"": 14.99993771565607}",frames/window,check_quality_intervals,,160.94511041738988,4239734829,4240734829,
anomaly_seed86_matrix_01,86,matrix,outside_run,False,frequency_decrease,frequency,4240734829,,0,1,1877,,0,"{""min"": 5.000077016194622, ""max"": 15.000231048583865}",frames/window,check_quality_intervals,,160.94511041738988,4239734829,4240734829,
anomaly_seed86_matrix_01,86,matrix,outside_run,False,frequency_decrease,frequency,4240734829,,0,1,2026,,0,"{""min"": 6.242847807724772e-05, ""max"": 2.0000624284780772}",frames/window,check_quality_intervals,,160.94511041738988,4239734829,4240734829,
anomaly_seed86_matrix_01,86,matrix,outside_run,False,missing_frame,timeout,4242293829,,0,1,1327,,3080497,3000030.5698324037,us,check_quality_intervals,4239213332,162.50412430235747,,,
anomaly_seed86_matrix_01,86,matrix,outside_run,False,missing_frame,timeout,4242293829,,0,1,1881,,3091934,3000030.3016759777,us,check_quality_intervals,4239201895,162.50412430235747,,,
anomaly_seed86_matrix_01,86,matrix,outside_run,False,missing_frame,timeout,4242693829,,0,1,10,,3045602,3000071.0949720675,us,check_quality_intervals,4239648227,162.90412786488884,,,
anomaly_seed86_matrix_01,86,matrix,outside_run,False,missing_frame,timeout,4242749814,,0,1,2026,,3035482,2999812.726256983,us,check_quality_intervals,4239714332,162.96011336350966,,,
anomaly_seed86_matrix_02,86,matrix,outside_run,False,missing_frame,timeout,4256793829,,0,1,257,,300000,299986.37409672054,us,check_quality_intervals,,-1.1065694228440492,,,
anomaly_seed86_matrix_02,86,matrix,outside_run,False,missing_frame,timeout,4256793829,,0,1,457,,300000,299997.2784880487,us,check_quality_intervals,,-1.1065694228440492,,,
anomaly_seed86_matrix_02,86,matrix,outside_run,False,missing_frame,timeout,4256793829,,0,1,1024,,300000,299990.6181211786,us,check_quality_intervals,,-1.1065694228440492,,,
anomaly_seed86_matrix_02,86,matrix,outside_run,False,missing_frame,timeout,4256793829,,0,1,1877,,300000,299995.3790994995,us,check_quality_intervals,,-1.1065694228440492,,,
anomaly_seed86_matrix_02,86,matrix,outside_run,False,missing_frame,timeout,4256893829,,0,1,103,,400000,300008.021122846,us,check_quality_intervals,,-1.0065720052779037,,,
anomaly_seed86_matrix_02,86,matrix,outside_run,False,missing_frame,timeout,4256893829,,0,1,1825,,400000,300006.3535297381,us,check_quality_intervals,,-1.0065720052779037,,,
anomaly_seed86_matrix_02,86,matrix,outside_run,False,missing_frame,timeout,4256893829,,0,1,1876,,400000,300001.2456920511,us,check_quality_intervals,,-1.0065720052779037,,,
anomaly_seed86_matrix_02,86,matrix,outside_run,False,missing_frame,timeout,4257093829,,0,1,1039,,600000,599991.2436040046,us,check_quality_intervals,,-0.8065771701437934,,,
anomaly_seed86_matrix_02,86,matrix,outside_run,False,frequency_decrease,frequency,4257493829,,0,1,103,,0,"{""min"": 4.999866318193494, ""max"": 14.999598954580481}",frames/window,check_quality_intervals,,-0.4065874998773918,4256493829,4257493829,
anomaly_seed86_matrix_02,86,matrix,outside_run,False,frequency_decrease,frequency,4257493829,,0,1,257,,0,"{""min"": 5.0002271087031955, ""max"": 15.000681326109586}",frames/window,check_quality_intervals,,-0.4065874998773918,4256493829,4257493829,
anomaly_seed86_matrix_02,86,matrix,outside_run,False,frequency_decrease,frequency,4257493829,,0,1,457,,0,"{""min"": 5.000045358944004, ""max"": 15.000136076832014}",frames/window,check_quality_intervals,,-0.4065874998773918,4256493829,4257493829,
anomaly_seed86_matrix_02,86,matrix,outside_run,False,frequency_decrease,frequency,4257493829,,0,1,1024,,0,"{""min"": 5.000156369537158, ""max"": 15.000469108611473}",frames/window,check_quality_intervals,,-0.4065874998773918,4256493829,4257493829,
anomaly_seed86_matrix_02,86,matrix,outside_run,False,frequency_decrease,frequency,4257493829,,0,1,1039,,0,"{""min"": 2.5000364855157833, ""max"": 7.500109456547349}",frames/window,check_quality_intervals,,-0.4065874998773918,4256493829,4257493829,
anomaly_seed86_matrix_02,86,matrix,outside_run,False,frequency_decrease,frequency,4257493829,,0,1,1825,,0,"{""min"": 4.999894110080281, ""max"": 14.999682330240844}",frames/window,check_quality_intervals,,-0.4065874998773918,4256493829,4257493829,
anomaly_seed86_matrix_02,86,matrix,outside_run,False,frequency_decrease,frequency,4257493829,,0,1,1876,,0,"{""min"": 4.999979238552023, ""max"": 14.99993771565607}",frames/window,check_quality_intervals,,-0.4065874998773918,4256493829,4257493829,
anomaly_seed86_matrix_02,86,matrix,outside_run,False,frequency_decrease,frequency,4257493829,,0,1,1877,,0,"{""min"": 5.000077016194622, ""max"": 15.000231048583865}",frames/window,check_quality_intervals,,-0.4065874998773918,4256493829,4257493829,
anomaly_seed86_matrix_02,86,matrix,outside_run,False,frequency_decrease,frequency,4257493829,,0,1,2026,,0,"{""min"": 6.242847807724772e-05, ""max"": 2.0000624284780772}",frames/window,check_quality_intervals,,-0.4065874998773918,4256493829,4257493829,
anomaly_seed86_matrix_02,86,matrix,target_episode,False,statistical_deviation,three_sigma,4272980741,,0,1,103,5206,79407,"{""mean"": 100002.67370761534, ""std"": 6280.035569353389, ""sigma"": 3.0}",us,check_quality_intervals,,15.079924560948939,,,
anomaly_seed86_matrix_02,86,matrix,target_episode,False,statistical_deviation,three_sigma,4273384734,,0,1,103,5251,74561,"{""mean"": 100002.67370761534, ""std"": 6280.035569353389, ""sigma"": 3.0}",us,check_quality_intervals,,15.483907128099043,,,
anomaly_seed86_matrix_02,86,matrix,target_episode,False,statistical_deviation,three_sigma,4273781148,,0,1,103,5297,75827,"{""mean"": 100002.67370761534, ""std"": 6280.035569353389, ""sigma"": 3.0}",us,check_quality_intervals,,15.880310890971689,,,
anomaly_seed86_matrix_02,86,matrix,target_episode,False,statistical_deviation,three_sigma,4273941317,,0,1,103,5314,72594,"{""mean"": 100002.67370761534, ""std"": 6280.035569353389, ""sigma"": 3.0}",us,check_quality_intervals,,16.040475754713853,,,
anomaly_seed86_matrix_02,86,matrix,target_episode,False,statistical_deviation,three_sigma,4274185719,,0,1,103,5341,74998,"{""mean"": 100002.67370761534, ""std"": 6280.035569353389, ""sigma"": 3.0}",us,check_quality_intervals,,16.28487144319546,,,
anomaly_seed86_matrix_02,86,matrix,target_episode,False,statistical_deviation,three_sigma,4274503715,,0,1,103,5380,73561,"{""mean"": 100002.67370761534, ""std"": 6280.035569353389, ""sigma"": 3.0}",us,check_quality_intervals,,16.602859231160604,,,
anomaly_seed86_matrix_02,86,matrix,target_episode,False,statistical_deviation,three_sigma,4274745709,,0,1,103,5404,74580,"{""mean"": 100002.67370761534, ""std"": 6280.035569353389, ""sigma"": 3.0}",us,check_quality_intervals,,16.84484698182692,,,
anomaly_seed86_matrix_02,86,matrix,target_episode,False,statistical_deviation,three_sigma,4274981705,,0,1,103,5434,79419,"{""mean"": 100002.67370761534, ""std"": 6280.035569353389, ""sigma"": 3.0}",us,check_quality_intervals,,17.08083688738795,,,
anomaly_seed86_matrix_02,86,matrix,target_episode,False,statistical_deviation,three_sigma,4275302280,,0,1,103,5469,79048,"{""mean"": 100002.67370761534, ""std"": 6280.035569353389, ""sigma"": 3.0}",us,check_quality_intervals,,17.401403608752105,,,
anomaly_seed86_matrix_02,86,matrix,target_episode,False,statistical_deviation,three_sigma,4275545695,,0,1,103,5495,76999,"{""mean"": 100002.67370761534, ""std"": 6280.035569353389, ""sigma"": 3.0}",us,check_quality_intervals,,17.64481232272198,,,
anomaly_seed86_matrix_02,86,matrix,target_episode,False,period_violation,period,4275940688,,0,1,103,5541,68560,"{""min"": 70001.87159533074, ""max"": 130003.47581989993}",us,check_quality_intervals,,18.039795122291068,,,
anomaly_seed86_matrix_02,86,matrix,target_episode,False,statistical_deviation,three_sigma,4275940688,,0,1,103,5541,68560,"{""mean"": 100002.67370761534, ""std"": 6280.035569353389, ""sigma"": 3.0}",us,check_quality_intervals,,18.039795122291068,,,
anomaly_seed86_matrix_02,86,matrix,target_episode,False,statistical_deviation,three_sigma,4276339101,,0,1,103,5586,71419,"{""mean"": 100002.67370761534, ""std"": 6280.035569353389, ""sigma"": 3.0}",us,check_quality_intervals,,18.43819783354094,,,
anomaly_seed86_matrix_02,86,matrix,target_episode,False,period_violation,period,4276499678,,0,1,103,5605,68998,"{""min"": 70001.87159533074, ""max"": 130003.47581989993}",us,check_quality_intervals,,18.598770686747564,,,
anomaly_seed86_matrix_02,86,matrix,target_episode,False,statistical_deviation,three_sigma,4276499678,,0,1,103,5605,68998,"{""mean"": 100002.67370761534, ""std"": 6280.035569353389, ""sigma"": 3.0}",us,check_quality_intervals,,18.598770686747564,,,
anomaly_seed86_matrix_02,86,matrix,target_episode,False,statistical_deviation,three_sigma,4276738674,,0,1,103,5629,76561,"{""mean"": 100002.67370761534, ""std"": 6280.035569353389, ""sigma"": 3.0}",us,check_quality_intervals,,18.837760514835296,,,
anomaly_seed86_matrix_02,86,matrix,target_episode,False,statistical_deviation,three_sigma,4276906672,,0,1,103,5651,79581,"{""mean"": 100002.67370761534, ""std"": 6280.035569353389, ""sigma"": 3.0}",us,check_quality_intervals,,19.005754176398884,,,
anomaly_seed86_matrix_02,86,matrix,target_episode,False,period_violation,period,4277136668,,0,1,103,5675,68000,"{""min"": 70001.87159533074, ""max"": 130003.47581989993}",us,check_quality_intervals,,19.2357442369056,,,
anomaly_seed86_matrix_02,86,matrix,target_episode,False,statistical_deviation,three_sigma,4277136668,,0,1,103,5675,68000,"{""mean"": 100002.67370761534, ""std"": 6280.035569353389, ""sigma"": 3.0}",us,check_quality_intervals,,19.2357442369056,,,
anomaly_seed86_matrix_02,86,matrix,target_episode,False,statistical_deviation,three_sigma,4277304663,,0,1,103,5694,75999,"{""mean"": 100002.67370761534, ""std"": 6280.035569353389, ""sigma"": 3.0}",us,check_quality_intervals,,19.403734898546553,,,
anomaly_seed86_matrix_02,86,matrix,target_episode,False,statistical_deviation,three_sigma,4277458106,,0,1,103,5710,71443,"{""mean"": 100002.67370761534, ""std"": 6280.035569353389, ""sigma"": 3.0}",us,check_quality_intervals,,19.557173935983563,,,
anomaly_seed86_matrix_02,86,matrix,target_episode,False,statistical_deviation,three_sigma,4277618659,,0,1,103,5730,76562,"{""mean"": 100002.67370761534, ""std"": 6280.035569353389, ""sigma"": 3.0}",us,check_quality_intervals,,19.717722789809123,,,
anomaly_seed86_matrix_02,86,matrix,target_episode,False,statistical_deviation,three_sigma,4277778100,,0,1,103,5749,76442,"{""mean"": 100002.67370761534, ""std"": 6280.035569353389, ""sigma"": 3.0}",us,check_quality_intervals,,19.877159672352327,,,
anomaly_seed86_matrix_02,86,matrix,target_episode,False,statistical_deviation,three_sigma,4277940090,,0,1,103,5766,75996,"{""mean"": 100002.67370761534, ""std"": 6280.035569353389, ""sigma"": 3.0}",us,check_quality_intervals,,20.03914548906822,,,
anomaly_seed86_matrix_02,86,matrix,target_episode,False,statistical_deviation,three_sigma,4278185649,,0,1,103,5793,75560,"{""mean"": 100002.67370761534, ""std"": 6280.035569353389, ""sigma"": 3.0}",us,check_quality_intervals,,20.284698147670767,,,
anomaly_seed86_matrix_02,86,matrix,target_episode,False,statistical_deviation,three_sigma,4278424642,,0,1,103,5821,79996,"{""mean"": 100002.67370761534, ""std"": 6280.035569353389, ""sigma"": 3.0}",us,check_quality_intervals,,20.523684975835867,,,
anomaly_seed86_matrix_02,86,matrix,target_episode,False,statistical_deviation,three_sigma,4278738639,,0,1,103,5854,76560,"{""mean"": 100002.67370761534, ""std"": 6280.035569353389, ""sigma"": 3.0}",us,check_quality_intervals,,20.83767386707295,,,
anomaly_seed86_matrix_02,86,matrix,target_episode,False,statistical_deviation,three_sigma,4282906146,,0,1,103,6317,79582,"{""mean"": 100002.67370761534, ""std"": 6280.035569353389, ""sigma"": 3.0}",us,check_quality_intervals,,25.005073243984153,,,
anomaly_seed86_matrix_02,86,matrix,target_episode,False,period_violation,period,4282950562,,0,1,103,6321,44416,"{""min"": 70001.87159533074, ""max"": 130003.47581989993}",us,check_quality_intervals,,25.049488096970304,,,
anomaly_seed86_matrix_02,86,matrix,target_episode,False,frequency_increase,frequency,4283493829,,0,1,103,,16,"{""min"": 4.999866318193494, ""max"": 14.999598954580481}",frames/window,check_quality_intervals,,25.592741067462356,4282493829,4283493829,
anomaly_seed86_matrix_02,86,matrix,target_episode,False,statistical_deviation,three_sigma,4292906805,,0,1,103,7475,79418,"{""mean"": 100002.67370761534, ""std"": 6280.035569353389, ""sigma"": 3.0}",us,check_quality_intervals,,35.00547398363441,,,
anomaly_seed86_matrix_02,86,matrix,target_episode,False,period_violation,period,4292926384,,0,1,103,7481,19579,"{""min"": 70001.87159533074, ""max"": 130003.47581989993}",us,check_quality_intervals,,35.0250524780205,,,
anomaly_seed86_matrix_02,86,matrix,target_episode,False,burst,burst,4293098802,,0,1,103,7502,4,"{""min_frames"": 4, ""max_interval_us"": 25000.668426903834}",frames,check_quality_intervals,,35.19746602544074,,,
anomaly_seed86_matrix_02,86,matrix,target_episode,False,burst,burst,4293221381,,0,1,103,7521,4,"{""min_frames"": 4, ""max_interval_us"": 25000.668426903834}",frames,check_quality_intervals,,35.32004185991968,,,
anomaly_seed86_matrix_02,86,matrix,target_episode,False,frequency_increase,frequency,4293493829,,0,1,103,,28,"{""min"": 4.999866318193494, ""max"": 14.999598954580481}",frames/window,check_quality_intervals,,35.59248282413149,4292493829,4293493829,
anomaly_seed86_matrix_02,86,matrix,target_episode,False,burst,burst,4293599955,,0,1,103,7573,4,"{""min_frames"": 4, ""max_interval_us"": 25000.668426903834}",frames,check_quality_intervals,,35.69860608349799,,,
anomaly_seed86_matrix_02,86,matrix,target_episode,False,burst,burst,4294599355,,0,1,103,7715,4,"{""min_frames"": 4, ""max_interval_us"": 25000.668426903834}",frames,check_quality_intervals,,36.69798027466011,,,
anomaly_seed86_matrix_02,86,matrix,target_episode,False,burst,burst,4294900821,,0,1,103,7758,4,"{""min_frames"": 4, ""max_interval_us"": 25000.668426903834}",frames,check_quality_intervals,,36.99943848950161,,,
anomaly_seed86_matrix_02,86,matrix,target_episode,False,burst,burst,4295101346,,0,1,103,7785,4,"{""min_frames"": 4, ""max_interval_us"": 25000.668426903834}",frames,check_quality_intervals,,37.19995831107741,,,
anomaly_seed86_matrix_02,86,matrix,target_episode,False,burst,burst,4295900332,,0,1,103,7898,4,"{""min_frames"": 4, ""max_interval_us"": 25000.668426903834}",frames,check_quality_intervals,,37.9989236777966,,,
anomaly_seed86_matrix_02,86,matrix,target_episode,False,burst,burst,4296099911,,0,1,103,7925,4,"{""min_frames"": 4, ""max_interval_us"": 25000.668426903834}",frames,check_quality_intervals,,38.19849752380211,,,
anomaly_seed86_matrix_02,86,matrix,target_episode,False,burst,burst,4296900314,,0,1,103,8038,4,"{""min_frames"": 4, ""max_interval_us"": 25000.668426903834}",frames,check_quality_intervals,,38.99887985392863,,,
anomaly_seed86_matrix_02,86,matrix,target_episode,False,burst,burst,4297902766,,0,1,103,8178,4,"{""min_frames"": 4, ""max_interval_us"": 25000.668426903834}",frames,check_quality_intervals,,40.001305966273996,,,
anomaly_seed86_matrix_02,86,matrix,target_episode,False,burst,burst,4298103293,,0,1,103,8205,4,"{""min_frames"": 4, ""max_interval_us"": 25000.668426903834}",frames,check_quality_intervals,,40.20182778779792,,,
anomaly_seed86_matrix_02,86,matrix,target_episode,False,statistical_deviation,three_sigma,4302907648,,0,1,103,8759,79438,"{""mean"": 100002.67370761534, ""std"": 6280.035569353389, ""sigma"": 3.0}",us,check_quality_intervals,,45.00605871853435,,,
anomaly_seed86_matrix_02,86,matrix,target_episode,False,period_violation,period,4303155642,,0,1,103,8786,133016,"{""min"": 70001.87159533074, ""max"": 130003.47581989993}",us,check_quality_intervals,,45.25404631425407,,,
anomaly_seed86_matrix_02,86,matrix,target_episode,False,statistical_deviation,three_sigma,4303155642,,0,1,103,8786,133016,"{""mean"": 100002.67370761534, ""std"": 6280.035569353389, ""sigma"": 3.0}",us,check_quality_intervals,,45.25404631425407,,,
anomaly_seed86_matrix_02,86,matrix,target_episode,False,period_violation,period,4303784193,,0,1,103,8853,137997,"{""min"": 70001.87159533074, ""max"": 130003.47581989993}",us,check_quality_intervals,,45.88258108234438,,,
anomaly_seed86_matrix_02,86,matrix,target_episode,False,statistical_deviation,three_sigma,4303784193,,0,1,103,8853,137997,"{""mean"": 100002.67370761534, ""std"": 6280.035569353389, ""sigma"": 3.0}",us,check_quality_intervals,,45.88258108234438,,,
anomaly_seed86_matrix_02,86,matrix,target_episode,False,statistical_deviation,three_sigma,4304023188,,0,1,103,8883,123559,"{""mean"": 100002.67370761534, ""std"": 6280.035569353389, ""sigma"": 3.0}",us,check_quality_intervals,,46.121569910457595,,,
anomaly_seed86_matrix_02,86,matrix,target_episode,False,period_violation,period,4304155764,,0,1,103,8895,132576,"{""min"": 70001.87159533074, ""max"": 130003.47581989993}",us,check_quality_intervals,,46.25414248677079,,,
anomaly_seed86_matrix_02,86,matrix,target_episode,False,statistical_deviation,three_sigma,4304524598,,0,1,103,8939,123416,"{""mean"": 100002.67370761534, ""std"": 6280.035569353389, ""sigma"": 3.0}",us,check_quality_intervals,,46.622966961878596,,,
anomaly_seed86_matrix_02,86,matrix,target_episode,False,period_violation,period,4305158169,,0,1,103,9005,133999,"{""min"": 70001.87159533074, ""max"": 130003.47581989993}",us,check_quality_intervals,,47.25652160033036,,,
anomaly_seed86_matrix_02,86,matrix,target_episode,False,period_violation,period,4305403164,,0,1,103,9032,131997,"{""min"": 70001.87159533074, ""max"": 130003.47581989993}",us,check_quality_intervals,,47.50151027349789,,,
anomaly_seed86_matrix_02,86,matrix,target_episode,False,statistical_deviation,three_sigma,4305403164,,0,1,103,9032,131997,"{""mean"": 100002.67370761534, ""std"": 6280.035569353389, ""sigma"": 3.0}",us,check_quality_intervals,,47.50151027349789,,,
anomaly_seed86_matrix_02,86,matrix,other_id_during_episode,False,statistical_deviation,three_sigma,4305678158,,0,1,1876,9060,85997,"{""mean"": 100000.41523068369, ""std"": 4651.128786040787, ""sigma"": 3.0}",us,check_quality_intervals,,47.77649717196066,,,
anomaly_seed86_matrix_02,86,matrix,target_episode,False,statistical_deviation,three_sigma,4306275149,,0,1,103,9124,129553,"{""mean"": 100002.67370761534, ""std"": 6280.035569353389, ""sigma"": 3.0}",us,check_quality_intervals,,48.37347275506657,,,
anomaly_seed86_matrix_02,86,matrix,target_episode,False,period_violation,period,4306660141,,0,1,103,9166,133997,"{""min"": 70001.87159533074, ""max"": 130003.47581989993}",us,check_quality_intervals,,48.75845481290517,,,
anomaly_seed86_matrix_02,86,matrix,target_episode,False,statistical_deviation,three_sigma,4306899136,,0,1,103,9194,121417,"{""mean"": 100002.67370761534, ""std"": 6280.035569353389, ""sigma"": 3.0}",us,check_quality_intervals,,48.997443641018386,,,
anomaly_seed86_matrix_02,86,matrix,target_episode,False,period_violation,period,4307155571,,0,1,103,9221,133436,"{""min"": 70001.87159533074, ""max"": 130003.47581989993}",us,check_quality_intervals,,49.25387201875577,,,
anomaly_seed86_matrix_02,86,matrix,target_episode,False,period_violation,period,4307532127,,0,1,103,9263,132000,"{""min"": 70001.87159533074, ""max"": 130003.47581989993}",us,check_quality_intervals,,49.63041829444836,,,
anomaly_seed86_matrix_02,86,matrix,target_episode,False,statistical_deviation,three_sigma,4307532127,,0,1,103,9263,132000,"{""mean"": 100002.67370761534, ""std"": 6280.035569353389, ""sigma"": 3.0}",us,check_quality_intervals,,49.63041829444836,,,
anomaly_seed86_matrix_02,86,matrix,target_episode,False,period_violation,period,4308161557,,0,1,103,9329,135020,"{""min"": 70001.87159533074, ""max"": 130003.47581989993}",us,check_quality_intervals,,50.259832039838344,,,
anomaly_seed86_matrix_02,86,matrix,target_episode,False,statistical_deviation,three_sigma,4308403689,,0,1,103,9356,128576,"{""mean"": 100002.67370761534, ""std"": 6280.035569353389, ""sigma"": 3.0}",us,check_quality_intervals,,50.50195778694033,,,
anomaly_seed86_matrix_02,86,matrix,target_episode,False,period_violation,period,4308660105,,0,1,103,9382,133997,"{""min"": 70001.87159533074, ""max"": 130003.47581989993}",us,check_quality_intervals,,50.75836716516831,,,
anomaly_seed86_matrix_02,86,matrix,target_episode,False,period_violation,period,4308921551,,0,1,103,9415,143028,"{""min"": 70001.87159533074, ""max"": 130003.47581989993}",us,check_quality_intervals,,51.01980641350015,,,
anomaly_seed86_matrix_02,86,matrix,target_episode,False,statistical_deviation,three_sigma,4308921551,,0,1,103,9415,143028,"{""mean"": 100002.67370761534, ""std"": 6280.035569353389, ""sigma"": 3.0}",us,check_quality_intervals,,51.01980641350015,,,
anomaly_seed86_matrix_02,86,matrix,target_episode,False,statistical_deviation,three_sigma,4312904500,,0,1,103,9851,79468,"{""mean"": 100002.67370761534, ""std"": 6280.035569353389, ""sigma"": 3.0}",us,check_quality_intervals,,55.002652556497786,,,
anomaly_seed86_matrix_02,86,matrix,target_episode,False,period_violation,period,4313109464,,0,1,103,9871,204964,"{""min"": 70001.87159533074, ""max"": 130003.47581989993}",us,check_quality_intervals,,55.20761126343965,,,
anomaly_seed86_matrix_02,86,matrix,target_episode,False,statistical_deviation,three_sigma,4322904321,,0,1,103,10916,79466,"{""mean"": 100002.67370761534, ""std"": 6280.035569353389, ""sigma"": 3.0}",us,check_quality_intervals,,65.00221531778982,,,
anomaly_seed86_matrix_02,86,matrix,target_episode,False,missing_frame,timeout,4323214845,,0,1,103,,310524,300008.021122846,us,check_quality_intervals,4322904321,65.31273129871505,,,
anomaly_seed86_matrix_02,86,matrix,target_episode,False,period_violation,period,4323305294,,0,1,103,10955,400973,"{""min"": 70001.87159533074, ""max"": 130003.47581989993}",us,check_quality_intervals,,65.4031779629293,,,
anomaly_seed86_matrix_02,86,matrix,target_episode,False,missing_frame,timeout,4323616839,,0,1,103,,311545,300008.021122846,us,check_quality_intervals,4323305294,65.71471491748792,,,
anomaly_seed86_matrix_02,86,matrix,target_episode,False,missing_frame,timeout,4324009281,,0,1,103,,310004,300008.021122846,us,check_quality_intervals,4323699277,66.1071467829344,,,
anomaly_seed86_matrix_02,86,matrix,target_episode,False,missing_frame,timeout,4324454231,,0,1,103,,346399,300008.021122846,us,check_quality_intervals,4324107832,66.55208529239745,,,
anomaly_seed86_matrix_02,86,matrix,target_episode,False,frequency_decrease,frequency,4324493829,,0,1,103,,2,"{""min"": 4.999866318193494, ""max"": 14.999598954580481}",frames/window,check_quality_intervals,,66.5916822698058,4323493829,4324493829,
anomaly_seed86_matrix_02,86,matrix,target_episode,False,missing_frame,timeout,4324814819,,0,1,103,,315995,300008.021122846,us,check_quality_intervals,4324498824,66.91266398045329,,,
anomaly_seed86_matrix_02,86,matrix,target_episode,False,missing_frame,timeout,4325205725,,0,1,103,,307909,300008.021122846,us,check_quality_intervals,4324897816,67.30355988556617,,,
anomaly_seed86_matrix_02,86,matrix,target_episode,False,missing_frame,timeout,4325614221,,0,1,103,,306413,300008.021122846,us,check_quality_intervals,4325307808,67.71204533642941,,,
anomaly_seed86_matrix_02,86,matrix,target_episode,False,missing_frame,timeout,4326010797,,0,1,103,,312995,300008.021122846,us,check_quality_intervals,4325697802,68.1086110951188,,,
anomaly_seed86_matrix_02,86,matrix,target_episode,False,missing_frame,timeout,4326454200,,0,1,103,,343985,300008.021122846,us,check_quality_intervals,4326110215,68.55200264453225,,,
anomaly_seed86_matrix_02,86,matrix,target_episode,False,missing_frame,timeout,4326817362,,0,1,103,,310574,300008.021122846,us,check_quality_intervals,4326506788,68.91515526611545,,,
anomaly_seed86_matrix_02,86,matrix,target_episode,False,missing_frame,timeout,4327204193,,0,1,103,,303943,300008.021122846,us,check_quality_intervals,4326900250,69.30197627646265,,,
anomaly_seed86_matrix_02,86,matrix,target_episode,False,missing_frame,timeout,4327614187,,0,1,103,,304415,300008.021122846,us,check_quality_intervals,4327309772,69.71195968864158,,,
anomaly_seed86_matrix_02,86,matrix,target_episode,False,missing_frame,timeout,4328009760,,0,1,103,,311993,300008.021122846,us,check_quality_intervals,4327697767,70.10752247323246,,,
anomaly_seed86_matrix_02,86,matrix,target_episode,False,missing_frame,timeout,4328455742,,0,1,103,,347391,300008.021122846,us,check_quality_intervals,4328108351,70.55349295604492,,,
anomaly_seed86_matrix_02,86,matrix,target_episode,False,missing_frame,timeout,4328816164,,0,1,103,,316971,300008.021122846,us,check_quality_intervals,4328499193,70.91390564838689,,,
anomaly_seed86_matrix_02,86,matrix,background_candidate,False,statistical_deviation,three_sigma,4330293161,,0,1,1876,11683,113999,"{""mean"": 100000.41523068369, ""std"": 4651.128786040787, ""sigma"": 3.0}",us,check_quality_intervals,,72.39086450592416,,,
anomaly_seed86_matrix_02,86,matrix,target_episode,False,missing_frame,timeout,4333144250,,0,1,103,,317576,300008.021122846,us,check_quality_intervals,4332826674,75.24187987845283,,,
anomaly_seed86_matrix_02,86,matrix,target_episode,False,frequency_decrease,frequency,4333493829,,0,1,103,,4,"{""min"": 4.999866318193494, ""max"": 14.999598954580481}",frames/window,check_quality_intervals,,75.59144985080802,4332493829,4333493829,
anomaly_seed86_matrix_02,86,matrix,target_episode,False,period_violation,period,4333920655,,0,1,103,12078,1093981,"{""min"": 70001.87159533074, ""max"": 130003.47581989993}",us,check_quality_intervals,,76.01826482831112,,,
anomaly_seed86_matrix_02,86,matrix,target_episode,False,statistical_deviation,three_sigma,4333920655,,0,1,103,12078,1093981,"{""mean"": 100002.67370761534, ""std"": 6280.035569353389, ""sigma"": 3.0}",us,check_quality_intervals,,76.01826482831112,,,
anomaly_seed86_matrix_02,86,matrix,target_episode,False,missing_frame,timeout,4338153569,,0,1,103,,326982,300008.021122846,us,check_quality_intervals,4337826587,80.25106951613023,,,
anomaly_seed86_matrix_02,86,matrix,target_episode,False,frequency_decrease,frequency,4338493829,,0,1,103,,4,"{""min"": 4.999866318193494, ""max"": 14.999598954580481}",frames/window,check_quality_intervals,,80.5913207291426,4337493829,4338493829,
anomaly_seed86_matrix_02,86,matrix,target_episode,False,period_violation,period,4342917495,,0,1,103,13021,5090908,"{""min"": 70001.87159533074, ""max"": 130003.47581989993}",us,check_quality_intervals,,85.01487249091802,,,
anomaly_seed86_matrix_02,86,matrix,target_episode,False,statistical_deviation,three_sigma,4342917495,,0,1,103,13021,5090908,"{""mean"": 100002.67370761534, ""std"": 6280.035569353389, ""sigma"": 3.0}",us,check_quality_intervals,,85.01487249091802,,,
anomaly_seed86_matrix_02,86,matrix,target_episode,False,period_violation,period,4347905407,,0,1,257,13566,32553,"{""min"": 69996.82062256812, ""max"": 129994.09544191223}",us,check_quality_intervals,,90.00265568141764,,,
anomaly_seed86_matrix_02,86,matrix,target_episode,False,statistical_deviation,three_sigma,4347905407,,0,1,257,13566,32553,"{""mean"": 99995.45803224017, ""std"": 6459.73935805271, ""sigma"": 3.0}",us,check_quality_intervals,,90.00265568141764,,,
anomaly_seed86_matrix_02,86,matrix,target_episode,False,period_violation,period,4352906759,,0,1,257,14121,32001,"{""min"": 69996.82062256812, ""max"": 129994.09544191223}",us,check_quality_intervals,,95.00387852483793,,,
anomaly_seed86_matrix_02,86,matrix,target_episode,False,statistical_deviation,three_sigma,4352906759,,0,1,257,14121,32001,"{""mean"": 99995.45803224017, ""std"": 6459.73935805271, ""sigma"": 3.0}",us,check_quality_intervals,,95.00387852483793,,,
anomaly_seed86_matrix_02,86,matrix,target_episode,False,burst,burst,4352941318,,0,1,257,14130,4,"{""min_frames"": 4, ""max_interval_us"": 24998.864508060044}",frames,check_quality_intervals,,95.03843663237453,,,
anomaly_seed86_matrix_02,86,matrix,target_episode,False,frequency_increase,frequency,4353493829,,0,1,257,,30,"{""min"": 5.0002271087031955, ""max"": 15.000681326109586}",frames/window,check_quality_intervals,,95.5909333641463,4352493829,4353493829,
anomaly_seed86_matrix_02,86,matrix,target_episode,False,unknown_id,dbc,4360903695,,0,1,2045,15024,2045,ID in DBC or baseline,,check_quality_intervals,,103.00060800929855,,,
anomaly_seed86_matrix_02,86,matrix,target_episode,False,unknown_id,dbc,4365900012,,0,1,2045,15579,2045,ID in DBC or baseline,,check_quality_intervals,,107.99679598274422,,,
anomaly_seed86_matrix_02,86,matrix,target_episode,False,dlc_mismatch,dbc,4373905244,,0,1,6,16469,1,2,bytes,check_quality_intervals,,116.00182125296614,,,
anomaly_seed86_matrix_02,86,matrix,target_episode,False,signal_out_of_range,dbc,4389906554,,0,1,6,18236,101.0,"{""min"": -100, ""max"": 100}",%,check_quality_intervals,,132.00271802980743,,,AccuFunSpeedIncrease
anomaly_seed86_matrix_02,86,matrix,target_episode,False,signal_out_of_range,dbc,4397895991,,0,1,6,19122,-101.0,"{""min"": -100, ""max"": 100}",%,check_quality_intervals,,139.99194870792536,,,AccuFunSpeedIncrease
anomaly_seed86_matrix_02,86,matrix,target_episode,False,signal_out_of_range,dbc,4405899268,,0,1,6,20008,110.0,"{""min"": -100, ""max"": 100}",%,check_quality_intervals,,147.99501902863412,,,AccuFunSpeedIncrease
anomaly_seed86_matrix_02,86,matrix,outside_run,False,missing_frame,timeout,4418137829,,0,1,103,,312227,300008.021122846,us,check_quality_intervals,4417825602,160.23326397595847,,,
anomaly_seed86_matrix_02,86,matrix,outside_run,False,missing_frame,timeout,4418137829,,0,1,1825,,335333,300006.3535297381,us,check_quality_intervals,4417802496,160.23326397595847,,,
anomaly_seed86_matrix_02,86,matrix,outside_run,False,missing_frame,timeout,4418137829,,0,1,1877,,333670,299995.3790994995,us,check_quality_intervals,4417804159,160.23326397595847,,,
anomaly_seed86_matrix_02,86,matrix,outside_run,False,missing_frame,timeout,4418237829,,0,1,257,,364668,299986.37409672054,us,check_quality_intervals,4417873161,160.33326139352462,,,
anomaly_seed86_matrix_02,86,matrix,outside_run,False,missing_frame,timeout,4418237829,,0,1,457,,387256,299997.2784880487,us,check_quality_intervals,4417850573,160.33326139352462,,,
anomaly_seed86_matrix_02,86,matrix,outside_run,False,missing_frame,timeout,4418237829,,0,1,1024,,345675,299990.6181211786,us,check_quality_intervals,4417892154,160.33326139352462,,,
anomaly_seed86_matrix_02,86,matrix,outside_run,False,missing_frame,timeout,4418237829,,0,1,1876,,351075,300001.2456920511,us,check_quality_intervals,4417886754,160.33326139352462,,,
anomaly_seed86_matrix_02,86,matrix,outside_run,False,missing_frame,timeout,4418337829,,0,1,1039,,629668,599991.2436040046,us,check_quality_intervals,4417708161,160.43325881109166,,,
anomaly_seed86_matrix_02,86,matrix,outside_run,False,frequency_decrease,frequency,4418493829,,0,1,103,,4,"{""min"": 4.999866318193494, ""max"": 14.999598954580481}",frames/window,check_quality_intervals,,160.58925478249566,4417493829,4418493829,
anomaly_seed86_matrix_02,86,matrix,outside_run,False,frequency_decrease,frequency,4418493829,,0,1,257,,4,"{""min"": 5.0002271087031955, ""max"": 15.000681326109586}",frames/window,check_quality_intervals,,160.58925478249566,4417493829,4418493829,
anomaly_seed86_matrix_02,86,matrix,outside_run,False,frequency_decrease,frequency,4418493829,,0,1,457,,4,"{""min"": 5.000045358944004, ""max"": 15.000136076832014}",frames/window,check_quality_intervals,,160.58925478249566,4417493829,4418493829,
anomaly_seed86_matrix_02,86,matrix,outside_run,False,frequency_decrease,frequency,4418493829,,0,1,1024,,4,"{""min"": 5.000156369537158, ""max"": 15.000469108611473}",frames/window,check_quality_intervals,,160.58925478249566,4417493829,4418493829,
anomaly_seed86_matrix_02,86,matrix,outside_run,False,frequency_decrease,frequency,4418493829,,0,1,1039,,2,"{""min"": 2.5000364855157833, ""max"": 7.500109456547349}",frames/window,check_quality_intervals,,160.58925478249566,4417493829,4418493829,
anomaly_seed86_matrix_02,86,matrix,outside_run,False,frequency_decrease,frequency,4418493829,,0,1,1825,,3,"{""min"": 4.999894110080281, ""max"": 14.999682330240844}",frames/window,check_quality_intervals,,160.58925478249566,4417493829,4418493829,
anomaly_seed86_matrix_02,86,matrix,outside_run,False,frequency_decrease,frequency,4418493829,,0,1,1876,,4,"{""min"": 4.999979238552023, ""max"": 14.99993771565607}",frames/window,check_quality_intervals,,160.58925478249566,4417493829,4418493829,
anomaly_seed86_matrix_02,86,matrix,outside_run,False,frequency_decrease,frequency,4418493829,,0,1,1877,,4,"{""min"": 5.000077016194622, ""max"": 15.000231048583865}",frames/window,check_quality_intervals,,160.58925478249566,4417493829,4418493829,
anomaly_seed86_matrix_02,86,matrix,outside_run,False,frequency_decrease,frequency,4419493829,,0,1,2026,,0,"{""min"": 6.242847807724772e-05, ""max"": 2.0000624284780772}",frames/window,check_quality_intervals,,161.58922895816258,4418493829,4419493829,
anomaly_seed86_matrix_02,86,matrix,outside_run,False,missing_frame,timeout,4420337829,,0,1,1327,,3019249,3000030.5698324037,us,check_quality_intervals,4417318580,162.4332071624255,,,
anomaly_seed86_matrix_02,86,matrix,outside_run,False,missing_frame,timeout,4420337829,,0,1,1881,,3020116,3000030.3016759777,us,check_quality_intervals,4417317713,162.4332071624255,,,
anomaly_seed86_matrix_03,86,matrix,outside_run,False,missing_frame,timeout,4424637829,,0,1,257,,300000,299986.37409672054,us,check_quality_intervals,,-5.650805598273151,,,
anomaly_seed86_matrix_03,86,matrix,outside_run,False,missing_frame,timeout,4424637829,,0,1,457,,300000,299997.2784880487,us,check_quality_intervals,,-5.650805598273151,,,
anomaly_seed86_matrix_03,86,matrix,outside_run,False,missing_frame,timeout,4424637829,,0,1,1024,,300000,299990.6181211786,us,check_quality_intervals,,-5.650805598273151,,,
anomaly_seed86_matrix_03,86,matrix,outside_run,False,missing_frame,timeout,4424637829,,0,1,1877,,300000,299995.3790994995,us,check_quality_intervals,,-5.650805598273151,,,
anomaly_seed86_matrix_03,86,matrix,outside_run,False,missing_frame,timeout,4424737829,,0,1,103,,400000,300008.021122846,us,check_quality_intervals,,-5.55080344635239,,,
anomaly_seed86_matrix_03,86,matrix,outside_run,False,missing_frame,timeout,4424737829,,0,1,1825,,400000,300006.3535297381,us,check_quality_intervals,,-5.55080344635239,,,
anomaly_seed86_matrix_03,86,matrix,outside_run,False,missing_frame,timeout,4424737829,,0,1,1876,,400000,300001.2456920511,us,check_quality_intervals,,-5.55080344635239,,,
anomaly_seed86_matrix_03,86,matrix,outside_run,False,missing_frame,timeout,4424937829,,0,1,1039,,600000,599991.2436040046,us,check_quality_intervals,,-5.350799142509049,,,
anomaly_seed86_matrix_03,86,matrix,outside_run,False,frequency_decrease,frequency,4425337829,,0,1,103,,0,"{""min"": 4.999866318193494, ""max"": 14.999598954580481}",frames/window,check_quality_intervals,,-4.950790534824186,4424337829,4425337829,
anomaly_seed86_matrix_03,86,matrix,outside_run,False,frequency_decrease,frequency,4425337829,,0,1,257,,0,"{""min"": 5.0002271087031955, ""max"": 15.000681326109586}",frames/window,check_quality_intervals,,-4.950790534824186,4424337829,4425337829,
anomaly_seed86_matrix_03,86,matrix,outside_run,False,frequency_decrease,frequency,4425337829,,0,1,457,,0,"{""min"": 5.000045358944004, ""max"": 15.000136076832014}",frames/window,check_quality_intervals,,-4.950790534824186,4424337829,4425337829,
anomaly_seed86_matrix_03,86,matrix,outside_run,False,frequency_decrease,frequency,4425337829,,0,1,1024,,0,"{""min"": 5.000156369537158, ""max"": 15.000469108611473}",frames/window,check_quality_intervals,,-4.950790534824186,4424337829,4425337829,
anomaly_seed86_matrix_03,86,matrix,outside_run,False,frequency_decrease,frequency,4425337829,,0,1,1039,,0,"{""min"": 2.5000364855157833, ""max"": 7.500109456547349}",frames/window,check_quality_intervals,,-4.950790534824186,4424337829,4425337829,
anomaly_seed86_matrix_03,86,matrix,outside_run,False,frequency_decrease,frequency,4425337829,,0,1,1825,,0,"{""min"": 4.999894110080281, ""max"": 14.999682330240844}",frames/window,check_quality_intervals,,-4.950790534824186,4424337829,4425337829,
anomaly_seed86_matrix_03,86,matrix,outside_run,False,frequency_decrease,frequency,4425337829,,0,1,1876,,0,"{""min"": 4.999979238552023, ""max"": 14.99993771565607}",frames/window,check_quality_intervals,,-4.950790534824186,4424337829,4425337829,
anomaly_seed86_matrix_03,86,matrix,outside_run,False,frequency_decrease,frequency,4425337829,,0,1,1877,,0,"{""min"": 5.000077016194622, ""max"": 15.000231048583865}",frames/window,check_quality_intervals,,-4.950790534824186,4424337829,4425337829,
anomaly_seed86_matrix_03,86,matrix,outside_run,False,frequency_decrease,frequency,4425337829,,0,1,2026,,0,"{""min"": 6.242847807724772e-05, ""max"": 2.0000624284780772}",frames/window,check_quality_intervals,,-4.950790534824186,4424337829,4425337829,
anomaly_seed86_matrix_03,86,matrix,outside_run,False,missing_frame,timeout,4427337829,,0,1,2026,,3000000,2999812.726256983,us,check_quality_intervals,,-2.950747496398053,,,
anomaly_seed86_matrix_03,86,matrix,outside_run,False,missing_frame,timeout,4427437829,,0,1,10,,3100000,3000071.0949720675,us,check_quality_intervals,,-2.8507453444763824,,,
anomaly_seed86_matrix_03,86,matrix,outside_run,False,missing_frame,timeout,4427437829,,0,1,1327,,3100000,3000030.5698324037,us,check_quality_intervals,,-2.8507453444763824,,,
anomaly_seed86_matrix_03,86,matrix,outside_run,False,missing_frame,timeout,4427437829,,0,1,1881,,3100000,3000030.3016759777,us,check_quality_intervals,,-2.8507453444763824,,,
anomaly_seed86_matrix_03,86,matrix,target_episode,False,statistical_deviation,three_sigma,4445290266,,0,1,103,23365,79154,"{""mean"": 100002.67370761534, ""std"": 6280.035569353389, ""sigma"": 3.0}",us,check_quality_intervals,,15.002075825918732,,,
anomaly_seed86_matrix_03,86,matrix,target_episode,False,statistical_deviation,three_sigma,4445529669,,0,1,103,23392,75000,"{""mean"": 100002.67370761534, ""std"": 6280.035569353389, ""sigma"": 3.0}",us,check_quality_intervals,,15.241483977682481,,,
anomaly_seed86_matrix_03,86,matrix,target_episode,False,statistical_deviation,three_sigma,4445771663,,0,1,103,23418,75578,"{""mean"": 100002.67370761534, ""std"": 6280.035569353389, ""sigma"": 3.0}",us,check_quality_intervals,,15.483483185203815,,,
anomaly_seed86_matrix_03,86,matrix,target_episode,False,statistical_deviation,three_sigma,4445931662,,0,1,103,23439,74550,"{""mean"": 100002.67370761534, ""std"": 6280.035569353389, ""sigma"": 3.0}",us,check_quality_intervals,,15.643485628255902,,,
anomaly_seed86_matrix_03,86,matrix,target_episode,False,statistical_deviation,three_sigma,4446097658,,0,1,103,23455,78998,"{""mean"": 100002.67370761534, ""std"": 6280.035569353389, ""sigma"": 3.0}",us,check_quality_intervals,,15.809485200358917,,,
anomaly_seed86_matrix_03,86,matrix,target_episode,False,statistical_deviation,three_sigma,4446575650,,0,1,103,23508,77998,"{""mean"": 100002.67370761534, ""std"": 6280.035569353389, ""sigma"": 3.0}",us,check_quality_intervals,,16.287487486370694,,,
anomaly_seed86_matrix_03,86,matrix,target_episode,False,period_violation,period,4446645647,,0,1,103,23517,69997,"{""min"": 70001.87159533074, ""max"": 130003.47581989993}",us,check_quality_intervals,,16.357485992651565,,,
anomaly_seed86_matrix_03,86,matrix,target_episode,False,period_violation,period,4446888644,,0,1,103,23548,69559,"{""min"": 70001.87159533074, ""max"": 130003.47581989993}",us,check_quality_intervals,,16.60048822175516,,,
anomaly_seed86_matrix_03,86,matrix,target_episode,False,statistical_deviation,three_sigma,4446888644,,0,1,103,23548,69559,"{""mean"": 100002.67370761534, ""std"": 6280.035569353389, ""sigma"": 3.0}",us,check_quality_intervals,,16.60048822175516,,,
anomaly_seed86_matrix_03,86,matrix,target_episode,False,statistical_deviation,three_sigma,4447128642,,0,1,103,23575,70583,"{""mean"": 100002.67370761534, ""std"": 6280.035569353389, ""sigma"": 3.0}",us,check_quality_intervals,,16.840491386323272,,,
anomaly_seed86_matrix_03,86,matrix,target_episode,False,statistical_deviation,three_sigma,4447291217,,0,1,103,23593,77581,"{""mean"": 100002.67370761534, ""std"": 6280.035569353389, ""sigma"": 3.0}",us,check_quality_intervals,,17.003069884809623,,,
anomaly_seed86_matrix_03,86,matrix,target_episode,False,statistical_deviation,three_sigma,4447529632,,0,1,103,23620,74553,"{""mean"": 100002.67370761534, ""std"": 6280.035569353389, ""sigma"": 3.0}",us,check_quality_intervals,,17.24149001531261,,,
anomaly_seed86_matrix_03,86,matrix,target_episode,False,statistical_deviation,three_sigma,4447773627,,0,1,103,23646,76557,"{""mean"": 100002.67370761534, ""std"": 6280.035569353389, ""sigma"": 3.0}",us,check_quality_intervals,,17.485490265892818,,,
anomaly_seed86_matrix_03,86,matrix,target_episode,False,statistical_deviation,three_sigma,4447932625,,0,1,103,23666,72999,"{""mean"": 100002.67370761534, ""std"": 6280.035569353389, ""sigma"": 3.0}",us,check_quality_intervals,,17.64449168740545,,,
anomaly_seed86_matrix_03,86,matrix,target_episode,False,statistical_deviation,three_sigma,4448098042,,0,1,103,23682,78001,"{""mean"": 100002.67370761534, ""std"": 6280.035569353389, ""sigma"": 3.0}",us,check_quality_intervals,,17.809912247048366,,,
anomaly_seed86_matrix_03,86,matrix,target_episode,False,statistical_deviation,three_sigma,4448575060,,0,1,103,23735,77444,"{""mean"": 100002.67370761534, ""std"": 6280.035569353389, ""sigma"": 3.0}",us,check_quality_intervals,,18.286940512100845,,,
anomaly_seed86_matrix_03,86,matrix,target_episode,False,period_violation,period,4448729610,,0,1,103,23756,68981,"{""min"": 70001.87159533074, ""max"": 130003.47581989993}",us,check_quality_intervals,,18.441493837895425,,,
anomaly_seed86_matrix_03,86,matrix,target_episode,False,statistical_deviation,three_sigma,4448729610,,0,1,103,23756,68981,"{""mean"": 100002.67370761534, ""std"": 6280.035569353389, ""sigma"": 3.0}",us,check_quality_intervals,,18.441493837895425,,,
anomaly_seed86_matrix_03,86,matrix,target_episode,False,statistical_deviation,three_sigma,4448897607,,0,1,103,23773,80997,"{""mean"": 100002.67370761534, ""std"": 6280.035569353389, ""sigma"": 3.0}",us,check_quality_intervals,,18.609494453058222,,,
anomaly_seed86_matrix_03,86,matrix,target_episode,False,period_violation,period,4449131045,,0,1,103,23800,70000,"{""min"": 70001.87159533074, ""max"": 130003.47581989993}",us,check_quality_intervals,,18.842937476460484,,,
anomaly_seed86_matrix_03,86,matrix,target_episode,False,statistical_deviation,three_sigma,4449131045,,0,1,103,23800,70000,"{""mean"": 100002.67370761534, ""std"": 6280.035569353389, ""sigma"": 3.0}",us,check_quality_intervals,,18.842937476460484,,,
anomaly_seed86_matrix_03,86,matrix,target_episode,False,statistical_deviation,three_sigma,4449292192,,0,1,103,23818,79589,"{""mean"": 100002.67370761534, ""std"": 6280.035569353389, ""sigma"": 3.0}",us,check_quality_intervals,,19.004087944216916,,,
anomaly_seed86_matrix_03,86,matrix,target_episode,False,statistical_deviation,three_sigma,4449529596,,0,1,103,23845,73998,"{""mean"": 100002.67370761534, ""std"": 6280.035569353389, ""sigma"": 3.0}",us,check_quality_intervals,,19.241497052964597,,,
anomaly_seed86_matrix_03,86,matrix,target_episode,False,statistical_deviation,three_sigma,4449773592,,0,1,103,23871,76998,"{""mean"": 100002.67370761534, ""std"": 6280.035569353389, ""sigma"": 3.0}",us,check_quality_intervals,,19.485498303565752,,,
anomaly_seed86_matrix_03,86,matrix,target_episode,False,statistical_deviation,three_sigma,4449931591,,0,1,103,23891,74001,"{""mean"": 100002.67370761534, ""std"": 6280.035569353389, ""sigma"": 3.0}",us,check_quality_intervals,,19.643500703579914,,,
anomaly_seed86_matrix_03,86,matrix,other_id_during_episode,False,statistical_deviation,three_sigma,4450067587,,0,1,1876,23904,84999,"{""mean"": 100000.41523068369, ""std"": 4651.128786040787, ""sigma"": 3.0}",us,check_quality_intervals,,19.77949963010679,,,
anomaly_seed86_matrix_03,86,matrix,target_episode,False,statistical_deviation,three_sigma,4450092585,,0,1,103,23907,79557,"{""mean"": 100002.67370761534, ""std"": 6280.035569353389, ""sigma"": 3.0}",us,check_quality_intervals,,19.80449816804486,,,
anomaly_seed86_matrix_03,86,matrix,target_episode,False,statistical_deviation,three_sigma,4450327582,,0,1,103,23936,78998,"{""mean"": 100002.67370761534, ""std"": 6280.035569353389, ""sigma"": 3.0}",us,check_quality_intervals,,20.03950022499494,,,
anomaly_seed86_matrix_03,86,matrix,target_episode,False,statistical_deviation,three_sigma,4450574172,,0,1,103,23960,73593,"{""mean"": 100002.67370761534, ""std"": 6280.035569353389, ""sigma"": 3.0}",us,check_quality_intervals,,20.28609553141743,,,
anomaly_seed86_matrix_03,86,matrix,target_episode,False,period_violation,period,4450729576,,0,1,103,23981,69552,"{""min"": 70001.87159533074, ""max"": 130003.47581989993}",us,check_quality_intervals,,20.441502875589308,,,
anomaly_seed86_matrix_03,86,matrix,target_episode,False,statistical_deviation,three_sigma,4450729576,,0,1,103,23981,69552,"{""mean"": 100002.67370761534, ""std"": 6280.035569353389, ""sigma"": 3.0}",us,check_quality_intervals,,20.441502875589308,,,
anomaly_seed86_matrix_03,86,matrix,target_episode,False,statistical_deviation,three_sigma,4450897991,,0,1,103,23998,80977,"{""mean"": 100002.67370761534, ""std"": 6280.035569353389, ""sigma"": 3.0}",us,check_quality_intervals,,20.60992149974767,,,
anomaly_seed86_matrix_03,86,matrix,target_episode,False,period_violation,period,4451047988,,0,1,103,24015,67998,"{""min"": 70001.87159533074, ""max"": 130003.47581989993}",us,check_quality_intervals,,20.759921727565512,,,
anomaly_seed86_matrix_03,86,matrix,target_episode,False,statistical_deviation,three_sigma,4451047988,,0,1,103,24015,67998,"{""mean"": 100002.67370761534, ""std"": 6280.035569353389, ""sigma"": 3.0}",us,check_quality_intervals,,20.759921727565512,,,
anomaly_seed86_matrix_03,86,matrix,target_episode,False,statistical_deviation,three_sigma,4451212567,,0,1,103,24037,77999,"{""mean"": 100002.67370761534, ""std"": 6280.035569353389, ""sigma"": 3.0}",us,check_quality_intervals,,20.9245042691754,,,
anomaly_seed86_matrix_03,86,matrix,target_episode,False,statistical_deviation,three_sigma,4455290934,,0,1,103,24484,79436,"{""mean"": 100002.67370761534, ""std"": 6280.035569353389, ""sigma"": 3.0}",us,check_quality_intervals,,25.00295903242391,,,
anomaly_seed86_matrix_03,86,matrix,target_episode,False,period_violation,period,4455342937,,0,1,103,24491,52003,"{""min"": 70001.87159533074, ""max"": 130003.47581989993}",us,check_quality_intervals,,25.05496315148824,,,
anomaly_seed86_matrix_03,86,matrix,target_episode,False,frequency_increase,frequency,4456337829,,0,1,103,,21,"{""min"": 4.999866318193494, ""max"": 14.999598954580481}",frames/window,check_quality_intervals,,26.049876560780877,4455337829,4456337829,
anomaly_seed86_matrix_03,86,matrix,other_id_during_episode,False,statistical_deviation,three_sigma,4460681929,,0,1,1876,25130,114108,"{""mean"": 100000.41523068369, ""std"": 4651.128786040787, ""sigma"": 3.0}",us,check_quality_intervals,,30.394070042394613,,,
anomaly_seed86_matrix_03,86,matrix,target_episode,False,statistical_deviation,three_sigma,4465290755,,0,1,103,25648,78438,"{""mean"": 100002.67370761534, ""std"": 6280.035569353389, ""sigma"": 3.0}",us,check_quality_intervals,,35.00299522070298,,,
anomaly_seed86_matrix_03,86,matrix,target_episode,False,period_violation,period,4465316755,,0,1,103,25654,26000,"{""min"": 70001.87159533074, ""max"": 130003.47581989993}",us,check_quality_intervals,,35.02899578020236,,,
anomaly_seed86_matrix_03,86,matrix,target_episode,False,burst,burst,4465512752,,0,1,103,25681,4,"{""min_frames"": 4, ""max_interval_us"": 25000.668426903834}",frames,check_quality_intervals,,35.22499699790337,,,
anomaly_seed86_matrix_03,86,matrix,other_id_during_episode,False,statistical_deviation,three_sigma,4465681728,,0,1,1876,25699,113998,"{""mean"": 100000.41523068369, ""std"": 4651.128786040787, ""sigma"": 3.0}",us,check_quality_intervals,,35.39397663413384,,,
anomaly_seed86_matrix_03,86,matrix,target_episode,False,burst,burst,4465988885,,0,1,103,25747,4,"{""min_frames"": 4, ""max_interval_us"": 25000.668426903834}",frames,check_quality_intervals,,35.701140243910956,,,
anomaly_seed86_matrix_03,86,matrix,target_episode,False,frequency_increase,frequency,4466337829,,0,1,103,,41,"{""min"": 4.999866318193494, ""max"": 14.999598954580481}",frames/window,check_quality_intervals,,36.05009175291154,4465337829,4466337829,
anomaly_seed86_matrix_03,86,matrix,target_episode,False,burst,burst,4466663302,,0,1,103,25840,4,"{""min_frames"": 4, ""max_interval_us"": 25000.668426903834}",frames,check_quality_intervals,,36.375571756834255,,,
anomaly_seed86_matrix_03,86,matrix,target_episode,False,burst,burst,4467162283,,0,1,103,25913,4,"{""min_frames"": 4, ""max_interval_us"": 25000.668426903834}",frames,check_quality_intervals,,36.87456349451244,,,
anomaly_seed86_matrix_03,86,matrix,target_episode,False,burst,burst,4468412260,,0,1,103,26084,4,"{""min_frames"": 4, ""max_interval_us"": 25000.668426903834}",frames,check_quality_intervals,,38.124567393034226,,,
anomaly_seed86_matrix_03,86,matrix,target_episode,False,burst,burst,4468641676,,0,1,103,26113,4,"{""min_frames"": 4, ""max_interval_us"": 25000.668426903834}",frames,check_quality_intervals,,38.35398832988614,,,
anomaly_seed86_matrix_03,86,matrix,target_episode,False,burst,burst,4469162248,,0,1,103,26187,4,"{""min_frames"": 4, ""max_interval_us"": 25000.668426903834}",frames,check_quality_intervals,,38.87457153218537,,,
anomaly_seed86_matrix_03,86,matrix,target_episode,False,burst,burst,4470412664,,0,1,103,26364,4,"{""min_frames"": 4, ""max_interval_us"": 25000.668426903834}",frames,check_quality_intervals,,40.125014440154466,,,
anomaly_seed86_matrix_03,86,matrix,target_episode,False,burst,burst,4470989214,,0,1,103,26446,4,"{""min_frames"": 4, ""max_interval_us"": 25000.668426903834}",frames,check_quality_intervals,,40.70157684705653,,,
anomaly_seed86_matrix_03,86,matrix,target_episode,False,burst,burst,4471162213,,0,1,103,26467,4,"{""min_frames"": 4, ""max_interval_us"": 25000.668426903834}",frames,check_quality_intervals,,40.874579569858305,,,
anomaly_seed86_matrix_03,86,matrix,target_episode,False,statistical_deviation,three_sigma,4475290578,,0,1,103,26929,78438,"{""mean"": 100002.67370761534, ""std"": 6280.035569353389, ""sigma"": 3.0}",us,check_quality_intervals,,45.003033409024845,,,
anomaly_seed86_matrix_03,86,matrix,target_episode,False,period_violation,period,4475676131,,0,1,103,26964,135997,"{""min"": 70001.87159533074, ""max"": 130003.47581989993}",us,check_quality_intervals,,45.38859470582207,,,
anomaly_seed86_matrix_03,86,matrix,target_episode,False,statistical_deviation,three_sigma,4475919721,,0,1,103,26997,129011,"{""mean"": 100002.67370761534, ""std"": 6280.035569353389, ""sigma"": 3.0}",us,check_quality_intervals,,45.63218994768722,,,
anomaly_seed86_matrix_03,86,matrix,target_episode,False,period_violation,period,4476174124,,0,1,103,27021,131999,"{""min"": 70001.87159533074, ""max"": 130003.47581989993}",us,check_quality_intervals,,45.886598422239494,,,
anomaly_seed86_matrix_03,86,matrix,target_episode,False,statistical_deviation,three_sigma,4476410556,,0,1,103,27050,119855,"{""mean"": 100002.67370761534, ""std"": 6280.035569353389, ""sigma"": 3.0}",us,check_quality_intervals,,46.123035510069776,,,
anomaly_seed86_matrix_03,86,matrix,target_episode,False,period_violation,period,4477167121,,0,1,103,27131,131013,"{""min"": 70001.87159533074, ""max"": 130003.47581989993}",us,check_quality_intervals,,46.8796167907538,,,
anomaly_seed86_matrix_03,86,matrix,target_episode,False,statistical_deviation,three_sigma,4478287616,,0,1,103,27256,123520,"{""mean"": 100002.67370761534, ""std"": 6280.035569353389, ""sigma"": 3.0}",us,check_quality_intervals,,48.00013590292366,,,
anomaly_seed86_matrix_03,86,matrix,target_episode,False,period_violation,period,4479174069,,0,1,103,27347,134997,"{""min"": 70001.87159533074, ""max"": 130003.47581989993}",us,check_quality_intervals,,48.88660797869471,,,
anomaly_seed86_matrix_03,86,matrix,target_episode,False,statistical_deviation,three_sigma,4479411067,,0,1,103,27376,119999,"{""mean"": 100002.67370761534, ""std"": 6280.035569353389, ""sigma"": 3.0}",us,check_quality_intervals,,49.12361107870548,,,
anomaly_seed86_matrix_03,86,matrix,target_episode,False,period_violation,period,4479549482,,0,1,103,27388,138415,"{""min"": 70001.87159533074, ""max"": 130003.47581989993}",us,check_quality_intervals,,49.262029057287705,,,
anomaly_seed86_matrix_03,86,matrix,target_episode,False,statistical_deviation,three_sigma,4479915056,,0,1,103,27431,128417,"{""mean"": 100002.67370761534, ""std"": 6280.035569353389, ""sigma"": 3.0}",us,check_quality_intervals,,49.62761092415197,,,
anomaly_seed86_matrix_03,86,matrix,target_episode,False,period_violation,period,4480172634,,0,1,103,27455,133999,"{""min"": 70001.87159533074, ""max"": 130003.47581989993}",us,check_quality_intervals,,49.88519446702758,,,
anomaly_seed86_matrix_03,86,matrix,target_episode,False,period_violation,period,4480423046,,0,1,103,27484,134557,"{""min"": 70001.87159533074, ""max"": 130003.47581989993}",us,check_quality_intervals,,50.135611855697086,,,
anomaly_seed86_matrix_03,86,matrix,target_episode,False,statistical_deviation,three_sigma,4480423046,,0,1,103,27484,134557,"{""mean"": 100002.67370761534, ""std"": 6280.035569353389, ""sigma"": 3.0}",us,check_quality_intervals,,50.135611855697086,,,
anomaly_seed86_matrix_03,86,matrix,target_episode,False,statistical_deviation,three_sigma,4480662519,,0,1,103,27507,126475,"{""mean"": 100002.67370761534, ""std"": 6280.035569353389, ""sigma"": 3.0}",us,check_quality_intervals,,50.37509000896814,,,
anomaly_seed86_matrix_03,86,matrix,target_episode,False,period_violation,period,4481308032,,0,1,103,27582,142997,"{""min"": 70001.87159533074, ""max"": 130003.47581989993}",us,check_quality_intervals,,51.02061689989941,,,
anomaly_seed86_matrix_03,86,matrix,target_episode,False,statistical_deviation,three_sigma,4485287492,,0,1,103,28021,78949,"{""mean"": 100002.67370761534, ""std"": 6280.035569353389, ""sigma"": 3.0}",us,check_quality_intervals,,55.00016253474751,,,
anomaly_seed86_matrix_03,86,matrix,target_episode,False,period_violation,period,4485494957,,0,1,103,28041,207465,"{""min"": 70001.87159533074, ""max"": 130003.47581989993}",us,check_quality_intervals,,55.20763199923055,,,
anomaly_seed86_matrix_03,86,matrix,target_episode,False,statistical_deviation,three_sigma,4495290782,,0,1,103,29095,76554,"{""mean"": 100002.67370761534, ""std"": 6280.035569353389, ""sigma"": 3.0}",us,check_quality_intervals,,65.00366779767603,,,
anomaly_seed86_matrix_03,86,matrix,target_episode,False,missing_frame,timeout,4495595112,,0,1,103,,304330,300008.021122846,us,check_quality_intervals,4495290782,65.30800434661809,,,
anomaly_seed86_matrix_03,86,matrix,target_episode,False,period_violation,period,4495693778,,0,1,103,29134,402996,"{""min"": 70001.87159533074, ""max"": 130003.47581989993}",us,check_quality_intervals,,65.40667246983263,,,
anomaly_seed86_matrix_03,86,matrix,target_episode,False,missing_frame,timeout,4496002768,,0,1,103,,308990,300008.021122846,us,check_quality_intervals,4495693778,65.71566911905472,,,
anomaly_seed86_matrix_03,86,matrix,target_episode,False,frequency_decrease,frequency,4496337829,,0,1,103,,2,"{""min"": 4.999866318193494, ""max"": 14.999598954580481}",frames/window,check_quality_intervals,,66.05073732930354,4495337829,4496337829,
anomaly_seed86_matrix_03,86,matrix,target_episode,False,missing_frame,timeout,4496398762,,0,1,103,,301573,300008.021122846,us,check_quality_intervals,4496097189,66.1116716405335,,,
anomaly_seed86_matrix_03,86,matrix,target_episode,False,missing_frame,timeout,4496843741,,0,1,103,,353978,300008.021122846,us,check_quality_intervals,4496489763,66.55666021613129,,,
anomaly_seed86_matrix_03,86,matrix,target_episode,False,missing_frame,timeout,4497189085,,0,1,103,,301331,300008.021122846,us,check_quality_intervals,4496887754,66.9020116476627,,,
anomaly_seed86_matrix_03,86,matrix,target_episode,False,missing_frame,timeout,4497596741,,0,1,103,,308554,300008.021122846,us,check_quality_intervals,4497288187,67.30967642009934,,,
anomaly_seed86_matrix_03,86,matrix,target_episode,False,missing_frame,timeout,4498035317,,0,1,103,,336575,300008.021122846,us,check_quality_intervals,4497698742,67.74826185790928,,,
anomaly_seed86_matrix_03,86,matrix,target_episode,False,missing_frame,timeout,4498395061,,0,1,103,,306746,300008.021122846,us,check_quality_intervals,4498088315,68.10801359931739,,,
anomaly_seed86_matrix_03,86,matrix,target_episode,False,missing_frame,timeout,4498842293,,0,1,103,,342568,300008.021122846,us,check_quality_intervals,4498499725,68.55525522339762,,,
anomaly_seed86_matrix_03,86,matrix,target_episode,False,missing_frame,timeout,4499204294,,0,1,103,,310130,300008.021122846,us,check_quality_intervals,4498894164,68.91726401337469,,,
anomaly_seed86_matrix_03,86,matrix,target_episode,False,missing_frame,timeout,4499598706,,0,1,103,,307400,300008.021122846,us,check_quality_intervals,4499291306,69.3116845008102,,,
anomaly_seed86_matrix_03,86,matrix,target_episode,False,missing_frame,timeout,4500036130,,0,1,103,,335426,300008.021122846,us,check_quality_intervals,4499700704,69.7491179138311,,,
anomaly_seed86_matrix_03,86,matrix,target_episode,False,missing_frame,timeout,4500398272,,0,1,103,,308574,300008.021122846,us,check_quality_intervals,4500089698,70.1112677068419,,,
anomaly_seed86_matrix_03,86,matrix,target_episode,False,missing_frame,timeout,4500816829,,0,1,103,,327717,300008.021122846,us,check_quality_intervals,4500489112,70.52983371385913,,,
anomaly_seed86_matrix_03,86,matrix,target_episode,False,missing_frame,timeout,4501202679,,0,1,103,,309994,300008.021122846,us,check_quality_intervals,4500892685,70.91569201704716,,,
anomaly_seed86_matrix_03,86,matrix,target_episode,False,missing_frame,timeout,4505516829,,0,1,103,,307802,300008.021122846,us,check_quality_intervals,4505209027,75.22993485416036,,,
anomaly_seed86_matrix_03,86,matrix,target_episode,False,period_violation,period,4506308587,,0,1,103,30242,1099560,"{""min"": 70001.87159533074, ""max"": 130003.47581989993}",us,check_quality_intervals,,76.02170989216977,,,
anomaly_seed86_matrix_03,86,matrix,target_episode,False,statistical_deviation,three_sigma,4506308587,,0,1,103,30242,1099560,"{""mean"": 100002.67370761534, ""std"": 6280.035569353389, ""sigma"": 3.0}",us,check_quality_intervals,,76.02170989216977,,,
anomaly_seed86_matrix_03,86,matrix,target_recovery,False,frequency_decrease,frequency,4506337829,,0,1,103,,1,"{""min"": 4.999866318193494, ""max"": 14.999598954580481}",frames/window,check_quality_intervals,,76.05095252143421,4505337829,4506337829,
anomaly_seed86_matrix_03,86,matrix,background_candidate,False,statistical_deviation,three_sigma,4509982942,,0,1,1876,30646,116418,"{""mean"": 100000.41523068369, ""std"": 4651.128786040787, ""sigma"": 3.0}",us,check_quality_intervals,,79.69614396139708,,,
anomaly_seed86_matrix_03,86,matrix,target_episode,False,missing_frame,timeout,4510516829,,0,1,103,,304311,300008.021122846,us,check_quality_intervals,4510212518,80.2300424502257,,,
anomaly_seed86_matrix_03,86,matrix,target_episode,False,frequency_decrease,frequency,4511337829,,0,1,103,,0,"{""min"": 4.999866318193494, ""max"": 14.999598954580481}",frames/window,check_quality_intervals,,81.05106011749955,4510337829,4511337829,
anomaly_seed86_matrix_03,86,matrix,target_episode,False,period_violation,period,4515310847,,0,1,103,31185,5098329,"{""min"": 70001.87159533074, ""max"": 130003.47581989993}",us,check_quality_intervals,,85.02416361372008,,,
anomaly_seed86_matrix_03,86,matrix,target_episode,False,statistical_deviation,three_sigma,4515310847,,0,1,103,31185,5098329,"{""mean"": 100002.67370761534, ""std"": 6280.035569353389, ""sigma"": 3.0}",us,check_quality_intervals,,85.02416361372008,,,
anomaly_seed86_matrix_03,86,matrix,target_episode,False,period_violation,period,4520288820,,0,1,257,31736,30010,"{""min"": 69996.82062256812, ""max"": 129994.09544191223}",us,check_quality_intervals,,90.00224373578173,,,
anomaly_seed86_matrix_03,86,matrix,target_episode,False,statistical_deviation,three_sigma,4520288820,,0,1,257,31736,30010,"{""mean"": 99995.45803224017, ""std"": 6459.73935805271, ""sigma"": 3.0}",us,check_quality_intervals,,90.00224373578173,,,
anomaly_seed86_matrix_03,86,matrix,target_episode,False,period_violation,period,4525290720,,0,1,257,32288,30468,"{""min"": 69996.82062256812, ""max"": 129994.09544191223}",us,check_quality_intervals,,95.00425137273378,,,
anomaly_seed86_matrix_03,86,matrix,target_episode,False,statistical_deviation,three_sigma,4525290720,,0,1,257,32288,30468,"{""mean"": 99995.45803224017, ""std"": 6459.73935805271, ""sigma"": 3.0}",us,check_quality_intervals,,95.00425137273378,,,
anomaly_seed86_matrix_03,86,matrix,target_episode,False,burst,burst,4525325696,,0,1,257,32294,4,"{""min_frames"": 4, ""max_interval_us"": 24998.864508060044}",frames,check_quality_intervals,,95.03922812538968,,,
anomaly_seed86_matrix_03,86,matrix,target_episode,False,frequency_increase,frequency,4526337829,,0,1,257,,25,"{""min"": 5.0002271087031955, ""max"": 15.000681326109586}",frames/window,check_quality_intervals,,96.05138290569553,4525337829,4526337829,
anomaly_seed86_matrix_03,86,matrix,target_episode,False,unknown_id,dbc,4533290565,,0,1,2045,33190,2045,ID in DBC or baseline,,check_quality_intervals,,103.00426852310311,,,
anomaly_seed86_matrix_03,86,matrix,target_episode,False,unknown_id,dbc,4538290365,,0,1,2045,33745,2045,ID in DBC or baseline,,check_quality_intervals,,108.0041761148642,,,
anomaly_seed86_matrix_03,86,matrix,target_episode,False,dlc_mismatch,dbc,4546290347,,0,1,6,34635,1,2,bytes,check_quality_intervals,,116.00433026818165,,,
anomaly_seed86_matrix_03,86,matrix,target_episode,False,signal_out_of_range,dbc,4562291066,,0,1,6,36362,101.0,"{""min"": -100, ""max"": 100}",%,check_quality_intervals,,132.0053935910627,,,AccuFunSpeedIncrease
anomaly_seed86_matrix_03,86,matrix,target_episode,False,signal_out_of_range,dbc,4570289939,,0,1,6,37233,-101.0,"{""min"": -100, ""max"": 100}",%,check_quality_intervals,,140.00443872051554,,,AccuFunSpeedIncrease
anomaly_seed86_matrix_03,86,matrix,target_episode,False,signal_out_of_range,dbc,4578290640,,0,1,6,38122,110.0,"{""min"": -100, ""max"": 100}",%,check_quality_intervals,,148.00531188930498,,,AccuFunSpeedIncrease
anomaly_seed86_matrix_03,86,matrix,outside_run,False,missing_frame,timeout,4590499829,,0,1,1825,,316821,300006.3535297381,us,check_quality_intervals,4590183008,160.21476362144458,,,
anomaly_seed86_matrix_03,86,matrix,outside_run,False,missing_frame,timeout,4590499829,,0,1,1877,,300314,299995.3790994995,us,check_quality_intervals,4590199515,160.21476362144458,,,
anomaly_seed86_matrix_03,86,matrix,outside_run,False,missing_frame,timeout,4590599829,,0,1,103,,392733,300008.021122846,us,check_quality_intervals,4590207096,160.31476577336534,,,
anomaly_seed86_matrix_03,86,matrix,outside_run,False,missing_frame,timeout,4590599829,,0,1,257,,330314,299986.37409672054,us,check_quality_intervals,4590269515,160.31476577336534,,,
anomaly_seed86_matrix_03,86,matrix,outside_run,False,missing_frame,timeout,4590599829,,0,1,457,,367306,299997.2784880487,us,check_quality_intervals,4590232523,160.31476577336534,,,
anomaly_seed86_matrix_03,86,matrix,outside_run,False,missing_frame,timeout,4590599829,,0,1,1024,,325745,299990.6181211786,us,check_quality_intervals,4590274084,160.31476577336534,,,
anomaly_seed86_matrix_03,86,matrix,outside_run,False,missing_frame,timeout,4590599829,,0,1,1876,,329735,300001.2456920511,us,check_quality_intervals,4590270094,160.31476577336534,,,
anomaly_seed86_matrix_03,86,matrix,outside_run,False,missing_frame,timeout,4590799829,,0,1,1039,,692732,599991.2436040046,us,check_quality_intervals,4590107097,160.51477007720777,,,
anomaly_seed86_matrix_03,86,matrix,outside_run,False,frequency_decrease,frequency,4591337829,,0,1,103,,0,"{""min"": 4.999866318193494, ""max"": 14.999598954580481}",frames/window,check_quality_intervals,,161.05278165454487,4590337829,4591337829,
anomaly_seed86_matrix_03,86,matrix,outside_run,False,frequency_decrease,frequency,4591337829,,0,1,257,,0,"{""min"": 5.0002271087031955, ""max"": 15.000681326109586}",frames/window,check_quality_intervals,,161.05278165454487,4590337829,4591337829,
anomaly_seed86_matrix_03,86,matrix,outside_run,False,frequency_decrease,frequency,4591337829,,0,1,457,,0,"{""min"": 5.000045358944004, ""max"": 15.000136076832014}",frames/window,check_quality_intervals,,161.05278165454487,4590337829,4591337829,
anomaly_seed86_matrix_03,86,matrix,outside_run,False,frequency_decrease,frequency,4591337829,,0,1,1024,,0,"{""min"": 5.000156369537158, ""max"": 15.000469108611473}",frames/window,check_quality_intervals,,161.05278165454487,4590337829,4591337829,
anomaly_seed86_matrix_03,86,matrix,outside_run,False,frequency_decrease,frequency,4591337829,,0,1,1039,,0,"{""min"": 2.5000364855157833, ""max"": 7.500109456547349}",frames/window,check_quality_intervals,,161.05278165454487,4590337829,4591337829,
anomaly_seed86_matrix_03,86,matrix,outside_run,False,frequency_decrease,frequency,4591337829,,0,1,1825,,0,"{""min"": 4.999894110080281, ""max"": 14.999682330240844}",frames/window,check_quality_intervals,,161.05278165454487,4590337829,4591337829,
anomaly_seed86_matrix_03,86,matrix,outside_run,False,frequency_decrease,frequency,4591337829,,0,1,1876,,0,"{""min"": 4.999979238552023, ""max"": 14.99993771565607}",frames/window,check_quality_intervals,,161.05278165454487,4590337829,4591337829,
anomaly_seed86_matrix_03,86,matrix,outside_run,False,frequency_decrease,frequency,4591337829,,0,1,1877,,0,"{""min"": 5.000077016194622, ""max"": 15.000231048583865}",frames/window,check_quality_intervals,,161.05278165454487,4590337829,4591337829,
anomaly_seed86_matrix_03,86,matrix,outside_run,False,frequency_decrease,frequency,4591337829,,0,1,2026,,0,"{""min"": 6.242847807724772e-05, ""max"": 2.0000624284780772}",frames/window,check_quality_intervals,,161.05278165454487,4590337829,4591337829,
